timestamp,screen_x,screen_y,direction,h_ratio,v_ratio
1779108060.5295,884,397,Center,0.4606,0.368
1779108060.5756,883,412,Center,0.4601,0.3816
1779108060.6166,903,418,Center,0.4707,0.3875
1779108060.6506,912,415,Center,0.4755,0.3849
1779108060.6913,918,410,Center,0.4782,0.3798
1779108060.7284,928,407,Center,0.4835,0.3774
1779108060.766,938,398,Center,0.4887,0.369
1779108060.8064,936,387,Center,0.4876,0.3584
1779108060.8419,934,380,Center,0.4868,0.3523
1779108060.8784,933,376,Center,0.4863,0.3491
1779108061.1648,933,374,Center,0.4862,0.3463
1779108061.2054,933,370,Center,0.4864,0.3434
1779108061.2474,921,364,Center,0.48,0.3373
1779108061.285,909,357,Center,0.4737,0.3308
1779108061.3215,897,349,Center,0.4675,0.3239
1779108061.3641,900,357,Center,0.4691,0.3313
1779108061.4047,903,350,Center,0.4705,0.3243
1779108061.4484,918,346,Center,0.4784,0.3206
1779108061.5952,933,331,Center,0.486,0.3072
1779108061.6359,944,356,Center,0.4922,0.3301
1779108061.6759,951,348,Center,0.4954,0.3224
1779108061.7151,973,339,Center,0.5069,0.3146
1779108061.7504,1000,354,Center,0.5211,0.3287
1779108061.7854,1011,354,Center,0.5266,0.3285
1779108061.8242,1017,324,Center,0.5298,0.3004
1779108061.8588,994,316,Center,0.5182,0.2927
1779108061.9013,950,341,Center,0.4949,0.3158
1779108061.9451,900,344,Center,0.4688,0.3186
1779108061.9889,868,374,Center,0.4524,0.3466
1779108062.0357,845,415,Center,0.4401,0.3846
1779108062.0764,835,413,Center,0.4353,0.383
1779108062.1171,805,397,Center,0.4197,0.3684
1779108062.1652,805,397,Center,0.4197,0.3684
1779108062.2053,814,315,Center,0.4242,0.2918
1779108062.2467,815,232,Center,0.4246,0.2149
1779108062.2872,779,143,Center,0.406,0.1329
1779108062.3834,761,83,Left,0.3969,0.0774
1779108062.4395,775,23,Center,0.4036,0.0217
1779108062.4886,748,33,Left,0.3901,0.031
1779108062.5547,666,103,Left,0.347,0.0955
1779108062.6125,608,166,Left,0.3169,0.1541
1779108062.6656,524,254,Left,0.2733,0.2356
1779108062.7323,449,329,Left,0.234,0.3055
1779108062.7775,415,372,Left,0.2166,0.345
1779108062.8506,423,376,Left,0.2208,0.3489
1779108062.9252,443,357,Left,0.2311,0.3306
1779108062.9668,485,323,Left,0.2527,0.2995
1779108063.0104,513,313,Left,0.2673,0.2905
1779108063.0512,502,326,Left,0.2617,0.302
1779108063.0868,528,333,Left,0.2753,0.3092
1779108063.1284,543,342,Left,0.283,0.3174
1779108063.1656,548,366,Left,0.2858,0.339
1779108063.2106,538,382,Left,0.2804,0.3542
1779108063.2503,545,388,Left,0.2839,0.3596
1779108063.2855,503,395,Left,0.2624,0.3665
1779108063.3572,508,373,Left,0.2649,0.3459
1779108063.3973,510,343,Left,0.2661,0.3176
1779108063.4359,526,338,Left,0.274,0.3131
1779108063.5086,565,301,Left,0.2944,0.2796
1779108063.5462,637,251,Left,0.3321,0.2328
1779108063.5832,668,207,Left,0.3484,0.1922
1779108063.6227,797,207,Center,0.4155,0.1925
1779108063.6583,879,207,Center,0.4578,0.192
1779108063.6963,902,268,Center,0.4701,0.249
1779108063.7284,924,312,Center,0.4815,0.2889
1779108063.7695,945,392,Center,0.4924,0.363
1779108063.8088,872,447,Center,0.4544,0.4141
1779108063.8465,864,449,Center,0.4501,0.4164
1779108063.8846,854,448,Center,0.4448,0.4154
1779108063.9264,849,476,Center,0.4426,0.4411
1779108063.9661,837,483,Center,0.4361,0.4473
1779108064.0086,824,468,Center,0.4295,0.4342
1779108064.0443,795,473,Center,0.4144,0.4385
1779108064.0823,790,460,Center,0.4119,0.4268
1779108064.1213,769,428,Center,0.4009,0.3964
1779108064.1621,773,448,Center,0.403,0.4154
1779108064.2077,772,460,Center,0.4022,0.4263
1779108064.2438,776,472,Center,0.4046,0.4371
1779108064.2803,772,460,Center,0.4025,0.4267
1779108064.3214,792,465,Center,0.4126,0.4307
1779108064.3594,781,445,Center,0.4068,0.4129
1779108064.3999,778,417,Center,0.4056,0.3869
1779108064.4396,773,402,Center,0.4029,0.3723
1779108064.4782,776,430,Center,0.4045,0.3983
1779108064.5144,762,436,Left,0.3972,0.4044
1779108064.5544,787,451,Center,0.41,0.4181
1779108064.5894,812,468,Center,0.4233,0.4337
1779108064.63,825,479,Center,0.43,0.4444
1779108064.671,843,480,Center,0.4395,0.4445
1779108064.7051,854,499,Center,0.4451,0.4628
1779108064.7773,846,508,Center,0.4411,0.4709
1779108064.8185,827,522,Center,0.4312,0.484
1779108064.8575,822,524,Center,0.4285,0.4855
1779108064.8934,821,520,Center,0.4281,0.482
1779108064.9315,818,504,Center,0.4265,0.4668
1779108064.9681,832,481,Center,0.4338,0.446
1779108065.0126,852,462,Center,0.4443,0.4286
1779108065.0482,872,451,Center,0.4545,0.4178
1779108065.0562,874,442,Center,0.4556,0.41
1779108065.0647,891,439,Center,0.4644,0.4068
1779108065.1253,885,439,Center,0.4612,0.4065
1779108065.1353,879,439,Center,0.458,0.4072
1779108065.1939,879,424,Center,0.4579,0.3928
1779108065.2019,878,408,Center,0.4578,0.3783
1779108065.2287,876,427,Center,0.4563,0.3958
1779108065.2608,883,409,Center,0.4601,0.3796
1779108065.2954,886,388,Center,0.4617,0.3593
1779108065.3285,882,406,Center,0.4595,0.3766
1779108065.3636,878,419,Center,0.4578,0.3888
1779108065.3972,887,393,Center,0.4624,0.3645
1779108065.4307,895,399,Center,0.4664,0.3696
1779108065.4633,889,401,Center,0.4631,0.3718
1779108065.5123,902,368,Center,0.47,0.3415
1779108065.5303,914,341,Center,0.4766,0.3162
1779108065.5634,913,317,Center,0.4757,0.2942
1779108065.5984,908,299,Center,0.4733,0.2772
1779108065.6327,912,292,Center,0.4752,0.2704
1779108065.6649,909,296,Center,0.4736,0.275
1779108065.6995,903,300,Center,0.4706,0.2782
1779108065.7325,899,305,Center,0.4685,0.2829
1779108065.7685,882,308,Center,0.4598,0.2856
1779108065.8013,876,308,Center,0.4567,0.2852
1779108065.8403,868,302,Center,0.4524,0.28
1779108065.869,866,330,Center,0.4512,0.3063
1779108065.906,867,354,Center,0.4516,0.3286
1779108065.9373,877,379,Center,0.4573,0.3509
1779108065.9722,886,403,Center,0.4619,0.3733
1779108066.0064,885,432,Center,0.4613,0.4001
1779108066.0415,880,428,Center,0.4586,0.3966
1779108066.074,874,427,Center,0.4553,0.3957
1779108066.1085,886,424,Center,0.4617,0.3928
1779108066.1426,890,419,Center,0.4639,0.3885
1779108066.1767,886,412,Center,0.4617,0.3818
1779108066.21,905,403,Center,0.4717,0.3737
1779108066.2447,919,395,Center,0.4791,0.3659
1779108066.2803,915,388,Center,0.4768,0.3595
1779108066.3109,918,382,Center,0.4786,0.3541
1779108066.3455,927,379,Center,0.4828,0.351
1779108066.3797,912,376,Center,0.4753,0.349
1779108066.4139,903,375,Center,0.4707,0.3472
1779108066.4478,897,372,Center,0.4674,0.3451
1779108066.4827,899,369,Center,0.4684,0.3417
1779108066.5173,891,364,Center,0.4646,0.3372
1779108066.5496,888,358,Center,0.4629,0.3318
1779108066.5837,889,352,Center,0.4634,0.3262
1779108066.6188,879,345,Center,0.4581,0.32
1779108066.6531,865,339,Center,0.4507,0.3142
1779108066.6876,867,332,Center,0.4516,0.3081
1779108066.7223,866,326,Center,0.4512,0.302
1779108066.7543,862,319,Center,0.4494,0.2956
1779108066.7885,871,312,Center,0.4537,0.2897
1779108066.8245,879,344,Center,0.458,0.3188
1779108066.8574,886,375,Center,0.4615,0.3481
1779108066.8924,892,407,Center,0.4647,0.377
1779108066.927,897,439,Center,0.4675,0.4071
1779108066.9603,901,471,Center,0.4698,0.4369
1779108066.9944,903,467,Center,0.4708,0.4329
1779108067.0307,904,463,Center,0.4711,0.429
1779108067.0624,904,460,Center,0.4708,0.4262
1779108067.0967,903,455,Center,0.4704,0.4222
1779108067.1333,902,451,Center,0.4698,0.4185
1779108067.1656,900,448,Center,0.4689,0.4149
1779108067.2006,897,445,Center,0.4675,0.4121
1779108067.234,894,442,Center,0.4656,0.4099
1779108067.2699,888,439,Center,0.463,0.407
1779108067.3048,882,435,Center,0.4598,0.4033
1779108067.3375,876,430,Center,0.4568,0.3984
1779108067.3747,871,424,Center,0.4537,0.3927
1779108067.4052,865,417,Center,0.4508,0.3864
1779108067.4387,858,401,Center,0.4469,0.3714
1779108067.5444,873,316,Center,0.4552,0.2932
1779108067.5845,911,273,Center,0.4749,0.2529
1779108067.6246,950,190,Center,0.4951,0.1768
1779108067.6636,976,161,Center,0.5084,0.1494
1779108067.7086,999,151,Center,0.5203,0.1403
1779108067.7397,1005,228,Center,0.5235,0.2118
1779108067.7753,989,219,Center,0.5153,0.2034
1779108068.1465,966,300,Center,0.5034,0.2785
1779108068.1815,949,326,Center,0.4947,0.3026
1779108068.2206,928,347,Center,0.4836,0.3217
1779108068.2614,910,332,Center,0.4743,0.3081
1779108068.2985,888,358,Center,0.4629,0.3318
1779108068.3379,873,325,Center,0.4549,0.3013
1779108068.379,871,326,Center,0.4539,0.3025
1779108068.4185,878,315,Center,0.4574,0.2922
1779108068.4585,885,319,Center,0.4614,0.2957
1779108068.5,887,322,Center,0.4624,0.2984
1779108068.5386,886,373,Center,0.4615,0.3454
1779108068.5786,874,385,Center,0.4553,0.3568
1779108068.6196,862,406,Center,0.4493,0.3762
1779108068.6542,840,430,Center,0.4377,0.3987
1779108068.6965,827,462,Center,0.4312,0.428
1779108068.7334,820,454,Center,0.4272,0.4207
1779108068.7701,830,451,Center,0.4324,0.4182
1779108068.8146,847,450,Center,0.4414,0.4169
1779108068.8533,854,448,Center,0.4449,0.4153
1779108068.8903,865,446,Center,0.4508,0.4138
1779108068.9313,880,445,Center,0.4586,0.412
1779108068.9704,884,444,Center,0.4609,0.4115
1779108069.0065,885,443,Center,0.4611,0.4106
1779108069.0466,889,422,Center,0.4634,0.3917
1779108069.0836,891,414,Center,0.4645,0.3838
1779108069.1215,892,366,Center,0.4647,0.3395
1779108069.1622,892,321,Center,0.4649,0.298
1779108069.2037,892,280,Center,0.4651,0.2593
1779108069.2368,901,259,Center,0.4694,0.2403
1779108069.277,909,232,Center,0.4738,0.2151
1779108069.315,916,257,Center,0.4773,0.2385
1779108069.3556,921,289,Center,0.4798,0.2681
1779108069.3946,924,322,Center,0.4817,0.2983
1779108069.4318,929,355,Center,0.4843,0.3289
1779108069.4693,934,384,Center,0.4868,0.356
1779108069.5133,941,362,Center,0.4905,0.336
1779108069.554,951,340,Center,0.4955,0.3157
1779108069.59,936,320,Center,0.4877,0.2969
1779108069.6295,935,301,Center,0.4872,0.2795
1779108069.6636,938,282,Center,0.4887,0.2614
1779108069.7051,944,304,Center,0.4919,0.2819
1779108069.7472,936,320,Center,0.4878,0.2969
1779108069.7828,962,334,Center,0.501,0.3095
1779108069.8229,959,356,Center,0.4997,0.3301
1779108069.8589,949,346,Center,0.4944,0.321
1779108069.8935,913,367,Center,0.4759,0.3407
1779108069.9395,898,313,Center,0.4678,0.2902
1779108069.9736,847,308,Center,0.4414,0.2858
1779108070.0127,808,270,Center,0.4211,0.2506
1779108070.0509,774,270,Center,0.4031,0.2506
1779108070.0894,758,238,Left,0.3951,0.2209
1779108070.1281,734,280,Left,0.3826,0.2598
1779108070.1396,736,270,Left,0.3837,0.2503
1779108070.1923,738,299,Left,0.3848,0.2771
1779108070.2263,777,314,Center,0.4049,0.2915
1779108070.2699,803,319,Center,0.4182,0.2961
1779108070.3135,829,318,Center,0.4318,0.2953
1779108070.3215,855,318,Center,0.4454,0.2945
1779108070.366,880,327,Center,0.4586,0.3028
1779108070.4045,878,355,Center,0.4577,0.3289
1779108070.443,872,393,Center,0.4545,0.3647
1779108070.488,867,423,Center,0.4517,0.392
1779108070.5241,871,447,Center,0.4537,0.4141
1779108070.5623,877,437,Center,0.4572,0.4054
1779108070.6025,870,418,Center,0.4535,0.3874
1779108070.6396,881,396,Center,0.4593,0.3675
1779108070.6506,891,389,Center,0.4642,0.3604
1779108070.7126,881,382,Center,0.4591,0.3541
1779108070.7447,869,366,Center,0.4528,0.3397
1779108070.7836,867,374,Center,0.452,0.3468
1779108070.8212,860,373,Center,0.4483,0.3459
1779108070.8576,848,367,Center,0.4419,0.3402
1779108070.9021,857,364,Center,0.4464,0.3374
1779108070.9387,861,374,Center,0.4486,0.3463
1779108070.9742,870,356,Center,0.4533,0.3303
1779108071.0142,881,345,Center,0.4591,0.3198
1779108071.0507,895,337,Center,0.4666,0.3127
1779108071.0897,897,331,Center,0.4676,0.3067
1779108071.1293,901,326,Center,0.4696,0.302
1779108071.1643,887,319,Center,0.4623,0.2957
1779108071.2005,871,314,Center,0.454,0.2909
1779108071.2075,857,310,Center,0.4467,0.2875
1779108071.2495,854,306,Center,0.445,0.2842
1779108071.2905,853,303,Center,0.4446,0.2814
1779108071.3337,855,305,Center,0.4457,0.2833
1779108071.3732,861,308,Center,0.4487,0.2856
1779108071.4092,867,311,Center,0.4517,0.2882
1779108071.4492,863,314,Center,0.4496,0.2911
1779108071.4592,859,316,Center,0.4477,0.2934
1779108071.5283,853,315,Center,0.4447,0.2917
1779108071.5664,860,313,Center,0.4484,0.2899
1779108071.6084,864,313,Center,0.4505,0.2906
1779108071.6441,865,317,Center,0.451,0.2942
1779108071.6876,865,324,Center,0.4506,0.3004
1779108071.7272,882,340,Center,0.4598,0.3153
1779108071.7663,887,365,Center,0.462,0.3383
1779108071.8073,893,364,Center,0.4655,0.3378
1779108071.8454,903,368,Center,0.4704,0.3411
1779108071.8907,914,374,Center,0.4762,0.3463
1779108071.9262,910,375,Center,0.4743,0.3481
1779108071.9636,909,350,Center,0.4739,0.3248
1779108072.0016,913,361,Center,0.4758,0.3346
1779108072.0429,922,367,Center,0.4803,0.3401
1779108072.0838,919,375,Center,0.479,0.348
1779108072.1252,909,380,Center,0.4738,0.352
1779108072.1643,902,402,Center,0.4703,0.3727
1779108072.2033,895,410,Center,0.4666,0.3803
1779108072.2443,873,415,Center,0.4549,0.3849
1779108072.2851,865,412,Center,0.4506,0.3824
1779108072.3232,867,409,Center,0.4519,0.3793
1779108072.3641,866,405,Center,0.4515,0.3755
1779108072.4043,863,400,Center,0.4499,0.3712
1779108072.4475,873,396,Center,0.4548,0.3672
1779108072.4892,880,391,Center,0.4586,0.3625
1779108072.5263,885,386,Center,0.4611,0.3578
1779108072.5713,889,382,Center,0.4635,0.3539
1779108072.6109,893,379,Center,0.4652,0.351
1779108072.6526,895,373,Center,0.4663,0.3463
1779108072.6952,896,366,Center,0.4669,0.3398
1779108072.7293,896,357,Center,0.4672,0.3308
1779108072.7702,895,345,Center,0.4667,0.3202
1779108072.8033,895,333,Center,0.4663,0.309
1779108072.8378,894,324,Center,0.4657,0.3001
1779108072.8799,892,317,Center,0.4648,0.294
1779108072.9234,886,313,Center,0.4619,0.2906
1779108072.9594,915,310,Center,0.4768,0.2872
1779108073.0034,950,305,Center,0.4951,0.2833
1779108073.0405,1008,300,Center,0.5253,0.2779
1779108073.0505,1067,294,Center,0.5561,0.2728
1779108073.1171,1121,321,Center,0.5842,0.2979
1779108073.1552,1138,351,Center,0.593,0.3251
1779108073.1903,1146,382,Center,0.5972,0.354
1779108073.2324,1129,414,Center,0.5884,0.3841
1779108073.2735,1111,416,Center,0.5787,0.3858
1779108073.3112,1099,388,Center,0.5729,0.3594
1779108073.3484,1076,363,Center,0.5609,0.337
1779108073.3874,1041,342,Center,0.5422,0.3171
1779108073.4286,992,322,Center,0.5169,0.2989
1779108073.4646,945,334,Center,0.4926,0.3093
1779108073.5077,901,343,Center,0.4693,0.3185
1779108073.5167,871,349,Center,0.4537,0.3235
1779108073.5563,856,353,Center,0.4461,0.3278
1779108073.5949,856,356,Center,0.4463,0.3305
1779108073.6354,857,362,Center,0.4464,0.336
1779108073.6774,857,368,Center,0.4464,0.3417
1779108073.7171,856,375,Center,0.4459,0.3479
1779108073.7577,853,381,Center,0.4444,0.3529
1779108073.7952,849,387,Center,0.4422,0.3585
1779108073.8028,844,389,Center,0.4401,0.361
1779108073.8672,874,382,Center,0.4555,0.3542
1779108073.8762,904,374,Center,0.4713,0.3468
1779108073.9004,929,361,Center,0.4841,0.3343
1779108073.9345,976,376,Center,0.5085,0.3489
1779108073.97,1020,389,Center,0.5313,0.3603
1779108074.0005,1026,404,Center,0.5345,0.3749
1779108074.0356,1028,419,Center,0.5358,0.3887
1779108074.0691,1038,440,Center,0.5409,0.4082
1779108074.1016,1025,435,Center,0.534,0.4031
1779108074.1372,981,401,Center,0.5111,0.3718
1779108074.1722,936,376,Center,0.4879,0.3484
1779108074.2063,892,354,Center,0.4651,0.328
1779108074.2383,859,329,Center,0.4475,0.3052
1779108074.2723,837,301,Center,0.4361,0.2791
1779108074.3072,840,305,Center,0.438,0.2826
1779108074.3397,844,306,Center,0.4397,0.2842
1779108074.3739,863,307,Center,0.4496,0.2847
1779108074.4086,871,309,Center,0.4541,0.2869
1779108074.4437,866,312,Center,0.4515,0.289
1779108074.5103,879,315,Center,0.4581,0.292
1779108074.5203,897,318,Center,0.4673,0.2945
1779108074.6027,884,322,Center,0.4605,0.2985
1779108074.6424,877,330,Center,0.457,0.3061
1779108074.6524,874,339,Center,0.4554,0.3141
1779108074.6839,857,358,Center,0.4465,0.3319
1779108074.7485,843,382,Center,0.4392,0.3539
1779108074.7844,842,407,Center,0.4388,0.3777
1779108074.8235,833,399,Center,0.4339,0.3702
1779108074.8661,835,395,Center,0.435,0.3666
1779108074.9087,840,380,Center,0.4376,0.3528
1779108074.9448,841,362,Center,0.4385,0.3353
1779108074.9848,848,338,Center,0.442,0.3138
1779108075.3712,858,345,Center,0.4474,0.3196
1779108075.4166,858,347,Center,0.4471,0.3217
1779108075.4874,861,350,Center,0.4487,0.3241
1779108075.4964,864,351,Center,0.4503,0.3257
1779108075.532,855,347,Center,0.4457,0.3214
1779108075.5679,849,333,Center,0.4427,0.3085
1779108075.6024,847,349,Center,0.4416,0.3234
1779108075.6334,847,360,Center,0.4416,0.3339
1779108075.668,850,370,Center,0.443,0.3434
1779108075.7031,867,386,Center,0.4517,0.3581
1779108075.7672,883,413,Center,0.4601,0.383
1779108075.8022,894,410,Center,0.466,0.3799
1779108075.8454,879,410,Center,0.4583,0.3801
1779108075.8842,868,411,Center,0.4522,0.3812
1779108075.9251,866,409,Center,0.4511,0.379
1779108075.9668,863,403,Center,0.4497,0.3736
1779108076.0034,851,396,Center,0.4433,0.3667
1779108076.0095,861,389,Center,0.4484,0.3603
1779108076.0408,869,381,Center,0.4529,0.3535
1779108076.0744,867,377,Center,0.4521,0.3495
1779108076.1093,864,374,Center,0.4501,0.3469
1779108076.1735,871,371,Center,0.4542,0.344
1779108076.2096,880,367,Center,0.4584,0.3407
1779108076.2506,884,364,Center,0.4606,0.3376
1779108076.2883,887,361,Center,0.4623,0.3351
1779108076.3237,890,359,Center,0.4636,0.333
1779108076.3332,891,359,Center,0.4643,0.3326
1779108076.3788,891,357,Center,0.4645,0.3312
1779108076.4135,891,356,Center,0.4645,0.3298
1779108076.4496,891,354,Center,0.4642,0.3285
1779108076.4872,891,353,Center,0.4642,0.3271
1779108076.5284,891,349,Center,0.4644,0.3239
1779108076.5645,891,347,Center,0.4641,0.3217
1779108076.6045,889,345,Center,0.4631,0.3199
1779108077.0115,887,343,Center,0.4623,0.3181
1779108077.0526,885,342,Center,0.4611,0.3172
1779108077.0906,883,342,Center,0.4601,0.3174
1779108077.1283,882,339,Center,0.4594,0.3143
1779108077.1745,880,331,Center,0.4587,0.3071
1779108077.2091,882,320,Center,0.4595,0.2966
1779108077.2506,887,341,Center,0.4622,0.3158
1779108077.2877,894,360,Center,0.4657,0.3337
1779108077.3263,875,380,Center,0.4562,0.3521
1779108077.3714,860,403,Center,0.4482,0.3739
1779108077.4064,846,429,Center,0.4411,0.3976
1779108077.4449,836,418,Center,0.4359,0.3874
1779108077.481,816,408,Center,0.4251,0.3778
1779108077.5221,826,400,Center,0.4306,0.3709
1779108077.5602,841,394,Center,0.4383,0.3656
1779108077.5997,855,390,Center,0.4457,0.3618
1779108077.6358,864,390,Center,0.4503,0.3615
1779108077.6733,884,390,Center,0.4607,0.3617
1779108077.7154,903,389,Center,0.4706,0.361
1779108077.7555,917,386,Center,0.478,0.3578
1779108077.7652,928,382,Center,0.4835,0.3546
1779108077.7742,936,379,Center,0.4879,0.351
1779108077.8366,929,376,Center,0.4843,0.3482
1779108077.8745,918,376,Center,0.4785,0.3488
1779108077.9124,906,380,Center,0.4722,0.3519
1779108077.9564,909,382,Center,0.4735,0.3541
1779108077.9926,908,353,Center,0.473,0.3275
1779108078.0343,919,309,Center,0.4788,0.2863
1779108078.0735,928,245,Center,0.4835,0.2276
1779108078.0815,937,181,Center,0.4881,0.1678
1779108078.1432,931,103,Center,0.4851,0.0962
1779108078.1808,889,57,Center,0.4633,0.0534
1779108078.2249,872,28,Center,0.4545,0.0267
1779108078.261,856,15,Center,0.4459,0.0141
1779108078.2974,838,1,Center,0.4366,0.0014
1779108078.3433,820,1,Center,0.4271,0.0014
1779108078.3831,857,1,Center,0.4468,0.0014
1779108078.4166,880,11,Center,0.4587,0.0104
1779108078.4558,909,56,Center,0.4735,0.0526
1779108078.4934,939,118,Center,0.4891,0.11
1779108078.5285,961,188,Center,0.5006,0.1747
1779108078.9065,958,228,Center,0.4992,0.2118
1779108078.9432,951,287,Center,0.4954,0.2666
1779108078.9813,934,273,Center,0.4869,0.2533
1779108079.019,932,233,Center,0.4856,0.2165
1779108079.0581,920,210,Center,0.4794,0.1945
1779108079.0986,928,213,Center,0.4834,0.198
1779108079.1371,928,185,Center,0.4837,0.1714
1779108079.1721,949,231,Center,0.4944,0.2148
1779108079.2067,942,280,Center,0.4908,0.2596
1779108079.2473,952,309,Center,0.4962,0.2869
1779108079.2859,940,345,Center,0.4901,0.3195
1779108079.3319,930,385,Center,0.4846,0.3573
1779108079.3699,918,389,Center,0.4782,0.3604
1779108079.4095,919,397,Center,0.4787,0.3679
1779108079.4485,913,400,Center,0.476,0.3713
1779108079.4861,926,398,Center,0.4827,0.3686
1779108079.5331,930,389,Center,0.4847,0.3611
1779108079.5743,924,382,Center,0.4813,0.3539
1779108079.6089,918,376,Center,0.4786,0.3488
1779108079.6505,906,361,Center,0.472,0.3345
1779108079.6888,893,380,Center,0.4652,0.3522
1779108079.7323,876,386,Center,0.4567,0.3581
1779108079.7714,874,383,Center,0.4554,0.3549
1779108079.8104,863,374,Center,0.4498,0.3471
1779108079.8472,864,370,Center,0.4502,0.343
1779108079.8887,867,327,Center,0.452,0.3036
1779108079.9273,894,295,Center,0.4657,0.2737
1779108079.9674,907,271,Center,0.4729,0.2517
1779108080.0074,930,254,Center,0.4849,0.2353
1779108080.0469,952,241,Center,0.4962,0.2235
1779108080.0835,961,235,Center,0.5006,0.218
1779108080.127,957,232,Center,0.4989,0.2152
1779108080.167,949,231,Center,0.4945,0.2144
1779108080.204,934,230,Center,0.4866,0.2131
1779108080.2401,932,229,Center,0.4856,0.2124
1779108080.2801,945,232,Center,0.4922,0.2154
1779108080.3178,951,239,Center,0.4953,0.2218
1779108080.3525,948,256,Center,0.4938,0.2373
1779108080.3927,958,279,Center,0.4991,0.2585
1779108080.4314,965,306,Center,0.5027,0.2841
1779108080.4684,957,333,Center,0.4985,0.3087
1779108080.5075,949,360,Center,0.4947,0.3343
1779108080.5483,950,381,Center,0.4949,0.3533
1779108080.5898,940,397,Center,0.4896,0.3683
1779108080.6272,921,412,Center,0.4801,0.3819
1779108080.6664,907,426,Center,0.4724,0.3949
1779108080.7035,899,393,Center,0.4684,0.3643
1779108080.7483,894,362,Center,0.466,0.3352
1779108080.7853,891,331,Center,0.4641,0.3069
1779108080.8221,888,300,Center,0.4628,0.2783
1779108080.8617,886,269,Center,0.4617,0.2492
1779108080.8994,884,283,Center,0.4607,0.2624
1779108080.9387,882,294,Center,0.4597,0.2724
1779108080.9787,881,305,Center,0.459,0.2826
1779108081.0161,880,312,Center,0.4588,0.2897
1779108081.0527,881,318,Center,0.4592,0.2945
1779108081.0956,883,321,Center,0.46,0.2975
1779108081.1337,885,323,Center,0.4614,0.2991
1779108081.1724,888,322,Center,0.4628,0.2985
1779108081.2166,878,327,Center,0.4575,0.3028
1779108081.2578,871,341,Center,0.454,0.3158
1779108081.3032,867,359,Center,0.4518,0.3329
1779108081.3454,853,381,Center,0.4443,0.353
1779108081.3922,842,362,Center,0.439,0.3355
1779108081.4389,854,376,Center,0.4452,0.3484
1779108081.4801,869,343,Center,0.453,0.3182
1779108081.5257,876,324,Center,0.4563,0.3
1779108081.5694,890,288,Center,0.4637,0.2672
1779108081.6147,895,306,Center,0.4666,0.2838
1779108081.6575,902,264,Center,0.47,0.2451
1779108081.7009,882,234,Center,0.4596,0.217
1779108081.7466,871,171,Center,0.4541,0.1584
1779108081.7842,844,171,Center,0.4398,0.159
1779108081.8244,850,146,Center,0.4428,0.1357
1779108081.8374,846,143,Center,0.4406,0.1329
1779108081.8894,864,215,Center,0.4504,0.1995
1779108081.9311,872,303,Center,0.4542,0.2813
1779108081.9784,909,342,Center,0.4736,0.3172
1779108082.0253,903,411,Center,0.4708,0.3811
1779108082.0693,897,469,Center,0.4674,0.4343
1779108082.1094,884,477,Center,0.4606,0.4425
1779108082.1517,896,482,Center,0.4668,0.4469
1779108082.1972,883,485,Center,0.4603,0.4498
1779108082.2398,897,475,Center,0.4677,0.4402
1779108082.2827,921,478,Center,0.4799,0.4427
1779108082.3336,952,481,Center,0.4959,0.4462
1779108082.3732,962,490,Center,0.5011,0.4544
1779108082.4194,959,469,Center,0.4999,0.4348
1779108082.4618,948,443,Center,0.4941,0.4111
1779108082.5063,915,415,Center,0.4768,0.3851
1779108082.5508,888,382,Center,0.4627,0.354
1779108082.5989,858,378,Center,0.4474,0.3504
1779108082.6378,841,403,Center,0.4383,0.3738
1779108082.6778,820,425,Center,0.4272,0.3943
1779108082.7222,825,449,Center,0.4302,0.4165
1779108082.7618,820,478,Center,0.4272,0.4434
1779108082.8054,818,443,Center,0.4264,0.4106
1779108082.8469,815,410,Center,0.4248,0.3798
1779108082.8915,811,381,Center,0.4229,0.3531
1779108082.9357,795,352,Center,0.4141,0.3263
1779108082.9787,778,322,Center,0.4055,0.2986
1779108083.0251,762,327,Left,0.3972,0.3036
1779108083.0657,818,363,Center,0.4264,0.3361
1779108083.1093,866,363,Center,0.4511,0.3364
1779108083.1539,914,354,Center,0.4765,0.3279
1779108083.1624,964,344,Center,0.5021,0.319
1779108083.1829,1019,360,Center,0.531,0.3339
1779108083.253,993,354,Center,0.5175,0.3286
1779108083.2636,975,382,Center,0.508,0.3546
1779108083.2833,936,419,Center,0.4878,0.3888
1779108083.3194,877,458,Center,0.4573,0.4245
1779108083.3494,813,470,Center,0.4236,0.4352
1779108083.3842,772,472,Center,0.4025,0.4376
1779108083.4188,732,475,Left,0.3815,0.44
1779108083.4533,711,477,Left,0.3708,0.4425
1779108083.4864,709,478,Left,0.3697,0.4433
1779108083.5214,707,447,Left,0.3684,0.4142
1779108083.5523,702,416,Left,0.366,0.386
1779108083.5894,696,387,Left,0.363,0.3583
1779108083.6207,705,357,Left,0.3674,0.3314
1779108083.6552,715,330,Left,0.3725,0.3061
1779108083.6884,726,335,Left,0.3782,0.3109
1779108083.7228,754,341,Left,0.3929,0.316
1779108083.7564,783,346,Center,0.4082,0.3211
1779108083.7893,798,352,Center,0.4161,0.3264
1779108083.8217,811,356,Center,0.4226,0.3303
1779108083.8583,822,360,Center,0.4284,0.3335
1779108083.9325,818,362,Center,0.4262,0.3356
1779108083.9668,810,365,Center,0.4223,0.3382
1779108084.0093,799,367,Center,0.4164,0.3401
1779108084.0173,790,369,Center,0.4117,0.3421
1779108084.0654,788,369,Center,0.4107,0.3421
1779108084.0742,787,369,Center,0.4101,0.342
1779108084.0987,788,368,Center,0.4105,0.3408
1779108084.1727,788,365,Center,0.4109,0.3388
1779108084.211,788,364,Center,0.4106,0.3372
1779108084.2572,780,363,Center,0.4065,0.3369
1779108084.2969,771,362,Center,0.402,0.3358
1779108084.339,763,360,Left,0.3977,0.3337
1779108084.3882,757,358,Left,0.3947,0.3315
1779108084.4305,753,355,Left,0.3922,0.3291
1779108084.8052,749,352,Left,0.3905,0.3268
1779108084.8398,746,351,Left,0.3887,0.3254
1779108084.8488,743,350,Left,0.3874,0.3247
1779108084.8763,741,350,Left,0.3859,0.3242
1779108084.9128,746,345,Left,0.3888,0.32
1779108084.9439,754,374,Left,0.393,0.3465
1779108084.9787,755,397,Left,0.3933,0.3684
1779108085.0467,761,416,Left,0.3966,0.3858
1779108085.0884,778,406,Center,0.4054,0.3762
1779108085.1376,790,412,Center,0.4117,0.3821
1779108085.1782,819,346,Center,0.4268,0.3211
1779108085.2151,860,252,Center,0.4481,0.2342
1779108085.2251,895,164,Center,0.4665,0.152
1779108085.2852,926,104,Center,0.4825,0.0971
1779108085.3262,954,53,Center,0.4972,0.0493
1779108085.3689,981,42,Center,0.5113,0.0389
1779108085.4087,1006,92,Center,0.524,0.0853
1779108085.4545,1043,92,Center,0.5436,0.0853
1779108085.4987,1074,95,Center,0.5598,0.0888
1779108085.5412,1090,116,Center,0.5679,0.108
1779108085.5808,1060,131,Center,0.5522,0.1219
1779108085.6273,1028,107,Center,0.5355,0.0994
1779108085.6669,987,184,Center,0.5145,0.1708
1779108085.7155,931,261,Center,0.4852,0.2423
1779108085.7573,897,290,Center,0.4673,0.2691
1779108085.8034,896,324,Center,0.4667,0.3008
1779108085.8512,901,377,Center,0.4695,0.3494
1779108085.8937,898,379,Center,0.4678,0.3517
1779108085.9364,921,355,Center,0.4798,0.3288
1779108085.9756,936,334,Center,0.4877,0.3097
1779108086.0172,948,309,Center,0.4942,0.287
1779108086.0643,942,301,Center,0.4907,0.2793
1779108086.1023,956,285,Center,0.498,0.2642
1779108086.1494,961,281,Center,0.501,0.2608
1779108086.1884,955,284,Center,0.4976,0.2634
1779108086.2312,947,283,Center,0.4935,0.2625
1779108086.2725,952,257,Center,0.4963,0.2382
1779108086.3142,934,235,Center,0.4868,0.2179
1779108086.3577,926,221,Center,0.4824,0.2048
1779108086.3993,932,206,Center,0.4855,0.1915
1779108086.4433,927,199,Center,0.4829,0.1845
1779108086.4874,925,193,Center,0.4819,0.1793
1779108086.5374,914,191,Center,0.4762,0.1775
1779108086.5815,902,195,Center,0.4701,0.1811
1779108086.6162,895,202,Center,0.4662,0.1874
1779108086.6542,891,209,Center,0.4645,0.1937
1779108086.6979,895,213,Center,0.4664,0.1975
1779108086.7364,912,214,Center,0.475,0.1982
1779108086.7833,909,209,Center,0.4735,0.1944
1779108086.8271,902,202,Center,0.47,0.1879
1779108086.8696,899,228,Center,0.4686,0.2114
1779108086.9159,887,228,Center,0.4625,0.2117
1779108086.9596,881,247,Center,0.4591,0.229
1779108087.0106,887,280,Center,0.4625,0.2594
1779108087.0449,893,320,Center,0.4652,0.2964
1779108087.0802,899,333,Center,0.4684,0.3085
1779108087.1232,905,342,Center,0.4718,0.3173
1779108087.1661,910,339,Center,0.4742,0.3148
1779108087.2082,904,323,Center,0.4713,0.2999
1779108087.2443,901,300,Center,0.4698,0.2779
1779108087.2873,896,273,Center,0.467,0.2536
1779108087.3273,897,284,Center,0.4675,0.2634
1779108087.3764,909,299,Center,0.4738,0.2776
1779108087.418,926,328,Center,0.4826,0.3039
1779108087.4627,939,326,Center,0.4894,0.3024
1779108087.5072,942,323,Center,0.4908,0.2993
1779108087.5468,941,321,Center,0.4905,0.298
1779108087.5841,921,315,Center,0.4799,0.2923
1779108087.6261,904,299,Center,0.4712,0.2776
1779108087.6712,890,314,Center,0.4635,0.2913
1779108087.7188,884,350,Center,0.4607,0.3242
1779108087.7584,902,371,Center,0.4699,0.3436
1779108087.8028,926,381,Center,0.4824,0.3536
1779108087.8446,943,390,Center,0.4913,0.3612
1779108087.8907,973,391,Center,0.5068,0.3628
1779108087.9348,1001,366,Center,0.5215,0.3395
1779108087.9745,999,346,Center,0.5204,0.3208
1779108088.0193,994,327,Center,0.5182,0.3033
1779108088.0614,993,307,Center,0.5175,0.2844
1779108088.1031,975,292,Center,0.5082,0.2709
1779108088.1527,961,282,Center,0.5006,0.2617
1779108088.1957,952,281,Center,0.4959,0.2605
1779108088.2368,949,289,Center,0.4944,0.2677
1779108088.2784,935,301,Center,0.4872,0.279
1779108088.3214,925,316,Center,0.4822,0.2931
1779108088.3695,918,333,Center,0.4782,0.3088
1779108088.4165,908,350,Center,0.4731,0.3246
1779108088.4565,895,366,Center,0.4665,0.3395
1779108088.4987,896,343,Center,0.467,0.3177
1779108088.5437,896,317,Center,0.4669,0.2939
1779108088.5827,909,297,Center,0.4737,0.2756
1779108088.6302,922,274,Center,0.4805,0.2545
1779108088.6753,937,246,Center,0.4881,0.2285
1779108088.7138,956,252,Center,0.4982,0.2337
1779108088.7584,968,288,Center,0.5047,0.2674
1779108088.7984,961,312,Center,0.501,0.2897
1779108088.8345,954,332,Center,0.4973,0.3082
1779108088.8861,942,356,Center,0.491,0.3302
1779108088.9237,916,386,Center,0.4771,0.3574
1779108088.9647,902,347,Center,0.4701,0.3222
1779108089.0048,899,314,Center,0.4687,0.2909
1779108089.0468,901,280,Center,0.4696,0.2602
1779108089.0969,909,245,Center,0.4737,0.2271
1779108089.1365,928,207,Center,0.4837,0.1924
1779108089.1781,942,206,Center,0.4908,0.1915
1779108089.2216,950,206,Center,0.4953,0.191
1779108089.2621,968,206,Center,0.5046,0.1909
1779108089.3104,988,202,Center,0.5147,0.1875
1779108089.3525,989,218,Center,0.5153,0.2022
1779108089.3916,979,216,Center,0.5099,0.2003
1779108089.4388,989,247,Center,0.5155,0.2288
1779108089.4808,987,280,Center,0.5145,0.2594
1779108089.5231,976,319,Center,0.5085,0.2963
1779108089.5701,989,333,Center,0.5155,0.3084
1779108089.6156,1011,373,Center,0.5268,0.3455
1779108089.6564,1020,390,Center,0.5316,0.3615
1779108089.6998,1004,416,Center,0.5232,0.3858
1779108089.7429,998,417,Center,0.5198,0.3863
1779108089.7907,986,437,Center,0.5139,0.4055
1779108089.8344,968,447,Center,0.5045,0.4141
1779108089.8786,953,444,Center,0.4964,0.412
1779108089.9178,960,429,Center,0.5004,0.3972
1779108089.9583,976,430,Center,0.5086,0.3991
1779108090.0024,982,428,Center,0.5115,0.397
1779108090.054,1001,431,Center,0.5217,0.3999
1779108090.0915,1013,449,Center,0.5281,0.4163
1779108090.1353,1027,455,Center,0.5349,0.4215
1779108090.1803,1026,471,Center,0.5345,0.4366
1779108090.2254,1024,488,Center,0.5335,0.4524
1779108090.3054,1019,485,Center,0.5309,0.4496
1779108090.3435,1009,474,Center,0.5257,0.4397
1779108090.3864,999,481,Center,0.5206,0.4459
1779108090.4284,990,481,Center,0.5161,0.4461
1779108090.4725,974,476,Center,0.5078,0.4408
1779108090.5152,937,475,Center,0.4881,0.4401
1779108090.5594,901,464,Center,0.4695,0.43
1779108090.6006,866,431,Center,0.4514,0.3996
1779108090.6439,840,408,Center,0.438,0.3781
1779108090.6852,819,385,Center,0.427,0.3566
1779108090.7363,848,385,Center,0.4421,0.3569
1779108090.7803,882,401,Center,0.4599,0.3713
1779108090.8134,939,431,Center,0.4894,0.3999
1779108090.8555,980,437,Center,0.5108,0.4051
1779108090.8981,1013,435,Center,0.5281,0.4029
1779108090.9433,1035,428,Center,0.5394,0.3972
1779108090.9889,1053,429,Center,0.5485,0.3981
1779108091.0304,1048,407,Center,0.5463,0.3771
1779108091.0745,1037,427,Center,0.5405,0.3956
1779108091.1176,1045,445,Center,0.5445,0.4127
1779108091.1613,1033,452,Center,0.5381,0.4191
1779108091.2085,1033,445,Center,0.538,0.4128
1779108091.2483,1032,456,Center,0.5376,0.4231
1779108091.2925,1018,443,Center,0.5307,0.4106
1779108091.3323,1010,430,Center,0.5265,0.3985
1779108091.3785,1008,418,Center,0.5255,0.3878
1779108091.4245,990,407,Center,0.5157,0.3775
1779108091.4671,953,418,Center,0.4964,0.3875
1779108091.5092,933,398,Center,0.4863,0.3689
1779108091.5513,910,393,Center,0.4744,0.364
1779108091.5934,893,395,Center,0.4655,0.3661
1779108091.6346,861,376,Center,0.4488,0.3485
1779108091.6817,836,354,Center,0.4357,0.3278
1779108091.7287,838,375,Center,0.4365,0.3475
1779108091.7683,833,392,Center,0.434,0.3633
1779108091.8114,808,403,Center,0.421,0.3731
1779108091.8563,813,436,Center,0.4236,0.4044
1779108091.9074,839,461,Center,0.437,0.4275
1779108091.9524,894,444,Center,0.4657,0.4113
1779108091.9944,969,437,Center,0.5049,0.405
1779108092.0396,1044,443,Center,0.544,0.4103
1779108092.0797,1080,423,Center,0.5627,0.3923
1779108092.1249,1104,390,Center,0.5751,0.3615
1779108092.1675,1081,393,Center,0.5635,0.3641
1779108092.2095,1045,389,Center,0.5446,0.361
1779108092.2554,1010,377,Center,0.5265,0.3493
1779108092.2984,1000,384,Center,0.5213,0.3562
1779108092.3485,1026,349,Center,0.5345,0.324
1779108092.392,1070,346,Center,0.5576,0.3205
1779108092.4324,1110,325,Center,0.5786,0.3016
1779108092.4766,1147,243,Center,0.5974,0.2258
1779108092.5222,1177,182,Right,0.6132,0.169
1779108092.5692,1144,198,Center,0.596,0.1837
1779108092.6125,1081,187,Center,0.5633,0.1734
1779108092.6596,1034,190,Center,0.5387,0.1768
1779108092.7076,985,272,Center,0.5132,0.2526
1779108092.7452,952,344,Center,0.4962,0.3192
1779108092.7932,956,399,Center,0.4983,0.3699
1779108092.8384,961,443,Center,0.5007,0.4103
1779108092.8844,973,467,Center,0.5072,0.4332
1779108092.9339,1022,477,Center,0.5325,0.4424
1779108092.9825,1055,483,Center,0.5496,0.4479
1779108093.0282,1074,487,Center,0.5598,0.4512
1779108093.0714,1110,490,Center,0.5783,0.4546
1779108093.1117,1125,504,Center,0.5863,0.4671
1779108093.1618,1130,513,Center,0.5888,0.4757
1779108093.2059,1137,525,Center,0.5925,0.4865
1779108093.252,1136,518,Center,0.5919,0.4799
1779108093.2976,1125,502,Center,0.5861,0.4656
1779108093.3422,1113,479,Center,0.58,0.4439
1779108093.3883,1083,483,Center,0.5644,0.4479
1779108093.4303,1035,469,Center,0.5395,0.4348
1779108093.4834,992,474,Center,0.517,0.4397
1779108093.5264,942,450,Center,0.4907,0.4175
1779108093.5756,880,437,Center,0.4584,0.4049
1779108093.6212,851,396,Center,0.4433,0.3673
1779108093.6677,839,364,Center,0.4371,0.3379
1779108093.7132,823,331,Center,0.4291,0.3066
1779108093.7596,855,367,Center,0.4458,0.3403
1779108093.804,894,407,Center,0.466,0.3777
1779108093.8515,911,453,Center,0.475,0.4195
1779108093.9005,936,496,Center,0.4877,0.4594
1779108093.946,969,538,Center,0.5049,0.4983
1779108093.9862,970,545,Center,0.5053,0.5055
1779108094.0402,988,546,Center,0.5148,0.5059
1779108094.0848,984,515,Center,0.5125,0.4776
1779108094.1315,976,469,Center,0.5085,0.4347
1779108094.1755,975,454,Center,0.5082,0.4208
1779108094.2262,957,426,Center,0.4985,0.3952
1779108094.2682,926,398,Center,0.4825,0.3686
1779108094.3133,914,393,Center,0.4765,0.364
1779108094.3715,906,403,Center,0.4719,0.3732
1779108094.4104,889,392,Center,0.4633,0.363
1779108094.4529,908,404,Center,0.4732,0.3742
1779108094.4945,922,421,Center,0.4806,0.3901
1779108094.5396,940,444,Center,0.4898,0.4116
1779108094.5838,951,470,Center,0.4956,0.4352
1779108094.6234,966,486,Center,0.5034,0.4504
1779108094.6674,970,492,Center,0.5054,0.456
1779108094.7095,960,485,Center,0.5005,0.4495
1779108094.7557,947,471,Center,0.4934,0.4366
1779108094.8009,939,449,Center,0.4891,0.416
1779108094.8415,938,426,Center,0.4889,0.3946
1779108094.886,930,402,Center,0.4846,0.3729
1779108094.9292,941,390,Center,0.4906,0.3613
1779108094.9788,927,366,Center,0.4828,0.3392
1779108095.0254,928,328,Center,0.4837,0.3044
1779108095.0674,890,284,Center,0.4636,0.2636
1779108095.1114,860,254,Center,0.4483,0.2358
1779108095.1224,829,224,Center,0.4319,0.2081
1779108095.1584,848,238,Center,0.4421,0.2208
1779108095.1905,842,278,Center,0.4388,0.2576
1779108095.2226,878,321,Center,0.4575,0.2981
1779108095.2572,888,349,Center,0.4628,0.3237
1779108095.2912,909,411,Center,0.4737,0.381
1779108095.3255,898,436,Center,0.4679,0.4045
1779108095.3606,903,451,Center,0.4708,0.418
1779108095.3941,880,462,Center,0.4587,0.4282
1779108095.4282,879,475,Center,0.4581,0.4401
1779108095.4622,854,454,Center,0.4451,0.4205
1779108095.4973,848,439,Center,0.4417,0.4071
1779108095.5294,835,431,Center,0.4353,0.3998
1779108095.5635,852,425,Center,0.4442,0.394
1779108095.5975,857,417,Center,0.4464,0.3862
1779108095.6312,872,432,Center,0.4543,0.4005
1779108095.6667,866,435,Center,0.4511,0.4031
1779108095.6996,852,430,Center,0.444,0.3984
1779108095.7322,837,423,Center,0.4364,0.3917
1779108095.7681,835,413,Center,0.4353,0.3827
1779108095.8025,842,409,Center,0.4388,0.3788
1779108095.8359,846,409,Center,0.441,0.3789
1779108095.8697,859,414,Center,0.4479,0.3837
1779108095.9023,868,424,Center,0.4523,0.393
1779108095.9363,876,437,Center,0.4563,0.4053
1779108095.9711,867,418,Center,0.452,0.3872
1779108096.0057,860,406,Center,0.448,0.3767
1779108096.0411,851,393,Center,0.4436,0.3648
1779108096.0744,843,379,Center,0.4392,0.3516
1779108096.1073,828,365,Center,0.4313,0.3389
1779108096.1433,824,353,Center,0.4294,0.3276
1779108096.1769,833,377,Center,0.4341,0.35
1779108096.2124,839,405,Center,0.437,0.3754
1779108096.2445,842,435,Center,0.439,0.4033
1779108096.2791,844,467,Center,0.4397,0.4326
1779108096.3171,843,501,Center,0.4392,0.4645
1779108096.3478,840,501,Center,0.438,0.4643
1779108096.3813,839,502,Center,0.437,0.465
1779108096.4153,838,501,Center,0.4369,0.4648
1779108096.4514,840,502,Center,0.4379,0.4656
1779108096.4869,843,467,Center,0.4394,0.4328
1779108096.5193,848,432,Center,0.442,0.4004
1779108096.5553,855,401,Center,0.4456,0.3715
1779108096.5869,864,370,Center,0.45,0.3426
1779108096.6204,870,337,Center,0.4534,0.3126
1779108096.6556,876,340,Center,0.4564,0.3154
1779108096.6883,879,343,Center,0.4583,0.3176
1779108096.7224,881,342,Center,0.4591,0.3174
1779108096.7619,880,344,Center,0.4584,0.3187
1779108096.7913,880,379,Center,0.4583,0.3513
1779108096.8243,879,412,Center,0.4582,0.3822
1779108096.8584,875,440,Center,0.4561,0.4083
1779108096.8935,860,465,Center,0.448,0.4308
1779108096.9734,849,481,Center,0.4423,0.4455
1779108097.0144,846,426,Center,0.4407,0.3952
1779108097.0635,855,325,Center,0.4455,0.3011
1779108097.1116,855,325,Center,0.4455,0.3011
1779108097.1556,875,228,Center,0.456,0.2113
1779108097.1996,930,161,Center,0.4845,0.1494
1779108097.2453,992,129,Center,0.5171,0.1201
1779108097.6333,1018,156,Center,0.5307,0.1445
1779108097.6776,1033,227,Center,0.538,0.2107
1779108097.7212,1029,314,Center,0.5361,0.2911
1779108097.7674,998,374,Center,0.5202,0.3471
1779108097.8164,939,394,Center,0.4895,0.3656
1779108097.8604,920,395,Center,0.4795,0.3665
1779108097.9047,878,404,Center,0.4574,0.3744
1779108097.9483,856,400,Center,0.4462,0.371
1779108098.0007,854,397,Center,0.4451,0.3683
1779108098.043,880,410,Center,0.4586,0.38
1779108098.0909,899,421,Center,0.4686,0.3907
1779108098.1395,944,430,Center,0.492,0.3986
1779108098.1896,1000,445,Center,0.5211,0.4128
1779108098.2332,1038,417,Center,0.5408,0.3862
1779108098.2734,1020,363,Center,0.5317,0.3363
1779108098.3227,968,337,Center,0.5047,0.3128
1779108098.3651,932,249,Center,0.4854,0.2307
1779108098.3731,874,150,Center,0.4553,0.1394
1779108098.3896,821,147,Center,0.428,0.137
1779108098.4223,818,197,Center,0.4264,0.1829
1779108098.4559,865,232,Center,0.4508,0.2157
1779108098.4895,876,322,Center,0.4563,0.2991
1779108098.5251,876,413,Center,0.4567,0.3828
1779108098.5597,891,439,Center,0.4642,0.4066
1779108098.5923,890,429,Center,0.4636,0.398
1779108098.6249,874,399,Center,0.4554,0.3695
1779108098.6605,871,372,Center,0.4539,0.3446
1779108098.6965,878,378,Center,0.4575,0.35
1779108098.7265,869,392,Center,0.4528,0.3633
1779108098.7625,870,405,Center,0.4533,0.3755
1779108098.7956,865,422,Center,0.4507,0.3909
1779108098.8293,868,439,Center,0.4526,0.4066
1779108098.8634,859,418,Center,0.4478,0.3879
1779108098.8959,849,420,Center,0.4423,0.3893
1779108098.9305,850,423,Center,0.4427,0.3919
1779108098.965,862,421,Center,0.449,0.3904
1779108098.9956,856,418,Center,0.4462,0.3872
1779108099.0296,869,416,Center,0.4531,0.3853
1779108099.0638,878,388,Center,0.4577,0.3596
1779108099.0978,880,363,Center,0.4584,0.3369
1779108099.1333,867,377,Center,0.4518,0.3492
1779108099.1696,878,394,Center,0.4574,0.3657
1779108099.2001,887,414,Center,0.4624,0.3837
1779108099.2342,906,438,Center,0.4721,0.4056
1779108099.2684,925,461,Center,0.4818,0.4277
1779108099.3024,948,453,Center,0.4942,0.4203
1779108099.3364,964,445,Center,0.5024,0.4129
1779108099.3724,976,438,Center,0.5085,0.4059
1779108099.4086,985,434,Center,0.5134,0.4021
1779108099.4407,977,429,Center,0.5089,0.3977
1779108099.4723,967,425,Center,0.5037,0.3941
1779108099.5064,956,421,Center,0.4983,0.3902
1779108099.5421,946,417,Center,0.4932,0.3866
1779108099.5764,936,413,Center,0.4877,0.3826
1779108099.6103,940,411,Center,0.4896,0.381
1779108099.6435,928,408,Center,0.4836,0.3785
1779108099.6793,916,405,Center,0.4775,0.3755
1779108099.7116,904,401,Center,0.4711,0.3716
1779108099.7452,891,396,Center,0.4644,0.3675
1779108099.7792,878,392,Center,0.4575,0.3634
1779108099.8134,878,389,Center,0.4575,0.3603
1779108099.8467,870,403,Center,0.4532,0.3739
1779108099.953,871,398,Center,0.4538,0.3688
1779108099.9965,878,320,Center,0.4574,0.297
1779108100.0375,881,243,Center,0.4592,0.2254
1779108100.0837,894,166,Center,0.4661,0.154
1779108100.1222,912,72,Center,0.4751,0.0672
1779108100.1683,941,0,Center,0.4902,0.0
1779108100.2063,948,85,Center,0.4942,0.0795
1779108100.5812,959,149,Center,0.4997,0.1387
1779108100.6233,965,238,Center,0.5031,0.2209
1779108100.6618,979,335,Center,0.5103,0.3106
1779108100.7135,966,436,Center,0.5033,0.4045
1779108100.7545,976,408,Center,0.5084,0.378
1779108100.7951,992,404,Center,0.5167,0.3747
1779108100.8406,1006,379,Center,0.5244,0.3516
1779108100.8802,1006,351,Center,0.5242,0.3253
1779108100.9282,1013,326,Center,0.5277,0.3024
1779108100.9712,1013,350,Center,0.5276,0.3244
1779108101.0103,1008,334,Center,0.5253,0.3099
1779108101.0529,991,324,Center,0.5166,0.3004
1779108101.098,985,314,Center,0.5131,0.2913
1779108101.1396,974,296,Center,0.5077,0.2748
1779108101.1844,967,215,Center,0.504,0.1999
1779108101.2234,914,220,Center,0.4763,0.2039
1779108101.2715,894,253,Center,0.466,0.2349
1779108101.3122,872,256,Center,0.4542,0.2379
1779108101.3523,851,264,Center,0.4436,0.2445
1779108101.4059,829,335,Center,0.4323,0.3104
1779108101.4402,854,364,Center,0.445,0.3373
1779108101.4487,854,355,Center,0.4448,0.3291
1779108101.4854,867,369,Center,0.4518,0.3421
1779108101.5496,868,378,Center,0.4524,0.3504
1779108101.5602,866,382,Center,0.4515,0.354
1779108101.5851,857,375,Center,0.4467,0.3478
1779108101.6232,864,398,Center,0.4504,0.3686
1779108101.6551,855,419,Center,0.4455,0.3885
1779108101.6871,853,436,Center,0.4446,0.4042
1779108101.7531,854,450,Center,0.4452,0.4168
1779108101.7641,862,467,Center,0.4492,0.4327
1779108101.7902,850,451,Center,0.4427,0.4177
1779108101.8273,847,427,Center,0.4413,0.396
1779108101.8572,852,407,Center,0.4443,0.3775
1779108101.9296,857,390,Center,0.4465,0.3612
1779108101.9396,861,372,Center,0.4487,0.345
1779108101.9616,861,356,Center,0.4488,0.3298
1779108101.9988,851,378,Center,0.4437,0.3503
1779108102.0309,839,400,Center,0.4375,0.3713
1779108102.0644,827,423,Center,0.4308,0.3919
1779108102.0997,813,442,Center,0.4235,0.41
1779108102.1335,806,462,Center,0.4198,0.4284
1779108102.2013,805,452,Center,0.4196,0.4187
1779108102.2436,803,441,Center,0.4183,0.4091
1779108102.2546,799,432,Center,0.4166,0.4006
1779108102.2744,797,425,Center,0.4155,0.3943
1779108102.3084,796,421,Center,0.4147,0.3902
1779108102.3409,795,418,Center,0.4143,0.3878
1779108102.3732,795,416,Center,0.4145,0.3855
1779108102.4397,796,413,Center,0.4149,0.3824
1779108102.4497,797,410,Center,0.4153,0.3798
1779108102.4778,800,407,Center,0.4169,0.3769
1779108102.5109,806,407,Center,0.4199,0.3775
1779108102.5469,811,410,Center,0.4229,0.3803
1779108102.578,817,415,Center,0.426,0.3846
1779108102.6115,825,420,Center,0.43,0.389
1779108102.6462,831,424,Center,0.4332,0.3933
1779108102.6793,835,426,Center,0.4353,0.3946
1779108102.7133,840,425,Center,0.4376,0.3942
1779108102.7464,844,424,Center,0.44,0.3927
1779108102.7795,848,422,Center,0.4419,0.3911
1779108102.8126,851,421,Center,0.4437,0.39
1779108102.8472,855,420,Center,0.4458,0.3894
1779108102.8808,859,420,Center,0.4478,0.3896
1779108102.9505,849,421,Center,0.4422,0.3907
1779108102.9585,837,423,Center,0.4362,0.3917
1779108102.9811,826,423,Center,0.4303,0.392
1779108103.0211,815,420,Center,0.4249,0.3891
1779108103.0507,818,415,Center,0.4263,0.3843
1779108103.0842,820,408,Center,0.4274,0.378
1779108103.1188,837,405,Center,0.4362,0.3752
1779108103.1504,838,404,Center,0.4365,0.3746
1779108103.2191,835,408,Center,0.435,0.3781
1779108103.2607,824,423,Center,0.4292,0.3924
1779108103.3032,835,405,Center,0.4351,0.3759
1779108103.3463,864,351,Center,0.4501,0.3254
1779108103.392,908,267,Center,0.4733,0.2478
1779108103.4388,985,197,Center,0.5135,0.1826
1779108103.4845,1051,180,Center,0.5477,0.1667
1779108103.8645,1110,165,Center,0.5784,0.1536
1779108103.9082,1121,227,Center,0.5843,0.2111
1779108103.9515,1124,296,Center,0.5855,0.2744
1779108103.9959,1099,379,Center,0.5728,0.3513
1779108104.0385,1087,320,Center,0.5664,0.2963
1779108104.0744,1038,310,Center,0.5408,0.2876
1779108104.1153,1026,234,Center,0.5345,0.2171
1779108104.1564,1039,181,Center,0.5412,0.1676
1779108104.2032,1046,156,Center,0.5448,0.1453
1779108104.2439,1057,203,Center,0.5508,0.1884
1779108104.2841,1087,252,Center,0.5666,0.2337
1779108104.3309,1077,339,Center,0.5613,0.314
1779108104.3744,1055,413,Center,0.5495,0.3825
1779108104.4165,1019,405,Center,0.531,0.3759
1779108104.4629,980,399,Center,0.5108,0.37
1779108104.5057,973,372,Center,0.507,0.3448
1779108104.5509,986,334,Center,0.5138,0.31
1779108104.6316,934,325,Center,0.4866,0.3015
1779108104.6788,915,308,Center,0.4769,0.2861
1779108105.4679,949,315,Center,0.4944,0.2921
1779108105.5625,922,346,Center,0.4805,0.3211
1779108105.6041,909,371,Center,0.4737,0.3443
1779108105.6492,947,414,Center,0.4933,0.384
1779108105.6923,943,427,Center,0.4914,0.3958
1779108105.7293,868,406,Center,0.4524,0.3762
1779108105.7693,844,354,Center,0.44,0.3278
1779108105.8178,840,322,Center,0.4376,0.2982
1779108105.8589,839,283,Center,0.437,0.2629
1779108105.9076,832,267,Center,0.4336,0.2474
1779108105.9472,856,262,Center,0.4461,0.2427
1779108105.9934,881,269,Center,0.459,0.2494
1779108106.042,854,299,Center,0.4448,0.2777
1779108106.0856,842,306,Center,0.4387,0.2836
1779108106.1241,860,348,Center,0.4483,0.3224
1779108106.1632,868,388,Center,0.4525,0.3593
1779108106.2127,866,412,Center,0.4513,0.3824
1779108106.2534,877,393,Center,0.4568,0.3647
1779108106.303,881,403,Center,0.4589,0.3736
1779108106.3427,877,409,Center,0.4572,0.3794
1779108106.3853,873,421,Center,0.4548,0.3907
1779108106.4304,873,440,Center,0.4551,0.4078
1779108106.4765,874,460,Center,0.4552,0.426
1779108106.5281,859,440,Center,0.4474,0.4079
1779108106.5677,849,448,Center,0.4427,0.4152
1779108106.6118,828,441,Center,0.4316,0.4091
1779108106.6513,824,452,Center,0.4292,0.4193
1779108106.6935,838,458,Center,0.4369,0.4243
1779108106.7335,860,470,Center,0.4479,0.4357
1779108106.7755,872,443,Center,0.4547,0.4104
1779108106.8147,902,429,Center,0.4703,0.3977
1779108106.8562,915,399,Center,0.4768,0.3698
1779108106.8973,909,376,Center,0.4738,0.3487
1779108106.9396,904,351,Center,0.4712,0.3251
1779108106.9836,908,363,Center,0.4733,0.3367
1779108107.0275,903,372,Center,0.4705,0.3451
1779108107.0754,898,381,Center,0.4679,0.3534
1779108107.1151,897,390,Center,0.4674,0.3611
1779108107.1557,888,400,Center,0.463,0.3711
1779108107.2015,879,392,Center,0.458,0.3635
1779108107.2435,868,391,Center,0.4521,0.3626
1779108107.2931,854,390,Center,0.4449,0.3612
1779108107.3347,837,387,Center,0.4363,0.3589
1779108107.3803,847,382,Center,0.4413,0.3544
1779108107.4244,853,376,Center,0.4444,0.3487
1779108107.4683,868,368,Center,0.4524,0.3411
1779108107.5146,877,362,Center,0.4573,0.3356
1779108107.5556,885,358,Center,0.4611,0.3316
1779108107.5993,879,356,Center,0.4582,0.3303
1779108107.6449,878,356,Center,0.4576,0.3304
1779108107.6874,867,359,Center,0.452,0.3331
1779108107.7345,859,363,Center,0.4476,0.3365
1779108107.744,855,366,Center,0.4457,0.3395
1779108107.754,853,368,Center,0.4444,0.3415
1779108107.7826,850,375,Center,0.4432,0.348
1779108107.8186,836,383,Center,0.4357,0.3553
1779108107.8533,836,391,Center,0.4359,0.3629
1779108107.8868,842,400,Center,0.4389,0.3704
1779108107.9236,844,408,Center,0.4397,0.3781
1779108107.992,839,411,Center,0.4373,0.3806
1779108108.0316,843,411,Center,0.4392,0.381
1779108108.0781,847,410,Center,0.4416,0.3803
1779108108.1188,840,411,Center,0.4379,0.3809
1779108108.1699,846,412,Center,0.4411,0.3823
1779108108.2147,854,415,Center,0.445,0.3848
1779108108.2582,864,395,Center,0.4502,0.3661
1779108108.3038,864,380,Center,0.4502,0.3527
1779108108.3475,871,366,Center,0.4536,0.3392
1779108108.3995,859,351,Center,0.4474,0.3256
1779108108.4396,856,334,Center,0.4461,0.31
1779108108.4838,843,339,Center,0.4392,0.3147
1779108108.5289,835,337,Center,0.4351,0.3123
1779108108.5654,836,333,Center,0.4355,0.3084
1779108108.609,823,327,Center,0.4292,0.3032
1779108108.6465,809,356,Center,0.4216,0.3305
1779108108.7051,807,387,Center,0.4207,0.3592
1779108108.7513,801,420,Center,0.4172,0.3889
1779108108.7935,786,452,Center,0.4095,0.4191
1779108108.8423,793,484,Center,0.4133,0.4482
1779108108.8853,796,481,Center,0.4148,0.4456
1779108108.9345,797,478,Center,0.4155,0.4431
1779108108.9734,798,476,Center,0.4159,0.441
1779108109.0143,797,473,Center,0.4155,0.438
1779108109.0602,796,470,Center,0.4149,0.4355
1779108109.1014,794,467,Center,0.4136,0.4329
1779108109.1414,806,463,Center,0.4198,0.4291
1779108109.1928,815,458,Center,0.4248,0.4248
1779108109.2324,823,454,Center,0.4286,0.4211
1779108109.2746,826,452,Center,0.4302,0.4187
1779108109.3194,842,450,Center,0.4388,0.4169
1779108109.3653,842,448,Center,0.439,0.4155
1779108109.4087,843,448,Center,0.4393,0.4157
1779108109.454,843,450,Center,0.4396,0.4169
1779108109.4984,848,451,Center,0.4418,0.4185
1779108109.5399,839,454,Center,0.4374,0.4209
1779108109.5858,833,459,Center,0.434,0.4254
1779108109.6293,831,432,Center,0.4331,0.4007
1779108109.6674,834,407,Center,0.4347,0.3778
1779108109.718,831,386,Center,0.4332,0.3575
1779108109.7574,840,366,Center,0.438,0.3396
1779108109.8077,849,347,Center,0.4423,0.3215
1779108109.8598,845,366,Center,0.4403,0.3392
1779108109.9073,846,386,Center,0.4409,0.3575
1779108109.9543,851,372,Center,0.4434,0.3452
1779108110.0037,836,365,Center,0.4355,0.3381
1779108110.0534,839,356,Center,0.4371,0.3304
1779108110.1105,848,346,Center,0.4421,0.3207
1779108110.1626,842,333,Center,0.439,0.3091
1779108110.2056,844,354,Center,0.4397,0.3284
1779108110.2533,856,367,Center,0.4463,0.3407
1779108110.3,852,382,Center,0.4439,0.354
1779108110.3475,851,393,Center,0.4436,0.3647
1779108110.4049,858,406,Center,0.4474,0.3765
1779108110.4507,860,417,Center,0.4483,0.3861
1779108110.5002,858,425,Center,0.4469,0.3939
1779108110.5493,853,432,Center,0.4447,0.4007
1779108110.6005,847,438,Center,0.4416,0.4058
1779108110.6461,841,440,Center,0.4381,0.408
1779108110.6973,835,441,Center,0.4349,0.409
1779108110.7535,828,444,Center,0.4314,0.4113
1779108110.7991,835,446,Center,0.4351,0.4131
1779108110.8504,841,450,Center,0.4384,0.4173
1779108110.8938,846,423,Center,0.4408,0.3925
1779108110.9484,863,397,Center,0.4497,0.3681
1779108111.0017,881,373,Center,0.4592,0.3459
1779108111.0533,884,351,Center,0.4608,0.3255
1779108111.0999,885,328,Center,0.4611,0.3039
1779108111.1497,886,337,Center,0.4616,0.3126
1779108111.1975,896,346,Center,0.4672,0.321
1779108111.2583,920,351,Center,0.4797,0.3259
1779108111.3054,965,355,Center,0.5027,0.3289
1779108111.3595,1003,358,Center,0.5226,0.332
1779108111.4056,1043,365,Center,0.5434,0.3383
1779108111.4593,1061,373,Center,0.553,0.3457
1779108111.5024,1052,385,Center,0.5484,0.3565
1779108111.5567,1025,400,Center,0.5343,0.3707
1779108111.6052,1010,415,Center,0.526,0.3843
1779108111.6567,995,427,Center,0.5187,0.3959
1779108111.7094,972,438,Center,0.5066,0.4059
1779108111.7585,964,415,Center,0.5024,0.3844
1779108111.813,930,392,Center,0.4847,0.3635
1779108111.8632,899,383,Center,0.4685,0.3552
1779108111.9143,871,312,Center,0.4538,0.289
1779108111.9674,863,270,Center,0.4496,0.2506
1779108112.0212,842,251,Center,0.4386,0.2325
1779108112.1042,866,203,Center,0.4514,0.1889
1779108112.1434,904,182,Center,0.4712,0.1691
1779108112.1804,944,180,Center,0.4918,0.1667
1779108112.2291,959,205,Center,0.4997,0.1905
1779108112.2716,985,239,Center,0.5133,0.2219
1779108112.3137,997,297,Center,0.5195,0.2755
1779108112.3595,1008,296,Center,0.5253,0.2749
1779108112.4003,1017,374,Center,0.5302,0.347
1779108112.4539,1038,367,Center,0.541,0.3403
1779108112.4924,1056,354,Center,0.5502,0.3283
1779108112.5385,1049,377,Center,0.5466,0.3497
1779108112.5806,1021,371,Center,0.5322,0.344
1779108112.6196,1002,343,Center,0.5223,0.3181
1779108112.6712,974,348,Center,0.5074,0.3225
1779108112.7143,982,367,Center,0.5118,0.3402
1779108113.0643,986,355,Center,0.5138,0.3294
1779108113.1092,985,395,Center,0.513,0.3665
1779108113.1492,962,396,Center,0.5015,0.3669
1779108113.1894,997,392,Center,0.5193,0.3636
1779108113.2403,986,407,Center,0.5138,0.3774
1779108113.2806,991,412,Center,0.5163,0.3818
1779108113.3254,1001,412,Center,0.5218,0.3815
1779108113.368,1001,437,Center,0.5216,0.4048
1779108113.4084,955,458,Center,0.4975,0.4244
1779108113.4588,913,452,Center,0.4759,0.4186
1779108113.4962,888,420,Center,0.4628,0.3898
1779108113.5469,860,344,Center,0.4484,0.319
1779108113.5569,852,267,Center,0.4442,0.2475
1779108113.6151,837,267,Center,0.4363,0.2476
1779108113.6566,860,249,Center,0.4482,0.2308
1779108113.7037,879,279,Center,0.458,0.259
1779108113.7117,904,354,Center,0.4711,0.3287
1779108113.7444,925,426,Center,0.4823,0.3946
1779108113.7785,953,434,Center,0.4964,0.4025
1779108113.8117,944,457,Center,0.4918,0.4234
1779108113.8468,916,463,Center,0.4775,0.4288
1779108113.8821,876,463,Center,0.4564,0.4293
1779108113.9137,848,461,Center,0.4418,0.4271
1779108113.9477,825,437,Center,0.4302,0.4052
1779108113.9844,808,439,Center,0.4213,0.4066
1779108114.0174,825,425,Center,0.43,0.3937
1779108114.0535,842,416,Center,0.4387,0.3856
1779108114.0838,854,421,Center,0.4451,0.3905
1779108114.1633,866,424,Center,0.4514,0.3931
1779108114.207,867,385,Center,0.4519,0.3567
1779108114.2507,854,377,Center,0.4452,0.3493
1779108114.2577,855,369,Center,0.4455,0.3419
1779108114.2878,848,341,Center,0.4418,0.3165
1779108114.3649,837,328,Center,0.4361,0.3045
1779108114.4085,846,334,Center,0.4408,0.3099
1779108114.4175,849,321,Center,0.4426,0.2981
1779108114.4256,853,309,Center,0.4445,0.2864
1779108114.4596,856,306,Center,0.4461,0.2842
1779108114.4946,869,302,Center,0.4526,0.2797
1779108114.5304,869,302,Center,0.4527,0.2801
1779108114.563,880,304,Center,0.4583,0.282
1779108114.5946,891,307,Center,0.4645,0.2845
1779108114.6303,895,313,Center,0.4664,0.29
1779108114.6642,896,318,Center,0.4669,0.2951
1779108114.7414,896,323,Center,0.467,0.2993
1779108114.7494,885,326,Center,0.4615,0.302
1779108114.768,885,329,Center,0.4613,0.3048
1779108114.8007,894,332,Center,0.4657,0.3076
1779108114.8362,890,339,Center,0.4636,0.3139
1779108114.8692,891,342,Center,0.4642,0.3174
1779108114.9441,892,349,Center,0.4648,0.3234
1779108114.9915,883,355,Center,0.4603,0.3289
1779108115.0388,886,353,Center,0.4615,0.3277
1779108115.0818,889,322,Center,0.4633,0.2987
1779108115.1261,892,277,Center,0.4649,0.2569
1779108115.2033,908,229,Center,0.4729,0.2125
1779108115.2441,930,156,Center,0.4844,0.1451
1779108115.6086,951,109,Center,0.4956,0.1014
1779108115.6476,960,123,Center,0.5004,0.1147
1779108115.6924,965,124,Center,0.5031,0.1149
1779108115.7359,979,156,Center,0.51,0.1453
1779108115.7775,961,226,Center,0.5007,0.2093
1779108115.8198,948,256,Center,0.4941,0.2372
1779108115.8671,957,263,Center,0.4989,0.244
1779108115.9072,971,284,Center,0.5062,0.2635
1779108115.9539,960,286,Center,0.5003,0.2648
1779108115.9927,964,283,Center,0.5023,0.2623
1779108116.0394,958,304,Center,0.4991,0.2817
1779108116.0823,949,313,Center,0.4946,0.29
1779108116.1334,945,349,Center,0.4923,0.3234
1779108116.1785,964,361,Center,0.5025,0.3352
1779108116.2174,960,351,Center,0.5003,0.3255
1779108116.2606,952,302,Center,0.4963,0.2801
1779108116.2726,944,251,Center,0.4918,0.2333
1779108116.2952,917,194,Center,0.4777,0.1805
1779108116.3303,875,210,Center,0.4559,0.195
1779108116.3646,873,250,Center,0.4548,0.232
1779108116.3958,872,328,Center,0.4543,0.304
1779108116.4304,877,397,Center,0.4568,0.368
1779108116.4677,905,455,Center,0.4715,0.4214
1779108116.4993,924,447,Center,0.4815,0.4147
1779108116.5301,930,433,Center,0.4847,0.4011
1779108116.5655,933,417,Center,0.4861,0.3863
1779108116.6014,928,408,Center,0.4835,0.3783
1779108116.6343,914,406,Center,0.4764,0.3764
1779108116.6673,904,406,Center,0.4712,0.3764
1779108116.7023,898,405,Center,0.4679,0.3755
1779108116.7363,894,401,Center,0.4658,0.3718
1779108116.7703,892,398,Center,0.4649,0.369
1779108116.8027,892,394,Center,0.4646,0.365
1779108116.8374,869,389,Center,0.453,0.3611
1779108116.8713,857,382,Center,0.4465,0.3546
1779108116.9053,849,375,Center,0.4423,0.3474
1779108116.9387,850,363,Center,0.4428,0.3369
1779108116.9712,843,379,Center,0.4391,0.3518
1779108117.0057,853,393,Center,0.4443,0.364
1779108117.0403,852,405,Center,0.4441,0.3756
1779108117.0736,852,418,Center,0.4438,0.3874
1779108117.1069,838,428,Center,0.437,0.3968
1779108117.1416,836,410,Center,0.4358,0.3801
1779108117.1767,845,392,Center,0.4402,0.3639
1779108117.2095,857,376,Center,0.4465,0.3486
1779108117.245,865,393,Center,0.451,0.3645
1779108117.2786,883,416,Center,0.4599,0.3853
1779108117.312,885,441,Center,0.4614,0.4086
1779108117.3453,888,468,Center,0.463,0.4342
1779108117.3787,894,498,Center,0.466,0.4619
1779108117.413,902,496,Center,0.4703,0.4599
1779108117.4489,893,494,Center,0.4651,0.4582
1779108117.4816,893,493,Center,0.4655,0.4565
1779108117.5144,890,489,Center,0.4637,0.4533
1779108117.5499,882,485,Center,0.4597,0.4493
1779108117.5856,871,480,Center,0.4541,0.4449
1779108117.6173,874,476,Center,0.4555,0.4414
1779108117.6543,878,474,Center,0.4574,0.4392
1779108117.6901,869,474,Center,0.4529,0.439
1779108117.7209,865,477,Center,0.4508,0.4421
1779108117.7545,865,483,Center,0.4509,0.4477
1779108117.7879,869,459,Center,0.4527,0.4252
1779108117.8224,857,436,Center,0.4466,0.4043
1779108117.8564,858,415,Center,0.4472,0.3851
1779108117.8917,856,393,Center,0.4462,0.3647
1779108117.9272,851,370,Center,0.4437,0.3432
1779108117.9593,845,377,Center,0.4402,0.3498
1779108117.9925,844,385,Center,0.4401,0.3566
1779108118.0285,852,393,Center,0.4441,0.3642
1779108118.0612,859,402,Center,0.4477,0.373
1779108118.095,861,382,Center,0.4488,0.3539
1779108118.1302,870,364,Center,0.4532,0.3371
1779108118.1625,873,345,Center,0.4551,0.3203
1779108118.1967,876,324,Center,0.4563,0.3004
1779108118.2293,880,300,Center,0.4587,0.2782
1779108118.265,876,305,Center,0.4565,0.2832
1779108118.2975,865,308,Center,0.4509,0.2857
1779108118.3326,868,309,Center,0.4521,0.2866
1779108118.3656,863,310,Center,0.4496,0.2871
1779108118.3995,858,310,Center,0.4469,0.2878
1779108118.4333,866,312,Center,0.4515,0.289
1779108118.4691,877,314,Center,0.457,0.2908
1779108118.5015,887,315,Center,0.4622,0.2922
1779108118.5359,897,317,Center,0.4675,0.2943
1779108118.5705,904,319,Center,0.4712,0.2963
1779108118.6022,909,321,Center,0.4738,0.2977
1779108118.6364,911,322,Center,0.4749,0.2987
1779108118.6736,911,324,Center,0.4748,0.3001
1779108118.7055,910,325,Center,0.4742,0.3018
1779108118.7393,909,328,Center,0.4736,0.3038
1779108118.7754,907,330,Center,0.4728,0.3059
1779108118.8084,906,332,Center,0.472,0.3083
1779108118.8422,904,334,Center,0.4712,0.3097
1779108118.8758,904,335,Center,0.4711,0.3103
1779108118.9112,909,341,Center,0.4736,0.3166
1779108118.9454,912,350,Center,0.4755,0.3249
1779108118.9787,915,361,Center,0.477,0.3351
1779108119.0128,918,374,Center,0.4782,0.3465
1779108119.0463,932,388,Center,0.4859,0.3595
1779108119.0818,942,396,Center,0.4908,0.3674
1779108119.1145,952,403,Center,0.4959,0.3734
1779108119.1488,961,407,Center,0.501,0.3776
1779108119.1828,972,412,Center,0.5068,0.3817
1779108119.2165,956,418,Center,0.4981,0.3873
1779108119.2503,941,427,Center,0.4903,0.3956
1779108119.2831,927,438,Center,0.483,0.4056
1779108119.3164,913,449,Center,0.4759,0.416
1779108119.3517,899,459,Center,0.4686,0.4255
1779108119.3862,900,468,Center,0.4688,0.4334
1779108119.4194,899,473,Center,0.4687,0.4388
1779108119.4545,901,477,Center,0.4697,0.442
1779108119.4888,906,479,Center,0.4722,0.4443
1779108119.5233,913,481,Center,0.4757,0.4458
1779108119.5553,920,481,Center,0.4795,0.4459
1779108119.5893,904,480,Center,0.4712,0.4452
1779108119.6254,888,465,Center,0.4627,0.4309
1779108119.6574,867,383,Center,0.452,0.3555
1779108119.6931,853,287,Center,0.4443,0.2666
1779108119.7257,835,192,Center,0.4352,0.1778
1779108119.7596,835,192,Center,0.4352,0.1778
1779108119.8265,835,192,Center,0.4352,0.1778
1779108119.8754,835,192,Center,0.4352,0.1778
1779108119.9205,870,96,Center,0.4536,0.0891
1779108119.9638,908,15,Center,0.4734,0.0139
1779108120.0141,962,0,Center,0.5015,0.0
1779108120.0555,1019,52,Center,0.531,0.0485
1779108120.1065,1054,110,Center,0.5493,0.1023
1779108120.5783,1052,200,Center,0.548,0.186
1779108120.6305,1054,254,Center,0.5492,0.2354
1779108120.6696,1033,293,Center,0.5384,0.2719
1779108120.7139,1009,301,Center,0.5255,0.2795
1779108120.7846,976,325,Center,0.5087,0.3018
1779108120.8232,972,291,Center,0.5064,0.2697
1779108120.9014,944,285,Center,0.4919,0.2646
1779108120.9712,966,305,Center,0.5034,0.283
1779108121.017,958,299,Center,0.4992,0.2771
1779108121.0546,976,287,Center,0.5085,0.2659
1779108121.0982,965,268,Center,0.503,0.2484
1779108121.1383,958,260,Center,0.4994,0.2414
1779108121.1828,908,244,Center,0.4731,0.2261
1779108121.2298,881,234,Center,0.459,0.2172
1779108121.2757,851,227,Center,0.4437,0.2108
1779108121.3212,848,216,Center,0.442,0.2008
1779108121.3611,861,218,Center,0.4489,0.2027
1779108121.4013,868,197,Center,0.4526,0.1828
1779108121.4476,884,222,Center,0.4609,0.2064
1779108121.4961,901,227,Center,0.4696,0.2102
1779108121.5417,892,270,Center,0.4649,0.2506
1779108121.5829,897,307,Center,0.4673,0.2851
1779108121.6267,905,369,Center,0.4715,0.342
1779108121.6724,908,342,Center,0.4733,0.3175
1779108121.7139,909,324,Center,0.4737,0.3005
1779108121.7626,932,322,Center,0.4858,0.2989
1779108121.8002,928,319,Center,0.4836,0.296
1779108121.8419,913,271,Center,0.4757,0.2512
1779108121.8863,893,284,Center,0.4655,0.2636
1779108121.9293,902,302,Center,0.4701,0.2798
1779108121.9759,893,305,Center,0.4654,0.2827
1779108122.0156,904,303,Center,0.4712,0.2811
1779108122.0563,922,347,Center,0.4805,0.322
1779108122.1046,967,335,Center,0.504,0.3106
1779108122.1466,981,335,Center,0.5111,0.3104
1779108122.1939,991,341,Center,0.5166,0.3164
1779108122.2398,1000,319,Center,0.5212,0.2962
1779108122.2817,1010,292,Center,0.5265,0.2707
1779108122.323,990,273,Center,0.5158,0.2533
1779108122.3684,979,252,Center,0.5102,0.2338
1779108122.4167,967,208,Center,0.5039,0.193
1779108122.4608,957,215,Center,0.4985,0.1998
1779108122.5063,944,204,Center,0.492,0.1891
1779108122.549,942,220,Center,0.4911,0.2041
1779108122.5863,937,220,Center,0.4885,0.2043
1779108122.6317,944,234,Center,0.4918,0.2168
1779108122.6749,937,216,Center,0.4883,0.2004
1779108122.7202,940,239,Center,0.4897,0.2214
1779108122.7606,945,260,Center,0.4923,0.2409
1779108122.8015,953,287,Center,0.4968,0.2659
1779108122.8477,957,314,Center,0.4988,0.2908
1779108122.8873,960,352,Center,0.5002,0.3266
1779108122.9259,962,373,Center,0.5014,0.3454
1779108122.9713,959,357,Center,0.4998,0.3306
1779108123.0133,960,356,Center,0.5005,0.3305
1779108123.0598,964,345,Center,0.5026,0.3202
1779108123.0991,971,323,Center,0.5059,0.2991
1779108123.1485,978,295,Center,0.5095,0.2737
1779108123.1966,981,297,Center,0.5113,0.2752
1779108123.2397,969,298,Center,0.5048,0.276
1779108123.2852,956,298,Center,0.498,0.2762
1779108123.3232,948,293,Center,0.494,0.2719
1779108123.3706,934,275,Center,0.4867,0.2548
1779108123.4117,917,308,Center,0.478,0.2853
1779108123.4562,913,265,Center,0.4759,0.2458
1779108123.5,908,233,Center,0.4733,0.2162
1779108123.5386,896,258,Center,0.467,0.2393
1779108123.5833,887,294,Center,0.4622,0.2731
1779108123.6254,878,283,Center,0.4574,0.2624
1779108123.6687,865,322,Center,0.4509,0.2988
1779108123.7108,885,360,Center,0.4612,0.334
1779108123.754,904,351,Center,0.4712,0.3251
1779108123.7911,915,335,Center,0.4769,0.3102
1779108123.8358,921,314,Center,0.48,0.2909
1779108123.8785,925,288,Center,0.4821,0.2674
1779108123.9266,927,261,Center,0.4829,0.2423
1779108123.9648,927,233,Center,0.4833,0.2163
1779108124.0131,938,216,Center,0.4889,0.2003
1779108124.0552,954,205,Center,0.4973,0.1907
1779108124.0933,973,192,Center,0.5072,0.1784
1779108124.1402,959,181,Center,0.4998,0.1683
1779108124.1855,945,172,Center,0.4926,0.1596
1779108124.2341,933,162,Center,0.4864,0.1509
1779108124.2803,925,153,Center,0.4823,0.1418
1779108124.3166,922,152,Center,0.4806,0.1409
1779108124.3539,925,151,Center,0.4822,0.1407
1779108124.4002,932,152,Center,0.4857,0.1411
1779108124.4425,939,167,Center,0.4891,0.1548
1779108124.4869,944,199,Center,0.4917,0.1847
1779108124.5335,948,238,Center,0.4941,0.2206
1779108124.5752,938,278,Center,0.4889,0.2578
1779108124.6218,940,317,Center,0.4899,0.2944
1779108124.6663,942,345,Center,0.4907,0.3202
1779108124.7155,942,359,Center,0.4909,0.3325
1779108124.7565,961,365,Center,0.5006,0.3386
1779108124.7999,973,370,Center,0.507,0.343
1779108124.8394,972,348,Center,0.5064,0.3223
1779108124.8836,989,354,Center,0.5152,0.3282
1779108124.9332,1005,369,Center,0.5236,0.3417
1779108124.9759,1000,350,Center,0.521,0.3246
1779108125.0244,1013,337,Center,0.5277,0.3121
1779108125.0642,1032,351,Center,0.5379,0.3255
1779108125.1022,1039,335,Center,0.5415,0.3108
1779108125.1505,1037,278,Center,0.5403,0.2576
1779108125.1921,1011,271,Center,0.527,0.2516
1779108125.2402,992,245,Center,0.5169,0.2273
1779108125.2818,969,224,Center,0.5051,0.2081
1779108125.3214,942,205,Center,0.4907,0.1905
1779108125.3675,924,214,Center,0.4813,0.1986
1779108125.4076,930,201,Center,0.4846,0.1866
1779108125.4535,944,201,Center,0.4918,0.187
1779108125.4995,935,230,Center,0.4874,0.2136
1779108125.5419,945,229,Center,0.4924,0.2125
1779108125.5865,945,240,Center,0.4927,0.2228
1779108125.6282,961,260,Center,0.5006,0.2413
1779108125.6813,961,284,Center,0.5006,0.263
1779108125.7204,979,272,Center,0.5101,0.2526
1779108125.763,980,288,Center,0.5106,0.2671
1779108125.8076,992,295,Center,0.5171,0.2736
1779108125.8486,992,296,Center,0.5171,0.2749
1779108125.8916,996,295,Center,0.5191,0.2736
1779108125.9402,989,278,Center,0.5154,0.258
1779108125.9844,985,247,Center,0.5131,0.2296
1779108126.0292,980,257,Center,0.5107,0.2381
1779108126.0701,975,265,Center,0.5079,0.246
1779108126.1104,968,273,Center,0.5042,0.2529
1779108126.1625,973,291,Center,0.5068,0.2697
1779108126.2005,975,321,Center,0.5079,0.2976
1779108126.245,968,326,Center,0.5043,0.3026
1779108126.2892,958,338,Center,0.499,0.313
1779108126.3353,961,353,Center,0.5008,0.3274
1779108126.377,963,376,Center,0.5019,0.3482
1779108126.43,967,399,Center,0.5039,0.3699
1779108126.4751,974,397,Center,0.5075,0.3684
1779108126.5156,969,383,Center,0.5051,0.3547
1779108126.5492,951,365,Center,0.4958,0.3382
1779108126.5918,953,345,Center,0.4965,0.3203
1779108126.6304,946,327,Center,0.4928,0.3032
1779108126.6731,928,319,Center,0.4836,0.2961
1779108126.7127,920,322,Center,0.4793,0.2983
1779108126.7503,942,331,Center,0.491,0.3067
1779108126.7933,937,338,Center,0.4883,0.3132
1779108126.834,933,345,Center,0.4862,0.3196
1779108126.871,959,353,Center,0.4998,0.3277
1779108126.9132,973,367,Center,0.5069,0.3399
1779108126.9536,955,340,Center,0.4978,0.3156
1779108126.9992,962,320,Center,0.5014,0.2971
1779108127.0428,984,309,Center,0.5126,0.2868
1779108127.0908,985,332,Center,0.5132,0.3076
1779108127.1303,1004,353,Center,0.523,0.3269
1779108127.1764,1026,411,Center,0.5348,0.3809
1779108127.2181,1046,459,Center,0.5451,0.4258
1779108127.2605,1060,491,Center,0.5526,0.4553
1779108127.3055,1069,476,Center,0.5571,0.4414
1779108127.3481,1081,445,Center,0.5635,0.4123
1779108127.3836,1072,409,Center,0.5584,0.3787
1779108127.4228,1047,382,Center,0.5457,0.354
1779108127.4644,1010,368,Center,0.5262,0.3412
1779108127.5064,974,369,Center,0.5077,0.3419
1779108127.5554,943,382,Center,0.4913,0.3539
1779108127.593,943,377,Center,0.4915,0.3495
1779108127.6365,951,357,Center,0.4958,0.3309
1779108127.6843,971,336,Center,0.5058,0.3113
1779108127.7287,986,312,Center,0.5139,0.2894
1779108127.7713,973,288,Center,0.5072,0.2668
1779108127.813,960,292,Center,0.5005,0.271
1779108127.8538,952,285,Center,0.4958,0.2643
1779108127.9035,925,284,Center,0.4822,0.2639
1779108127.9441,933,286,Center,0.4863,0.2651
1779108127.9915,940,292,Center,0.4899,0.271
1779108128.0334,942,292,Center,0.4907,0.2704
1779108128.0769,938,315,Center,0.4888,0.2923
1779108128.1233,952,331,Center,0.4962,0.3067
1779108128.1678,948,347,Center,0.4938,0.3218
1779108128.2114,946,361,Center,0.4931,0.3343
1779108128.2536,938,370,Center,0.4886,0.3435
1779108128.2993,925,362,Center,0.4822,0.3356
1779108128.3394,902,366,Center,0.4701,0.3397
1779108128.3855,898,335,Center,0.4679,0.3106
1779108128.4261,904,310,Center,0.4711,0.2874
1779108128.4606,904,294,Center,0.471,0.2727
1779108128.5073,901,300,Center,0.4694,0.2778
1779108128.5504,914,266,Center,0.4765,0.2464
1779108128.5949,901,299,Center,0.4695,0.2772
1779108128.6425,894,327,Center,0.4658,0.3037
1779108128.6836,894,349,Center,0.4658,0.3232
1779108128.7282,910,393,Center,0.474,0.364
1779108128.7733,923,437,Center,0.481,0.4052
1779108128.8173,940,462,Center,0.4899,0.4281
1779108128.8594,953,486,Center,0.4967,0.4504
1779108128.8985,966,496,Center,0.5036,0.4594
1779108128.934,942,470,Center,0.4907,0.4353
1779108128.975,902,437,Center,0.4699,0.4054
1779108129.0186,867,409,Center,0.4516,0.379
1779108129.0653,841,364,Center,0.4385,0.3376
1779108129.113,824,335,Center,0.4294,0.3104
1779108129.1582,839,345,Center,0.4375,0.3201
1779108129.2007,855,381,Center,0.4456,0.3531
1779108129.2474,874,356,Center,0.4555,0.3297
1779108129.2919,899,363,Center,0.4687,0.3363
1779108129.3348,919,345,Center,0.4791,0.3203
1779108129.3785,932,298,Center,0.4854,0.2762
1779108129.4187,939,288,Center,0.4891,0.2672
1779108129.4578,941,319,Center,0.4903,0.2961
1779108129.5023,932,331,Center,0.4856,0.3067
1779108129.5475,918,362,Center,0.4784,0.3358
1779108129.5898,920,397,Center,0.4794,0.3681
1779108129.631,932,407,Center,0.4857,0.3769
1779108129.6738,943,424,Center,0.4913,0.3935
1779108129.7214,957,437,Center,0.4987,0.4047
1779108129.7685,975,448,Center,0.508,0.4148
1779108129.815,979,452,Center,0.5101,0.4187
1779108129.8588,989,449,Center,0.5152,0.4164
1779108129.9008,983,437,Center,0.5123,0.4055
1779108129.9464,976,431,Center,0.5084,0.3994
1779108129.9909,966,425,Center,0.5035,0.3939
1779108130.04,955,419,Center,0.4975,0.3888
1779108130.08,942,407,Center,0.4907,0.377
1779108130.1226,944,389,Center,0.4921,0.361
1779108130.1676,949,373,Center,0.4945,0.3463
1779108130.2143,940,360,Center,0.4899,0.3336
1779108130.2563,920,345,Center,0.4795,0.3199
1779108130.302,913,338,Center,0.4758,0.3137
1779108130.3413,904,338,Center,0.471,0.3135
1779108130.3803,891,338,Center,0.4642,0.3139
1779108130.4224,885,341,Center,0.4614,0.3163
1779108130.4595,914,317,Center,0.4764,0.2942
1779108130.5025,923,302,Center,0.481,0.2799
1779108130.5536,927,297,Center,0.483,0.2752
1779108130.6042,930,290,Center,0.4849,0.269
1779108130.6472,950,280,Center,0.4948,0.2601
1779108130.6962,955,330,Center,0.4978,0.3065
1779108130.7428,970,350,Center,0.5054,0.3247
1779108130.7865,979,360,Center,0.5102,0.334
1779108130.8361,1012,396,Center,0.5273,0.367
1779108130.8823,1007,429,Center,0.5246,0.3978
1779108130.9318,1011,422,Center,0.5269,0.3914
1779108130.9759,1034,442,Center,0.5389,0.4099
1779108131.0261,1042,455,Center,0.5427,0.4222
1779108131.0676,1026,420,Center,0.5349,0.3891
1779108131.1083,1028,371,Center,0.5358,0.3437
1779108131.1614,957,306,Center,0.4989,0.2834
1779108131.2034,863,237,Center,0.4495,0.2197
1779108131.2127,796,173,Center,0.4148,0.1609
1779108131.2297,744,154,Left,0.3877,0.1429
1779108131.2653,735,190,Left,0.3832,0.1765
1779108131.2966,779,234,Center,0.4059,0.2175
1779108131.3308,827,269,Center,0.431,0.2492
1779108131.3636,868,300,Center,0.4524,0.2778
1779108131.3966,892,347,Center,0.4649,0.3215
1779108131.4326,882,354,Center,0.4599,0.3283
1779108131.4666,868,351,Center,0.4525,0.3259
1779108131.4994,857,371,Center,0.4464,0.3437
1779108131.5319,850,398,Center,0.4428,0.369
1779108131.5675,854,397,Center,0.445,0.3677
1779108131.6003,846,401,Center,0.4411,0.372
1779108131.6342,867,433,Center,0.4516,0.4017
1779108131.6679,878,453,Center,0.4576,0.4197
1779108131.7024,888,468,Center,0.463,0.4334
1779108131.7353,889,476,Center,0.4634,0.441
1779108131.7685,902,479,Center,0.47,0.4438
1779108131.8023,892,482,Center,0.4649,0.4465
1779108131.8374,886,484,Center,0.4618,0.4484
1779108131.8704,880,487,Center,0.4587,0.4518
1779108131.9037,879,458,Center,0.4582,0.4246
1779108131.9392,882,432,Center,0.4598,0.4006
1779108131.9711,872,408,Center,0.4545,0.3779
1779108132.0083,864,384,Center,0.4501,0.356
1779108132.04,865,350,Center,0.4508,0.3242
1779108132.0752,860,344,Center,0.4482,0.3194
1779108132.1078,865,362,Center,0.4506,0.3353
1779108132.1437,874,369,Center,0.4553,0.3421
1779108132.1747,881,374,Center,0.459,0.3466
1779108132.2107,881,387,Center,0.4593,0.3585
1779108132.2459,884,403,Center,0.4605,0.3732
1779108132.2769,873,392,Center,0.4547,0.3635
1779108132.312,870,390,Center,0.4534,0.3613
1779108132.345,863,389,Center,0.4497,0.3606
1779108132.3827,867,390,Center,0.4518,0.3611
1779108132.4145,875,392,Center,0.4561,0.3634
1779108132.4486,877,395,Center,0.4571,0.3662
1779108132.4824,872,371,Center,0.4547,0.3443
1779108132.5146,880,358,Center,0.4585,0.3317
1779108132.5487,874,357,Center,0.4553,0.3309
1779108132.5863,856,325,Center,0.4461,0.3011
1779108132.6199,856,295,Center,0.4461,0.2736
1779108132.6516,866,301,Center,0.4511,0.2793
1779108132.6864,877,290,Center,0.4569,0.2691
1779108132.7196,886,288,Center,0.4616,0.2667
1779108132.7545,888,299,Center,0.4625,0.2776
1779108132.7911,890,311,Center,0.4636,0.2886
1779108132.8232,880,323,Center,0.4586,0.2992
1779108132.8574,871,346,Center,0.4541,0.3209
1779108132.8922,862,354,Center,0.4492,0.3282
1779108132.925,866,348,Center,0.4513,0.3223
1779108132.9604,858,340,Center,0.4474,0.3154
1779108132.9941,871,326,Center,0.4541,0.3025
1779108133.0278,876,307,Center,0.4565,0.2843
1779108133.0601,886,281,Center,0.462,0.2609
1779108133.0943,898,287,Center,0.4681,0.2665
1779108133.1297,911,293,Center,0.4747,0.2719
1779108133.1613,912,299,Center,0.4752,0.2769
1779108133.1957,912,305,Center,0.4752,0.2825
1779108133.2335,912,313,Center,0.4753,0.2902
1779108133.2649,914,320,Center,0.4761,0.2964
1779108133.2983,911,325,Center,0.4749,0.3013
1779108133.3326,907,328,Center,0.4727,0.3043
1779108133.3673,901,331,Center,0.4695,0.3066
1779108133.4009,905,330,Center,0.4716,0.3063
1779108133.4347,907,330,Center,0.4728,0.3059
1779108133.4708,914,330,Center,0.4761,0.3058
1779108133.5035,921,335,Center,0.4797,0.3103
1779108133.5373,929,342,Center,0.484,0.3172
1779108133.6153,926,352,Center,0.4824,0.3264
1779108133.6634,919,366,Center,0.4787,0.3389
1779108133.6719,911,378,Center,0.4749,0.3506
1779108133.7187,905,373,Center,0.4718,0.3455
1779108133.7643,918,344,Center,0.4782,0.3194
1779108133.8114,937,279,Center,0.4882,0.2585
1779108133.8524,970,199,Center,0.5054,0.1851
1779108133.9006,988,120,Center,0.515,0.1117
1779108133.9448,1018,55,Center,0.5306,0.0509
1779108133.9915,1018,9,Center,0.5305,0.009
1779108134.3915,1064,0,Center,0.5544,0.0
1779108134.4375,1078,62,Center,0.5615,0.0581
1779108134.5063,1095,148,Center,0.5707,0.1371
1779108134.5967,1080,242,Center,0.5629,0.2248
1779108134.6365,1076,336,Center,0.5605,0.3119
1779108134.6772,1007,426,Center,0.5245,0.3946
1779108134.7153,975,449,Center,0.5083,0.4162
1779108134.7615,941,443,Center,0.4906,0.4109
1779108134.8076,910,423,Center,0.4744,0.3925
1779108134.8543,906,410,Center,0.472,0.3804
1779108134.8974,913,412,Center,0.4757,0.3818
1779108134.9419,912,411,Center,0.4753,0.3812
1779108134.9851,933,427,Center,0.486,0.3954
1779108135.0317,952,435,Center,0.4961,0.4033
1779108135.0764,946,443,Center,0.493,0.4108
1779108135.1199,952,445,Center,0.4962,0.4121
1779108135.1615,950,417,Center,0.495,0.3863
1779108135.2013,938,327,Center,0.4886,0.3031
1779108135.2465,938,330,Center,0.4887,0.3058
1779108135.2915,957,292,Center,0.4988,0.2709
1779108135.3396,957,283,Center,0.4985,0.262
1779108135.3773,952,303,Center,0.4961,0.2815
1779108135.4214,954,368,Center,0.4973,0.3411
1779108135.4674,935,361,Center,0.4872,0.335
1779108135.5097,897,370,Center,0.4675,0.3434
1779108135.5599,903,338,Center,0.4706,0.3132
1779108135.5973,914,316,Center,0.4762,0.2934
1779108135.643,916,308,Center,0.4772,0.2861
1779108135.6878,944,293,Center,0.4919,0.2717
1779108135.7214,973,291,Center,0.5071,0.2698
1779108135.7744,963,343,Center,0.5018,0.3182
1779108135.8151,962,383,Center,0.5011,0.3551
1779108135.8614,959,415,Center,0.4996,0.3845
1779108135.9029,968,441,Center,0.5042,0.4088
1779108135.946,975,465,Center,0.508,0.4306
1779108135.9835,1011,442,Center,0.5267,0.4098
1779108136.032,1034,422,Center,0.5389,0.391
1779108136.0736,1061,404,Center,0.5528,0.3747
1779108136.1151,1076,394,Center,0.5609,0.365
1779108136.1557,1092,392,Center,0.569,0.3633
1779108136.2034,1081,393,Center,0.5634,0.3641
1779108136.2486,1074,400,Center,0.5596,0.371
1779108136.2987,1068,418,Center,0.5563,0.3879
1779108136.3378,1049,408,Center,0.5466,0.3781
1779108136.3804,1032,407,Center,0.5377,0.3774
1779108136.4256,1018,389,Center,0.5305,0.3609
1779108136.4682,1008,384,Center,0.5253,0.3561
1779108136.5147,966,334,Center,0.5034,0.3098
1779108136.5537,939,312,Center,0.4891,0.2895
1779108136.5978,912,282,Center,0.475,0.2619
1779108136.6399,886,294,Center,0.4615,0.2723
1779108136.6837,871,300,Center,0.454,0.2785
1779108136.7308,900,311,Center,0.4691,0.2888
1779108136.7704,927,333,Center,0.4829,0.3087
1779108136.8099,958,374,Center,0.4995,0.3467
1779108136.8551,988,380,Center,0.5146,0.3521
1779108136.8967,986,347,Center,0.5139,0.3222
1779108136.9424,976,354,Center,0.5086,0.3286
1779108136.9795,957,346,Center,0.4989,0.3212
1779108137.0286,939,322,Center,0.4894,0.2982
1779108137.0731,927,293,Center,0.483,0.2714
1779108137.1109,932,315,Center,0.4857,0.2919
1779108137.1511,928,338,Center,0.4836,0.3131
1779108137.5664,958,362,Center,0.4991,0.3352
1779108137.6075,976,365,Center,0.5085,0.3383
1779108137.6547,960,314,Center,0.5003,0.2912
1779108137.7344,977,353,Center,0.5092,0.3271
1779108137.7696,958,374,Center,0.4991,0.3464
1779108137.8146,916,377,Center,0.4773,0.3491
1779108137.8603,874,378,Center,0.4556,0.3508
1779108137.8703,860,449,Center,0.4482,0.4165
1779108137.8984,812,432,Center,0.4231,0.4001
1779108137.9325,792,439,Center,0.4125,0.4073
1779108137.9651,800,474,Center,0.417,0.4398
1779108137.9992,799,520,Center,0.4165,0.4822
1779108138.0344,807,531,Center,0.4207,0.4921
1779108138.0695,805,550,Center,0.4196,0.5099
1779108138.1006,806,542,Center,0.4202,0.5021
1779108138.1346,813,511,Center,0.4239,0.4741
1779108138.1694,805,482,Center,0.4194,0.4468
1779108138.2305,794,493,Center,0.414,0.4573
1779108138.3063,796,485,Center,0.4149,0.4498
1779108138.3153,811,488,Center,0.4225,0.4521
1779108138.3384,789,481,Center,0.4111,0.4457
1779108138.3734,802,493,Center,0.418,0.4573
1779108138.4075,814,507,Center,0.4243,0.4703
1779108138.44,817,515,Center,0.426,0.4777
1779108138.4736,811,515,Center,0.4226,0.4773
1779108138.5076,802,515,Center,0.4181,0.4769
1779108138.5411,801,500,Center,0.4172,0.4633
1779108138.5743,780,478,Center,0.4064,0.4426
1779108138.6083,780,442,Center,0.4064,0.4097
1779108138.6416,800,411,Center,0.4167,0.3812
1779108138.6751,831,404,Center,0.4332,0.3749
1779108138.7104,840,403,Center,0.4375,0.3732
1779108138.7441,869,408,Center,0.4529,0.3783
1779108138.7786,870,424,Center,0.4532,0.3935
1779108138.8097,858,451,Center,0.447,0.4183
1779108138.8443,824,451,Center,0.4293,0.4177
1779108138.8776,812,454,Center,0.4234,0.4205
1779108138.916,796,458,Center,0.415,0.4244
1779108138.9473,799,458,Center,0.4162,0.4243
1779108138.9814,798,452,Center,0.4161,0.4188
1779108139.016,826,472,Center,0.4307,0.4374
1779108139.0486,830,456,Center,0.4328,0.423
1779108139.0826,827,440,Center,0.4309,0.4083
1779108139.1164,812,433,Center,0.4231,0.4014
1779108139.1493,813,426,Center,0.4236,0.3952
1779108139.1852,811,427,Center,0.4228,0.3956
1779108139.2169,821,457,Center,0.4281,0.4234
1779108139.2514,837,481,Center,0.436,0.4456
1779108139.2875,853,496,Center,0.4443,0.4597
1779108139.3611,850,509,Center,0.4432,0.4718
1779108139.4007,856,517,Center,0.4462,0.4787
1779108139.4087,863,521,Center,0.4499,0.4832
1779108139.4268,866,528,Center,0.4512,0.4895
1779108139.461,872,537,Center,0.4545,0.4974
1779108139.4931,897,545,Center,0.4675,0.5053
1779108139.5262,911,551,Center,0.4748,0.5111
1779108139.5635,934,558,Center,0.4869,0.5173
1779108139.5976,968,524,Center,0.5045,0.4854
1779108139.6286,1020,487,Center,0.5313,0.4517
1779108139.6629,1050,455,Center,0.5472,0.4217
1779108139.6973,1066,430,Center,0.5557,0.3984
1779108139.7313,1074,405,Center,0.5595,0.3753
1779108139.7655,1075,419,Center,0.5601,0.3886
1779108139.7996,1048,433,Center,0.5463,0.4016
1779108139.8326,1016,444,Center,0.5292,0.4119
1779108139.8676,974,449,Center,0.5075,0.4163
1779108139.9037,918,453,Center,0.4786,0.42
1779108139.9355,866,454,Center,0.4513,0.4207
1779108139.9691,831,454,Center,0.4332,0.4207
1779108140.0021,815,456,Center,0.4245,0.4224
1779108140.0352,813,458,Center,0.4235,0.4242
1779108140.0703,825,460,Center,0.4299,0.4268
1779108140.1022,834,464,Center,0.4344,0.4304
1779108140.1365,839,470,Center,0.4374,0.4353
1779108140.1738,844,473,Center,0.44,0.4388
1779108140.2054,847,477,Center,0.4415,0.4419
1779108140.2393,850,480,Center,0.443,0.4445
1779108140.275,853,482,Center,0.4444,0.4472
1779108140.3095,855,484,Center,0.4455,0.4486
1779108140.3418,857,484,Center,0.4464,0.449
1779108140.3754,858,485,Center,0.4469,0.4493
1779108140.4094,858,486,Center,0.4473,0.4501
1779108140.444,858,486,Center,0.4473,0.4507
1779108140.4775,858,487,Center,0.4469,0.4512
1779108140.5143,856,487,Center,0.4461,0.4518
1779108140.5467,854,488,Center,0.4448,0.4524
1779108140.5821,851,488,Center,0.4434,0.4526
1779108140.6151,847,488,Center,0.4415,0.4528
1779108140.6483,843,489,Center,0.4393,0.453
1779108140.6835,839,490,Center,0.4374,0.4537
1779108140.7178,837,490,Center,0.4361,0.4546
1779108140.7517,834,492,Center,0.4346,0.4557
1779108140.7849,850,492,Center,0.4428,0.4562
1779108140.819,866,492,Center,0.4515,0.4565
1779108140.8515,883,492,Center,0.4602,0.4562
1779108140.8861,882,491,Center,0.4597,0.455
1779108140.9211,882,489,Center,0.4598,0.4534
1779108140.9565,866,488,Center,0.4512,0.4525
1779108140.99,849,487,Center,0.4427,0.4517
1779108141.0224,833,486,Center,0.4341,0.4508
1779108141.0577,833,487,Center,0.4343,0.451
1779108141.0898,833,487,Center,0.4341,0.4517
1779108141.1256,849,488,Center,0.4425,0.4525
1779108141.1606,865,489,Center,0.4508,0.4533
1779108141.1962,881,490,Center,0.4589,0.4539
1779108141.2284,896,490,Center,0.4671,0.4543
1779108141.2618,912,492,Center,0.4752,0.4556
1779108141.2966,909,493,Center,0.4737,0.4569
1779108141.3314,905,494,Center,0.4718,0.4579
1779108141.3664,901,497,Center,0.4696,0.4603
1779108141.4004,897,499,Center,0.4677,0.4627
1779108141.4347,892,500,Center,0.4651,0.4635
1779108141.468,890,501,Center,0.4636,0.4648
1779108141.5024,888,502,Center,0.4626,0.4652
1779108141.5354,886,501,Center,0.4615,0.4642
1779108141.5725,884,500,Center,0.4607,0.4638
1779108141.6055,883,499,Center,0.4604,0.4629
1779108141.6392,881,498,Center,0.4592,0.462
1779108141.6736,878,499,Center,0.4575,0.4623
1779108141.7409,874,499,Center,0.4552,0.4627
1779108141.7815,868,498,Center,0.4523,0.4616
1779108141.7905,863,497,Center,0.4495,0.4609
1779108141.8105,858,495,Center,0.4471,0.4591
1779108141.8444,842,480,Center,0.4387,0.4452
1779108141.9094,849,452,Center,0.4425,0.4188
1779108141.9806,866,391,Center,0.4514,0.3627
1779108142.0215,894,336,Center,0.4658,0.3115
1779108142.065,923,247,Center,0.4808,0.2287
1779108142.1096,961,222,Center,0.5006,0.2057
1779108142.1496,960,150,Center,0.5003,0.1396
1779108142.1964,948,131,Center,0.4938,0.1217
1779108142.617,926,103,Center,0.4825,0.0959
1779108142.6587,907,126,Center,0.4729,0.1169
1779108142.7004,890,101,Center,0.4637,0.0938
1779108142.8004,929,178,Center,0.4841,0.1653
1779108142.842,940,220,Center,0.49,0.2039
1779108142.8875,934,294,Center,0.4866,0.2726
1779108142.9293,921,336,Center,0.4799,0.3119
1779108142.9764,912,367,Center,0.4754,0.3401
1779108143.0174,864,348,Center,0.4502,0.3231
1779108143.0577,845,344,Center,0.4404,0.3194
1779108143.1022,833,311,Center,0.434,0.2881
1779108143.1484,833,292,Center,0.4343,0.2708
1779108143.1944,836,287,Center,0.4357,0.266
1779108143.2357,834,292,Center,0.4348,0.2707
1779108143.2872,838,315,Center,0.4365,0.2921
1779108143.3334,850,346,Center,0.4428,0.3205
1779108143.3763,851,383,Center,0.4433,0.3553
1779108143.4245,867,389,Center,0.4518,0.3602
1779108143.4694,900,398,Center,0.4689,0.3685
1779108143.5156,943,393,Center,0.4912,0.364
1779108143.5619,977,382,Center,0.509,0.3543
1779108143.6059,1013,366,Center,0.5279,0.3397
1779108143.6529,1008,366,Center,0.5251,0.3395
1779108143.6976,979,330,Center,0.5102,0.3063
1779108143.7499,940,290,Center,0.4898,0.269
1779108143.7893,917,249,Center,0.4778,0.2312
1779108143.834,867,207,Center,0.4517,0.1917
1779108143.8803,843,176,Center,0.4395,0.1635
1779108143.9264,834,188,Center,0.4346,0.1747
1779108143.9724,823,211,Center,0.4287,0.1955
1779108144.0167,805,234,Center,0.4194,0.2167
1779108144.0565,824,261,Center,0.4295,0.2421
1779108144.1051,839,288,Center,0.4373,0.2671
1779108144.1446,850,300,Center,0.4431,0.2787
1779108144.1912,860,305,Center,0.4482,0.2827
1779108144.2345,888,311,Center,0.4628,0.2888
1779108144.2815,896,316,Center,0.4671,0.2931
1779108144.3266,903,320,Center,0.4704,0.297
1779108144.3712,905,321,Center,0.4714,0.2977
1779108144.4182,907,322,Center,0.4726,0.2984
1779108144.4623,891,317,Center,0.4644,0.294
1779108144.511,882,307,Center,0.4596,0.2845
1779108144.5576,892,340,Center,0.4648,0.3152
1779108144.6063,927,373,Center,0.4831,0.3458
1779108144.6493,962,404,Center,0.5012,0.3743
1779108144.6932,996,434,Center,0.519,0.4027
1779108144.7435,1027,468,Center,0.535,0.434
1779108144.7893,1033,459,Center,0.5381,0.4251
1779108144.8364,1034,452,Center,0.539,0.4194
1779108144.881,1049,449,Center,0.5464,0.4158
1779108144.9234,1062,444,Center,0.5534,0.4119
1779108144.9721,1042,431,Center,0.5429,0.3994
1779108145.0141,1028,410,Center,0.5358,0.3804
1779108145.0622,998,387,Center,0.5198,0.3586
1779108145.1084,954,362,Center,0.4971,0.3352
1779108145.1599,924,339,Center,0.4813,0.3142
1779108145.2024,932,335,Center,0.4856,0.311
1779108145.2475,944,358,Center,0.4917,0.3315
1779108145.2975,960,404,Center,0.5002,0.3748
1779108145.3411,985,448,Center,0.5133,0.4154
1779108145.3901,979,474,Center,0.5103,0.4395
1779108145.4371,1000,509,Center,0.5213,0.4716
1779108145.4875,969,495,Center,0.505,0.4592
1779108145.5306,946,405,Center,0.4931,0.375
1779108145.5742,1124,513,Center,0.5855,0.4751
1779108145.6247,1091,519,Center,0.5687,0.4812
1779108145.6345,1031,508,Center,0.5374,0.4709
1779108145.6516,1035,541,Center,0.5392,0.5011
1779108145.6818,1015,603,Center,0.529,0.5592
1779108145.7156,803,443,Center,0.4187,0.4104
1779108145.7516,802,405,Center,0.4179,0.3757
1779108145.786,832,376,Center,0.4335,0.3487
1779108145.8857,849,326,Center,0.4424,0.3023
1779108145.8938,877,302,Center,0.4572,0.2801
1779108145.9223,878,327,Center,0.4574,0.3029
1779108145.9834,887,370,Center,0.4624,0.343
1779108146.0245,867,405,Center,0.4519,0.3752
1779108146.0711,841,442,Center,0.4383,0.4096
1779108146.1161,814,478,Center,0.4242,0.4429
1779108146.1257,798,494,Center,0.4161,0.4581
1779108146.1372,793,488,Center,0.4134,0.4527
1779108146.1622,779,483,Center,0.406,0.4479
1779108146.1941,767,484,Left,0.3998,0.4486
1779108146.2293,760,487,Left,0.3958,0.4512
1779108146.2954,758,490,Left,0.3948,0.4543
1779108146.3356,744,494,Left,0.3878,0.4583
1779108146.3466,738,498,Left,0.3846,0.4617
1779108146.3706,757,501,Left,0.3947,0.4645
1779108146.4013,767,504,Left,0.3996,0.4675
1779108146.4639,779,507,Center,0.4061,0.4701
1779108146.4769,803,509,Center,0.4186,0.4719
1779108146.5005,823,511,Center,0.4291,0.4739
1779108146.5635,832,478,Center,0.4337,0.4426
1779108146.6101,845,445,Center,0.4403,0.4126
1779108146.6191,849,413,Center,0.4424,0.3824
1779108146.6408,851,381,Center,0.4433,0.3535
1779108146.6724,861,351,Center,0.4485,0.3258
1779108146.7405,856,358,Center,0.4463,0.3319
1779108146.7765,852,363,Center,0.4441,0.3363
1779108146.7885,848,367,Center,0.442,0.3407
1779108146.8096,844,371,Center,0.4396,0.3443
1779108146.8446,832,374,Center,0.4338,0.3467
1779108146.878,823,379,Center,0.4288,0.351
1779108146.9111,829,384,Center,0.432,0.356
1779108146.9464,832,391,Center,0.4334,0.3623
1779108146.9792,831,398,Center,0.433,0.3685
1779108147.0124,831,405,Center,0.4331,0.3751
1779108147.0466,829,410,Center,0.432,0.3805
1779108147.0804,810,416,Center,0.4222,0.3855
1779108147.1139,789,423,Center,0.4111,0.3924
1779108147.1483,771,432,Center,0.4016,0.4001
1779108147.1823,765,440,Left,0.3986,0.4083
1779108147.2155,772,448,Center,0.4024,0.415
1779108147.2507,780,455,Center,0.4065,0.4218
1779108147.2832,789,460,Center,0.4109,0.4267
1779108147.317,798,465,Center,0.4158,0.4312
1779108147.35,795,470,Center,0.4143,0.4353
1779108147.3843,797,474,Center,0.4155,0.4396
1779108147.4188,799,479,Center,0.4165,0.4441
1779108147.4569,802,483,Center,0.4182,0.4475
1779108147.4882,806,488,Center,0.4199,0.4521
1779108147.5205,809,493,Center,0.4215,0.4565
1779108147.556,798,499,Center,0.4157,0.4626
1779108147.5887,790,506,Center,0.4115,0.4693
1779108147.6213,784,513,Center,0.4083,0.4752
1779108147.6926,778,517,Center,0.4057,0.4791
1779108147.7022,775,521,Center,0.4037,0.4826
1779108147.7257,772,522,Center,0.4025,0.4838
1779108147.7588,772,521,Center,0.4025,0.4828
1779108147.7948,759,521,Left,0.3954,0.4826
1779108147.8273,751,521,Left,0.3912,0.4827
1779108147.8946,748,521,Left,0.3897,0.4829
1779108147.9388,749,519,Left,0.3904,0.4814
1779108147.9791,749,516,Left,0.3904,0.478
1779108148.0223,766,511,Left,0.3991,0.4733
1779108148.0319,778,505,Center,0.4057,0.4682
1779108148.0669,789,498,Center,0.4111,0.462
1779108148.1004,794,491,Center,0.4141,0.4553
1779108148.164,800,483,Center,0.4167,0.4477
1779108148.1985,803,469,Center,0.4184,0.4352
1779108148.2076,806,456,Center,0.4201,0.4226
1779108148.2347,806,440,Center,0.42,0.4075
1779108148.2676,820,424,Center,0.4276,0.3928
1779108148.3024,834,411,Center,0.4344,0.3813
1779108148.3407,847,404,Center,0.4415,0.375
1779108148.3724,861,397,Center,0.4485,0.3676
1779108148.4033,874,392,Center,0.4557,0.3633
1779108148.4386,873,389,Center,0.455,0.3606
1779108148.4725,874,386,Center,0.4554,0.358
1779108148.5056,862,384,Center,0.4491,0.3563
1779108148.5382,854,384,Center,0.4453,0.3565
1779108148.5723,850,386,Center,0.4432,0.3578
1779108148.6065,848,388,Center,0.442,0.3597
1779108148.6422,847,391,Center,0.4416,0.3627
1779108148.6752,861,395,Center,0.4486,0.3663
1779108148.7107,873,402,Center,0.4548,0.3727
1779108148.7809,868,411,Center,0.4522,0.3813
1779108148.8165,866,424,Center,0.4515,0.3928
1779108148.856,864,435,Center,0.4503,0.4034
1779108148.9016,848,446,Center,0.4417,0.4135
1779108148.9387,830,453,Center,0.4323,0.4202
1779108148.9487,825,458,Center,0.4301,0.4241
1779108149.0235,817,458,Center,0.4259,0.4249
1779108149.0615,830,449,Center,0.4323,0.4163
1779108149.1045,862,402,Center,0.4492,0.3724
1779108149.1455,892,310,Center,0.4647,0.2873
1779108149.1861,926,218,Center,0.4823,0.2021
1779108149.2444,968,126,Center,0.5046,0.1169
1779108149.2884,978,44,Center,0.5096,0.0409
1779108149.6773,978,0,Center,0.5096,0.0
1779108149.7154,972,56,Center,0.5068,0.0524
1779108149.7577,963,130,Center,0.5017,0.1209
1779108149.804,984,220,Center,0.5127,0.2043
1779108149.8414,997,289,Center,0.5197,0.2681
1779108149.8854,1011,357,Center,0.5269,0.331
1779108149.93,1018,317,Center,0.5303,0.2944
1779108149.9766,1031,266,Center,0.5371,0.2468
1779108150.0222,1001,200,Center,0.5216,0.1854
1779108150.0616,1010,192,Center,0.5262,0.1785
1779108150.1001,1032,156,Center,0.5379,0.1453
1779108150.1427,1008,207,Center,0.5251,0.1924
1779108150.1852,985,215,Center,0.5132,0.1998
1779108150.2304,955,215,Center,0.4976,0.1991
1779108150.2783,921,219,Center,0.4799,0.2035
1779108150.3256,891,249,Center,0.4641,0.2312
1779108150.3635,919,238,Center,0.4787,0.2206
1779108150.4063,961,261,Center,0.5006,0.2424
1779108150.4503,986,288,Center,0.5137,0.267
1779108150.4966,979,239,Center,0.5103,0.2218
1779108150.5435,945,229,Center,0.4922,0.2124
1779108150.5836,917,215,Center,0.4779,0.1992
1779108150.6288,870,199,Center,0.4534,0.1843
1779108150.6704,842,187,Center,0.439,0.1732
1779108150.7102,862,197,Center,0.4494,0.1828
1779108150.7623,903,228,Center,0.4705,0.2116
1779108150.8014,921,272,Center,0.4798,0.2522
1779108150.845,923,323,Center,0.4812,0.2992
1779108150.8897,939,382,Center,0.4891,0.3539
1779108150.9323,910,408,Center,0.474,0.3785
1779108150.9815,878,408,Center,0.4578,0.3782
1779108151.0235,879,414,Center,0.4582,0.384
1779108151.0635,891,379,Center,0.4645,0.3513
1779108151.1066,894,333,Center,0.466,0.3089
1779108151.1451,901,295,Center,0.4695,0.2734
1779108151.1993,875,223,Center,0.4559,0.2072
1779108151.2433,819,159,Center,0.427,0.1473
1779108151.2513,765,133,Left,0.3986,0.1232
1779108151.3019,734,141,Left,0.3825,0.1308
1779108151.3494,722,173,Left,0.3763,0.1603
1779108151.3984,739,239,Left,0.385,0.2217
1779108151.4434,767,315,Left,0.3999,0.2918
1779108151.5201,803,372,Center,0.4183,0.3445
1779108151.5605,809,389,Center,0.4215,0.3603
1779108151.5695,806,417,Center,0.42,0.3862
1779108151.5996,816,405,Center,0.425,0.3751
1779108151.6307,812,392,Center,0.4234,0.3634
1779108151.6667,803,373,Center,0.4185,0.3459
1779108151.7003,819,380,Center,0.4269,0.3523
1779108151.7334,817,378,Center,0.4256,0.3508
1779108151.7685,807,382,Center,0.4205,0.3539
1779108151.8436,802,357,Center,0.4179,0.3308
1779108151.8826,809,364,Center,0.4218,0.3376
1779108151.9243,791,361,Center,0.4124,0.3345
1779108151.9703,804,358,Center,0.419,0.3316
1779108152.0094,797,363,Center,0.4155,0.3365
1779108152.0495,819,373,Center,0.4268,0.3457
1779108152.1009,829,376,Center,0.4318,0.349
1779108152.1494,828,374,Center,0.4315,0.3472
1779108152.1584,815,381,Center,0.4248,0.353
1779108152.2096,831,402,Center,0.433,0.3731
1779108152.2545,811,424,Center,0.4229,0.3929
1779108152.2966,800,415,Center,0.4168,0.3845
1779108152.3061,806,405,Center,0.4199,0.3751
1779108152.3181,812,395,Center,0.4231,0.3658
1779108152.3858,808,380,Center,0.4212,0.3522
1779108152.4283,833,367,Center,0.4339,0.3403
1779108152.4723,831,387,Center,0.433,0.3591
1779108152.5133,825,413,Center,0.43,0.3827
1779108152.56,819,442,Center,0.4267,0.4096
1779108152.569,806,457,Center,0.4203,0.4237
1779108152.6211,787,440,Center,0.41,0.4078
1779108152.6303,784,419,Center,0.4088,0.3885
1779108152.6905,806,402,Center,0.42,0.3728
1779108152.7303,825,385,Center,0.4299,0.3567
1779108152.7752,839,369,Center,0.4373,0.3419
1779108152.7837,851,382,Center,0.4435,0.3544
1779108152.8312,871,397,Center,0.4541,0.3679
1779108152.8733,870,402,Center,0.4534,0.373
1779108152.9158,874,405,Center,0.4553,0.3756
1779108152.9592,886,408,Center,0.4615,0.3781
1779108153.0023,886,380,Center,0.4616,0.3525
1779108153.0545,882,360,Center,0.4598,0.3337
1779108153.094,872,347,Center,0.4545,0.3222
1779108153.1397,871,341,Center,0.4539,0.316
1779108153.1828,865,335,Center,0.451,0.3107
1779108153.2261,882,354,Center,0.4597,0.328
1779108153.2789,886,379,Center,0.4617,0.3513
1779108153.321,894,374,Center,0.466,0.3472
1779108153.3723,893,373,Center,0.4655,0.3459
1779108153.4137,883,378,Center,0.4602,0.3505
1779108153.459,866,365,Center,0.4513,0.3384
1779108153.5013,856,356,Center,0.4463,0.33
1779108153.54,851,375,Center,0.4435,0.3477
1779108153.5841,843,356,Center,0.4392,0.3303
1779108153.633,846,336,Center,0.4408,0.312
1779108153.6796,847,348,Center,0.4413,0.3229
1779108153.7259,863,348,Center,0.4499,0.3228
1779108153.7693,880,345,Center,0.4584,0.3195
1779108153.815,898,373,Center,0.4678,0.346
1779108153.8659,914,396,Center,0.4765,0.3667
1779108153.9084,929,374,Center,0.4843,0.3471
1779108153.9564,917,348,Center,0.4776,0.3228
1779108154.0016,904,325,Center,0.4712,0.3013
1779108154.0507,892,303,Center,0.4649,0.2812
1779108154.0933,864,283,Center,0.4504,0.2625
1779108154.1373,837,306,Center,0.4362,0.2837
1779108154.1889,820,334,Center,0.4272,0.3095
1779108154.2341,799,361,Center,0.4165,0.3347
1779108154.279,791,387,Center,0.4123,0.359
1779108154.3241,795,410,Center,0.4145,0.3803
1779108154.3731,800,426,Center,0.4167,0.3949
1779108154.4183,819,438,Center,0.4269,0.4057
1779108154.4619,837,445,Center,0.436,0.4123
1779108154.5075,838,417,Center,0.4368,0.3866
1779108154.5576,841,391,Center,0.4385,0.3623
1779108154.6022,844,367,Center,0.4398,0.3405
1779108154.6462,845,341,Center,0.4403,0.3166
1779108154.6908,849,315,Center,0.4423,0.292
1779108154.7454,852,320,Center,0.4443,0.2964
1779108154.7904,854,325,Center,0.445,0.3012
1779108154.8382,858,329,Center,0.4472,0.305
1779108154.8843,851,328,Center,0.4435,0.3042
1779108154.9314,849,318,Center,0.4424,0.2949
1779108154.9985,869,300,Center,0.453,0.2784
1779108155.0765,868,311,Center,0.4524,0.2887
1779108155.1515,871,317,Center,0.4539,0.2936
1779108155.2231,870,326,Center,0.4535,0.3024
1779108155.2738,866,339,Center,0.4515,0.314
1779108155.3156,843,351,Center,0.4392,0.3257
1779108155.36,824,328,Center,0.4292,0.3042
1779108155.4027,812,339,Center,0.4231,0.3145
1779108155.4549,798,348,Center,0.4157,0.323
1779108155.5016,773,363,Center,0.403,0.3364
1779108155.5458,755,384,Left,0.3937,0.3563
1779108155.5952,761,410,Left,0.3967,0.3803
1779108155.6388,757,407,Left,0.3944,0.3774
1779108155.6867,760,407,Left,0.396,0.3771
1779108155.7283,774,408,Center,0.4033,0.3781
1779108155.7753,782,410,Center,0.4076,0.3801
1779108155.8224,787,413,Center,0.41,0.3829
1779108155.8665,787,416,Center,0.41,0.3857
1779108155.9115,798,418,Center,0.416,0.3878
1779108155.9566,809,420,Center,0.4216,0.3898
1779108156.0016,820,422,Center,0.4272,0.3914
1779108156.0502,833,424,Center,0.4339,0.3929
1779108156.0952,848,420,Center,0.442,0.3891
1779108156.1484,837,409,Center,0.4362,0.3791
1779108156.1914,828,392,Center,0.4317,0.3631
1779108156.2014,820,374,Center,0.4271,0.3469
1779108156.2252,810,353,Center,0.4222,0.3277
1779108156.2595,812,327,Center,0.4234,0.3037
1779108156.291,827,305,Center,0.4312,0.283
1779108156.3282,840,287,Center,0.4377,0.2664
1779108156.3599,852,268,Center,0.4441,0.2489
1779108156.3929,863,252,Center,0.4497,0.2338
1779108156.4947,856,249,Center,0.4461,0.2307
1779108156.5348,851,248,Center,0.4435,0.23
1779108156.5478,847,249,Center,0.4412,0.2309
1779108156.5679,833,252,Center,0.4339,0.2336
1779108156.5984,809,257,Center,0.4218,0.238
1779108156.6314,813,260,Center,0.4239,0.2411
1779108156.6662,814,264,Center,0.4243,0.2451
1779108156.7294,806,274,Center,0.4202,0.2544
1779108156.7734,815,284,Center,0.4248,0.2632
1779108156.7854,834,292,Center,0.4346,0.2709
1779108156.8052,815,299,Center,0.4249,0.2773
1779108156.8358,800,303,Center,0.4168,0.2814
1779108156.8703,798,332,Center,0.4157,0.3083
1779108156.9044,790,359,Center,0.4117,0.3325
1779108156.9381,783,383,Center,0.4081,0.355
1779108156.9731,791,404,Center,0.4122,0.3746
1779108157.0062,812,425,Center,0.4233,0.394
1779108157.0394,825,417,Center,0.43,0.3865
1779108157.0755,836,411,Center,0.4358,0.3811
1779108157.1095,839,408,Center,0.4372,0.3781
1779108157.1782,855,408,Center,0.4455,0.3784
1779108157.2232,852,411,Center,0.4441,0.3806
1779108157.2608,851,412,Center,0.4435,0.3816
1779108157.3044,846,413,Center,0.441,0.3832
1779108157.3427,847,417,Center,0.4414,0.3862
1779108157.3537,834,419,Center,0.4349,0.3887
1779108157.3817,811,422,Center,0.4226,0.3912
1779108157.4147,790,425,Center,0.4116,0.3939
1779108157.4509,775,430,Center,0.4038,0.3986
1779108157.4824,767,438,Left,0.3997,0.4063
1779108157.5531,761,449,Left,0.3967,0.4162
1779108157.5922,761,460,Left,0.3964,0.4261
1779108157.6383,771,469,Center,0.4017,0.4343
1779108157.682,782,475,Center,0.4076,0.4403
1779108157.7246,791,476,Center,0.4125,0.4409
1779108157.7722,804,473,Center,0.4188,0.4383
1779108157.8163,830,469,Center,0.4323,0.4349
1779108157.8254,845,467,Center,0.4402,0.4329
1779108157.8815,846,457,Center,0.4408,0.4237
1779108157.926,844,447,Center,0.4397,0.4144
1779108157.9368,837,438,Center,0.4362,0.4058
1779108157.9988,828,421,Center,0.4314,0.3899
1779108158.0384,818,404,Center,0.4265,0.3741
1779108158.0814,823,394,Center,0.4287,0.3649
1779108158.0904,827,385,Center,0.4308,0.3566
1779108158.1033,833,375,Center,0.434,0.3478
1779108158.1324,841,372,Center,0.4384,0.345
1779108158.1676,852,367,Center,0.4439,0.34
1779108158.1989,860,361,Center,0.4482,0.3344
1779108158.2331,871,354,Center,0.4537,0.328
1779108158.2998,882,344,Center,0.4594,0.3192
1779108158.3396,859,337,Center,0.4477,0.3127
1779108158.3793,844,329,Center,0.4399,0.3052
1779108158.4212,833,320,Center,0.4341,0.2968
1779108158.4635,821,313,Center,0.4279,0.29
1779108158.4725,806,309,Center,0.4203,0.2861
1779108158.5046,823,305,Center,0.4288,0.2824
1779108158.5396,830,304,Center,0.4328,0.2816
1779108158.5726,836,305,Center,0.4358,0.2833
1779108158.6066,840,307,Center,0.4377,0.2846
1779108158.6733,844,309,Center,0.4397,0.2864
1779108158.6823,846,310,Center,0.4411,0.2878
1779108158.7114,851,317,Center,0.4436,0.2942
1779108158.7708,855,323,Center,0.4454,0.2998
1779108158.8054,862,329,Center,0.4493,0.305
1779108158.8444,871,334,Center,0.454,0.3098
1779108158.888,882,339,Center,0.4594,0.3147
1779108158.929,874,340,Center,0.4557,0.315
1779108158.9713,868,341,Center,0.4522,0.3163
1779108159.0155,859,345,Center,0.4475,0.32
1779108159.4674,849,350,Center,0.4424,0.3249
1779108159.4759,838,356,Center,0.4367,0.3298
1779108159.5294,843,372,Center,0.4396,0.3449
1779108159.5695,836,388,Center,0.4355,0.3596
1779108159.5785,827,401,Center,0.4308,0.3718
1779108159.5984,820,414,Center,0.4273,0.3834
1779108159.6386,816,428,Center,0.4254,0.3966
1779108159.7034,812,431,Center,0.423,0.3996
1779108159.7488,820,434,Center,0.4271,0.4021
1779108159.7874,828,436,Center,0.4318,0.4045
1779108159.8276,835,438,Center,0.4352,0.4065
1779108159.8721,840,440,Center,0.4375,0.4076
1779108159.9191,845,403,Center,0.4404,0.3739
1779108159.9652,851,367,Center,0.4433,0.3404
1779108160.0067,841,333,Center,0.4381,0.3086
1779108160.0507,829,301,Center,0.4323,0.279
1779108160.0963,818,271,Center,0.4261,0.2515
1779108160.1395,802,280,Center,0.4179,0.2593
1779108160.1833,784,291,Center,0.4085,0.2701
1779108160.1943,780,301,Center,0.4067,0.2794
1779108160.2113,777,311,Center,0.4049,0.2882
1779108160.2469,774,320,Center,0.4035,0.2969
1779108160.3135,783,329,Center,0.408,0.3054
1779108160.3552,789,335,Center,0.4114,0.3106
1779108160.3642,796,341,Center,0.4148,0.3159
1779108160.3843,798,345,Center,0.416,0.3202
1779108160.4155,798,347,Center,0.4158,0.3218
1779108160.4801,788,350,Center,0.4105,0.3245
1779108160.5272,783,354,Center,0.4082,0.3283
1779108160.5374,779,358,Center,0.4059,0.3321
1779108160.5514,781,362,Center,0.4068,0.336
1779108160.5845,784,371,Center,0.4088,0.3437
1779108160.6224,788,377,Center,0.4109,0.3495
1779108160.6545,790,382,Center,0.4115,0.3541
1779108160.6856,791,387,Center,0.4122,0.3588
1779108160.7197,791,391,Center,0.4125,0.362
1779108160.7533,792,389,Center,0.4125,0.3611
1779108160.7878,794,387,Center,0.4139,0.3591
1779108160.8204,799,385,Center,0.4162,0.3567
1779108160.8544,807,381,Center,0.4207,0.3533
1779108160.8874,817,378,Center,0.4259,0.35
1779108160.9222,828,374,Center,0.4314,0.3468
1779108160.9552,838,372,Center,0.4368,0.3448
1779108160.9898,848,370,Center,0.4419,0.3431
1779108161.0234,853,369,Center,0.4446,0.3417
1779108161.0595,856,365,Center,0.4461,0.3388
1779108161.0916,859,362,Center,0.4478,0.3357
1779108161.1241,861,359,Center,0.4486,0.3327
1779108161.158,863,355,Center,0.4498,0.3291
1779108161.1934,866,351,Center,0.4514,0.3257
1779108161.2255,871,350,Center,0.4537,0.3242
1779108161.2593,859,349,Center,0.4474,0.3237
1779108161.2948,847,348,Center,0.4412,0.323
1779108161.3279,834,348,Center,0.4348,0.3229
1779108161.362,821,348,Center,0.4281,0.3224
1779108161.3963,808,347,Center,0.4209,0.3216
1779108161.4329,810,345,Center,0.422,0.3201
1779108161.4661,811,340,Center,0.4227,0.3149
1779108161.5007,813,330,Center,0.4239,0.3064
1779108161.5355,816,355,Center,0.4251,0.3289
1779108161.5693,818,376,Center,0.4263,0.3485
1779108161.6046,820,397,Center,0.4274,0.3676
1779108161.64,823,420,Center,0.429,0.3894
1779108161.6717,825,447,Center,0.4298,0.4145
1779108161.7073,826,441,Center,0.4305,0.409
1779108161.7406,829,438,Center,0.4319,0.4057
1779108161.7793,832,435,Center,0.4336,0.4031
1779108161.8084,836,431,Center,0.4355,0.3997
1779108161.8434,824,427,Center,0.4293,0.3961
1779108161.8774,812,423,Center,0.4232,0.3918
1779108161.9106,800,418,Center,0.4167,0.3879
1779108161.9447,787,415,Center,0.4101,0.3843
1779108161.9803,774,413,Center,0.4035,0.3827
1779108162.0128,777,411,Center,0.4052,0.3812
1779108162.0474,780,411,Center,0.4066,0.3808
1779108162.0841,783,411,Center,0.4079,0.3809
1779108162.1552,784,413,Center,0.4086,0.3828
1779108162.1662,784,415,Center,0.4087,0.3846
1779108162.184,783,417,Center,0.4083,0.3863
1779108162.2533,796,419,Center,0.4148,0.3885
1779108162.2916,808,424,Center,0.4209,0.3932
1779108162.3016,820,427,Center,0.4272,0.3959
1779108162.3595,818,430,Center,0.4262,0.3985
1779108162.4036,817,435,Center,0.4256,0.4036
1779108162.4422,802,400,Center,0.4182,0.371
1779108162.4532,789,362,Center,0.4111,0.3359
1779108162.495,760,325,Left,0.3962,0.3011
1779108162.5363,746,287,Left,0.3889,0.2665
1779108162.5793,733,250,Left,0.382,0.2317
1779108162.6281,721,254,Left,0.3757,0.2356
1779108162.6666,768,257,Center,0.4002,0.2385
1779108162.7132,828,259,Center,0.4315,0.2403
1779108162.7578,887,260,Center,0.4621,0.2416
1779108162.8065,941,260,Center,0.4903,0.2413
1779108162.8514,1021,258,Center,0.5322,0.2398
1779108162.8929,1039,257,Center,0.5413,0.2389
1779108162.9366,1053,260,Center,0.5486,0.2408
1779108162.9787,1061,271,Center,0.5531,0.2515
1779108163.0217,1082,291,Center,0.5638,0.2695
1779108163.0682,1067,312,Center,0.556,0.2892
1779108163.1114,1050,331,Center,0.5469,0.3074
1779108163.1505,1034,345,Center,0.5386,0.3199
1779108163.1936,1027,348,Center,0.5349,0.3224
1779108163.2368,1027,341,Center,0.5349,0.3165
1779108163.2874,1028,331,Center,0.5359,0.3072
1779108163.3295,1045,323,Center,0.5446,0.2991
1779108163.3706,1066,319,Center,0.5555,0.2955
1779108163.4126,1094,319,Center,0.5701,0.296
1779108163.4543,1090,326,Center,0.5679,0.3027
1779108163.5034,1088,338,Center,0.5669,0.3131
1779108163.5507,1074,353,Center,0.5594,0.3272
1779108163.5895,1063,368,Center,0.5538,0.3412
1779108163.6304,1053,386,Center,0.5488,0.3582
1779108163.6724,1056,401,Center,0.5501,0.3714
1779108163.7167,1075,414,Center,0.5599,0.3842
1779108163.7614,1096,427,Center,0.5713,0.3956
1779108163.8084,1116,439,Center,0.5813,0.4073
1779108163.8479,1110,446,Center,0.5784,0.4136
1779108163.8894,1110,451,Center,0.5785,0.4182
1779108163.9345,1098,453,Center,0.5723,0.42
1779108163.9786,1088,453,Center,0.5672,0.42
1779108164.0264,1078,452,Center,0.5615,0.4186
1779108164.0665,1081,450,Center,0.5634,0.4172
1779108164.1081,1086,449,Center,0.5661,0.4159
1779108164.1559,1091,449,Center,0.5687,0.4158
1779108164.2024,1096,449,Center,0.571,0.4166
1779108164.2495,1087,450,Center,0.5667,0.4174
1779108164.2836,1046,451,Center,0.5452,0.418
1779108164.3167,996,450,Center,0.5192,0.4174
1779108164.3747,949,449,Center,0.4946,0.4164
1779108164.4164,905,448,Center,0.4718,0.4154
1779108164.4603,862,446,Center,0.449,0.4136
1779108164.5125,853,445,Center,0.4446,0.4124
1779108164.5555,854,444,Center,0.4451,0.4119
1779108164.5986,839,443,Center,0.4373,0.4106
1779108164.6385,820,441,Center,0.4273,0.4085
1779108164.6495,813,440,Center,0.4238,0.4076
1779108164.7015,814,431,Center,0.4245,0.3998
1779108164.7145,813,423,Center,0.4236,0.3924
1779108164.7354,812,412,Center,0.4233,0.3819
1779108164.8097,817,382,Center,0.426,0.3543
1779108164.819,823,352,Center,0.4288,0.3267
1779108164.8713,819,352,Center,0.4267,0.3262
1779108164.9161,818,349,Center,0.4261,0.3238
1779108164.9646,859,336,Center,0.4474,0.3117
1779108165.0107,911,332,Center,0.4745,0.3083
1779108165.0477,966,330,Center,0.5034,0.3064
1779108165.0565,1020,306,Center,0.5313,0.2839
1779108165.0745,1072,285,Center,0.5585,0.2644
1779108165.1086,1094,279,Center,0.5701,0.2588
1779108165.1741,1099,283,Center,0.5729,0.2621
1779108165.2182,1101,287,Center,0.5736,0.2663
1779108165.2672,1102,294,Center,0.5742,0.2731
1779108165.3078,1102,303,Center,0.574,0.2808
1779108165.3528,1100,312,Center,0.5734,0.2892
1779108165.3928,1061,324,Center,0.5528,0.3009
1779108165.4341,997,340,Center,0.5195,0.315
1779108165.4843,941,356,Center,0.4903,0.3305
1779108165.5265,873,374,Center,0.4551,0.3467
1779108165.5715,807,396,Center,0.4205,0.3673
1779108165.6115,770,381,Center,0.4013,0.3528
1779108165.6486,773,398,Center,0.4027,0.369
1779108165.6998,763,412,Left,0.3975,0.3822
1779108165.7374,768,413,Center,0.4001,0.3827
1779108165.7869,797,349,Center,0.4151,0.324
1779108165.797,834,320,Center,0.4348,0.2968
1779108165.8225,871,227,Center,0.4538,0.2107
1779108165.8952,914,133,Center,0.4762,0.1237
1779108165.9398,959,50,Center,0.4999,0.0468
1779108165.9793,957,25,Center,0.499,0.0234
1779108166.0223,962,0,Center,0.5014,0.0
1779108166.064,967,0,Center,0.5039,0.0
1779108166.1453,970,0,Center,0.5053,0.0
1779108166.1819,953,1,Center,0.4967,0.0011
1779108166.2261,970,80,Center,0.5055,0.0748
1779108166.2683,990,181,Center,0.5161,0.1678
1779108166.3109,979,275,Center,0.51,0.2554
1779108166.3655,967,345,Center,0.504,0.3199
1779108166.4048,963,450,Center,0.5016,0.4174
1779108166.4507,978,475,Center,0.5094,0.44
1779108166.4927,963,456,Center,0.502,0.4228
1779108166.543,984,479,Center,0.5129,0.4439
1779108166.5915,987,531,Center,0.5144,0.4917
1779108166.632,998,550,Center,0.5203,0.5094
1779108166.6767,978,572,Center,0.5096,0.5298
1779108166.7549,995,611,Center,0.5183,0.5659
1779108166.7978,970,574,Center,0.5057,0.5318
1779108166.8448,965,528,Center,0.5029,0.489
1779108166.8889,926,499,Center,0.4823,0.4623
1779108166.9639,903,429,Center,0.4708,0.3979
1779108167.0058,863,374,Center,0.4496,0.3467
1779108167.0474,841,383,Center,0.4384,0.3549
1779108167.0888,832,403,Center,0.4338,0.3733
1779108167.1344,853,400,Center,0.4443,0.3708
1779108167.1792,860,413,Center,0.4483,0.3827
1779108167.22,853,355,Center,0.4445,0.3289
1779108167.2668,843,276,Center,0.4394,0.2559
1779108167.3132,859,216,Center,0.4476,0.2
1779108167.3497,876,167,Center,0.4565,0.1555
1779108167.3944,860,185,Center,0.4481,0.1719
1779108167.4424,879,223,Center,0.458,0.2073
1779108167.4836,913,258,Center,0.4759,0.2396
1779108167.5302,877,287,Center,0.4569,0.2666
1779108167.5707,837,298,Center,0.4364,0.2764
1779108167.6133,841,266,Center,0.4385,0.2471
1779108167.6544,799,252,Center,0.4162,0.2342
1779108167.6955,769,221,Center,0.401,0.2052
1779108167.7336,783,203,Center,0.4081,0.1886
1779108167.7814,793,180,Center,0.4131,0.1667
1779108167.8241,807,183,Center,0.4208,0.1699
1779108167.8733,858,206,Center,0.447,0.1913
1779108167.92,864,259,Center,0.4502,0.2405
1779108167.968,857,269,Center,0.4468,0.2494
1779108168.0071,859,312,Center,0.4477,0.289
1779108168.0526,854,324,Center,0.4452,0.3005
1779108168.0952,826,333,Center,0.4302,0.3083
1779108168.1429,836,332,Center,0.4358,0.3075
1779108168.1864,860,360,Center,0.448,0.3337
1779108168.2296,883,336,Center,0.46,0.312
1779108168.2742,911,355,Center,0.4746,0.3291
1779108168.3172,943,380,Center,0.4912,0.3527
1779108168.363,963,404,Center,0.502,0.3749
1779108168.405,975,377,Center,0.5081,0.3499
1779108168.4448,987,420,Center,0.5141,0.3896
1779108168.4823,964,422,Center,0.5024,0.3908
1779108168.5274,976,423,Center,0.5086,0.3925
1779108168.5704,941,427,Center,0.4902,0.3959
1779108168.6186,920,427,Center,0.4793,0.3961
1779108168.6646,912,402,Center,0.4751,0.3725
1779108168.7095,902,353,Center,0.47,0.3277
1779108168.7526,881,331,Center,0.459,0.3074
1779108168.7932,880,260,Center,0.4587,0.2409
1779108168.8318,851,219,Center,0.4437,0.2033
1779108168.8826,813,215,Center,0.4238,0.1993
1779108168.9283,790,223,Center,0.4119,0.2067
1779108168.9684,762,230,Left,0.3969,0.2138
1779108169.0126,765,266,Left,0.3988,0.2467
1779108169.0582,779,297,Center,0.4061,0.2754
1779108169.1037,791,310,Center,0.4124,0.2877
1779108169.1472,802,328,Center,0.418,0.3038
1779108169.1902,817,314,Center,0.4259,0.2908
1779108169.2363,826,350,Center,0.4306,0.3248
1779108169.2458,837,398,Center,0.4364,0.3688
1779108169.2668,833,411,Center,0.4339,0.3812
1779108169.3364,831,416,Center,0.4331,0.3858
1779108169.382,832,442,Center,0.4336,0.4101
1779108169.4182,837,433,Center,0.436,0.4015
1779108169.4623,826,406,Center,0.4304,0.3764
1779108169.4734,830,382,Center,0.4327,0.354
1779108169.5017,851,375,Center,0.4434,0.3475
1779108169.5352,847,351,Center,0.4414,0.3253
1779108169.5722,838,348,Center,0.4365,0.3225
1779108169.6058,847,361,Center,0.4416,0.3349
1779108169.6384,859,371,Center,0.4476,0.3443
1779108169.6724,860,387,Center,0.448,0.3588
1779108169.7066,871,406,Center,0.454,0.3766
1779108169.7397,879,409,Center,0.4582,0.379
1779108169.7762,883,414,Center,0.4602,0.3837
1779108169.8108,885,422,Center,0.4614,0.3916
1779108169.8429,876,426,Center,0.4565,0.3949
1779108169.8765,861,422,Center,0.4489,0.3916
1779108169.9115,864,418,Center,0.4503,0.3875
1779108169.9427,862,410,Center,0.4491,0.3799
1779108169.9758,856,398,Center,0.4458,0.3693
1779108170.0093,854,387,Center,0.4449,0.3592
1779108170.0443,857,381,Center,0.4465,0.3528
1779108170.0787,841,371,Center,0.4385,0.3442
1779108170.1117,831,362,Center,0.433,0.3357
1779108170.1452,824,353,Center,0.4295,0.3271
1779108170.1809,822,344,Center,0.4281,0.319
1779108170.214,822,336,Center,0.4286,0.3118
1779108170.2476,827,330,Center,0.4308,0.3064
1779108170.2816,834,365,Center,0.4348,0.3383
1779108170.3189,845,402,Center,0.4401,0.373
1779108170.3505,855,440,Center,0.4455,0.4076
1779108170.3844,864,477,Center,0.4501,0.4422
1779108170.42,872,514,Center,0.4543,0.4767
1779108170.4533,877,514,Center,0.4571,0.4763
1779108170.4866,880,514,Center,0.4588,0.476
1779108170.5611,889,513,Center,0.4632,0.4759
1779108170.6015,884,513,Center,0.4609,0.4755
1779108170.6437,867,485,Center,0.452,0.45
1779108170.6902,877,453,Center,0.4571,0.42
1779108170.7301,908,426,Center,0.4733,0.3952
1779108170.7808,935,403,Center,0.4873,0.3737
1779108170.825,983,348,Center,0.5123,0.3228
1779108171.2205,1030,335,Center,0.5365,0.3108
1779108171.2613,1041,350,Center,0.5426,0.3242
1779108171.2966,1031,348,Center,0.5372,0.3225
1779108171.3328,980,353,Center,0.5106,0.3277
1779108171.4059,932,379,Center,0.4858,0.3515
1779108171.4445,884,407,Center,0.4607,0.3774
1779108171.4851,844,387,Center,0.4398,0.3589
1779108171.5329,836,313,Center,0.4357,0.2905
1779108171.6114,879,228,Center,0.4581,0.2115
1779108171.6505,894,155,Center,0.466,0.1439
1779108171.6959,928,64,Center,0.4834,0.0602
1779108171.7431,957,19,Center,0.4986,0.0182
1779108171.7889,963,49,Center,0.5017,0.0457
1779108171.8285,952,108,Center,0.4961,0.1005
1779108171.8695,950,184,Center,0.495,0.1712
1779108171.9127,949,208,Center,0.4945,0.1929
1779108171.9598,945,249,Center,0.4924,0.2311
1779108172.0078,940,268,Center,0.4897,0.2484
1779108172.047,938,284,Center,0.4886,0.2636
1779108172.0835,952,268,Center,0.4962,0.2484
1779108172.1308,966,262,Center,0.5033,0.2432
1779108172.1713,982,230,Center,0.5119,0.2135
1779108172.2108,989,202,Center,0.5155,0.1872
1779108172.2605,999,186,Center,0.5208,0.1729
1779108172.3027,986,154,Center,0.514,0.1428
1779108172.3494,964,172,Center,0.5026,0.1597
1779108172.392,931,212,Center,0.4853,0.1965
1779108172.4344,925,215,Center,0.4821,0.1992
1779108172.4864,908,209,Center,0.473,0.1936
1779108172.5245,910,224,Center,0.4745,0.2076
1779108172.5705,925,248,Center,0.4821,0.2304
1779108172.6142,954,248,Center,0.4972,0.23
1779108172.6637,951,257,Center,0.4956,0.2387
1779108172.7073,950,239,Center,0.4953,0.2222
1779108172.7465,953,274,Center,0.4968,0.2538
1779108172.7911,953,241,Center,0.4964,0.2238
1779108172.8322,951,200,Center,0.4954,0.1855
1779108172.8819,951,245,Center,0.4955,0.2272
1779108172.9264,960,285,Center,0.5004,0.2639
1779108172.967,955,237,Center,0.4975,0.2198
1779108173.014,949,239,Center,0.4948,0.2215
1779108173.0555,948,244,Center,0.494,0.2265
1779108173.1022,949,240,Center,0.4944,0.2225
1779108173.1474,942,209,Center,0.4911,0.194
1779108173.1885,939,234,Center,0.4892,0.2173
1779108173.235,928,255,Center,0.4835,0.2366
1779108173.2751,913,273,Center,0.4756,0.2529
1779108173.3253,910,243,Center,0.474,0.2257
1779108173.3713,908,238,Center,0.473,0.221
1779108173.41,922,223,Center,0.4802,0.2069
1779108173.4535,936,210,Center,0.488,0.195
1779108173.4955,950,198,Center,0.4952,0.1835
1779108173.5458,954,191,Center,0.4969,0.1775
1779108173.5889,958,188,Center,0.4994,0.1743
1779108173.6295,946,185,Center,0.4929,0.1717
1779108173.67,925,184,Center,0.4819,0.1711
1779108173.7149,917,187,Center,0.478,0.1732
1779108173.7577,919,195,Center,0.4792,0.1806
1779108173.807,919,208,Center,0.4791,0.193
1779108173.8494,919,233,Center,0.4787,0.2161
1779108173.8928,930,265,Center,0.4848,0.2463
1779108173.9364,932,302,Center,0.4858,0.2799
1779108173.9773,925,288,Center,0.4821,0.2668
1779108174.0263,923,268,Center,0.4811,0.249
1779108174.0713,948,275,Center,0.4939,0.2553
1779108174.1145,960,224,Center,0.5005,0.2077
1779108174.1615,913,148,Center,0.4759,0.1373
1779108174.2194,889,126,Center,0.4631,0.117
1779108174.2595,872,110,Center,0.4545,0.1022
1779108174.3057,831,58,Center,0.4333,0.054
1779108174.3157,801,55,Center,0.4174,0.0514
1779108174.3397,838,115,Center,0.4367,0.1067
1779108174.3753,865,180,Center,0.451,0.1675
1779108174.4085,860,216,Center,0.448,0.2008
1779108174.4426,858,262,Center,0.447,0.2426
1779108174.4746,865,307,Center,0.4507,0.285
1779108174.5117,857,310,Center,0.4464,0.2878
1779108174.5448,838,295,Center,0.4367,0.2738
1779108174.5788,840,335,Center,0.4379,0.3104
1779108174.615,830,360,Center,0.4324,0.3341
1779108174.6458,828,384,Center,0.4313,0.356
1779108174.6792,832,403,Center,0.4334,0.3735
1779108174.7122,843,425,Center,0.4393,0.3939
1779108174.7494,861,416,Center,0.4486,0.3855
1779108174.7821,882,410,Center,0.4595,0.3805
1779108174.8186,888,407,Center,0.4628,0.377
1779108174.8502,895,406,Center,0.4663,0.3768
1779108174.9244,893,406,Center,0.4653,0.3764
1779108174.9354,887,406,Center,0.4623,0.3763
1779108174.953,879,404,Center,0.4578,0.3743
1779108174.9885,876,385,Center,0.4565,0.3572
1779108175.0212,874,358,Center,0.4556,0.332
1779108175.0976,880,331,Center,0.4585,0.3066
1779108175.1435,874,307,Center,0.4553,0.2844
1779108175.1546,878,285,Center,0.4577,0.264
1779108175.1626,874,279,Center,0.4555,0.2586
1779108175.1914,877,251,Center,0.457,0.2325
1779108175.2274,862,224,Center,0.4493,0.2076
1779108175.261,863,204,Center,0.45,0.1892
1779108175.2948,873,194,Center,0.4552,0.1805
1779108175.3319,873,191,Center,0.4551,0.1775
1779108175.3656,859,222,Center,0.4476,0.2065
1779108175.3973,871,220,Center,0.4541,0.2045
1779108175.4308,876,211,Center,0.4565,0.1955
1779108175.4652,866,195,Center,0.4512,0.1806
1779108175.4993,877,175,Center,0.4571,0.1622
1779108175.5313,894,153,Center,0.4658,0.1422
1779108175.5671,878,169,Center,0.4575,0.157
1779108175.6006,868,182,Center,0.4525,0.1691
1779108175.6341,867,193,Center,0.452,0.1788
1779108175.6686,843,200,Center,0.4393,0.1858
1779108175.7003,824,205,Center,0.4295,0.1898
1779108175.7359,808,202,Center,0.4213,0.1878
1779108175.7684,797,234,Center,0.4151,0.2167
1779108175.8022,796,256,Center,0.4146,0.2371
1779108175.8362,805,297,Center,0.4197,0.2754
1779108175.8714,828,329,Center,0.4316,0.3053
1779108175.9063,854,351,Center,0.445,0.3257
1779108175.9402,869,362,Center,0.4526,0.3353
1779108175.9723,862,375,Center,0.4493,0.348
1779108176.0072,864,369,Center,0.45,0.3426
1779108176.0416,857,371,Center,0.4467,0.3443
1779108176.0748,862,383,Center,0.4495,0.3554
1779108176.1091,858,373,Center,0.4473,0.3457
1779108176.1444,850,371,Center,0.443,0.3436
1779108176.1794,836,371,Center,0.4355,0.3438
1779108176.2108,813,376,Center,0.4238,0.349
1779108176.2942,803,360,Center,0.4186,0.334
1779108176.3358,821,325,Center,0.4278,0.3012
1779108176.3458,850,285,Center,0.443,0.2648
1779108176.3534,879,244,Center,0.4582,0.2267
1779108176.4242,926,240,Center,0.4823,0.2224
1779108176.4725,959,232,Center,0.4995,0.2151
1779108176.5178,990,258,Center,0.516,0.2393
1779108176.5263,1022,284,Center,0.5324,0.2634
1779108176.5528,1056,314,Center,0.5505,0.2914
1779108176.5864,1060,298,Center,0.5523,0.2768
1779108176.6235,1062,306,Center,0.5536,0.2838
1779108176.655,1052,328,Center,0.548,0.3037
1779108176.6873,1019,303,Center,0.5312,0.2812
1779108176.7213,968,287,Center,0.5047,0.2659
1779108176.7569,937,263,Center,0.4884,0.2439
1779108176.7886,912,242,Center,0.4754,0.2246
1779108176.8239,879,195,Center,0.4583,0.1807
1779108176.8574,864,226,Center,0.4502,0.2095
1779108176.8906,866,239,Center,0.4515,0.2215
1779108176.9268,862,259,Center,0.4491,0.2407
1779108176.9583,852,281,Center,0.4438,0.2603
1779108176.9934,849,301,Center,0.4427,0.2793
1779108177.0256,857,289,Center,0.4467,0.2685
1779108177.0596,855,284,Center,0.4455,0.2636
1779108177.0921,843,286,Center,0.4392,0.2652
1779108177.1261,830,288,Center,0.4325,0.2672
1779108177.161,816,291,Center,0.4251,0.2696
1779108177.1944,808,294,Center,0.4212,0.2724
1779108177.2763,808,297,Center,0.4208,0.2753
1779108177.3162,827,301,Center,0.4311,0.2796
1779108177.3632,834,307,Center,0.4349,0.2843
1779108177.4094,857,307,Center,0.4467,0.2848
1779108177.4651,867,307,Center,0.452,0.2843
1779108177.5084,883,305,Center,0.46,0.2832
1779108177.548,875,302,Center,0.4559,0.2801
1779108177.9648,884,319,Center,0.4608,0.2963
1779108178.0063,886,341,Center,0.4618,0.3159
1779108178.0505,876,364,Center,0.4566,0.3373
1779108178.0946,863,384,Center,0.4499,0.3565
1779108178.1486,891,403,Center,0.4644,0.3736
1779108178.1867,930,385,Center,0.4849,0.3567
1779108178.2365,949,387,Center,0.4946,0.3588
1779108178.2795,983,402,Center,0.5122,0.3731
1779108178.3265,1016,398,Center,0.5295,0.3689
1779108178.3731,1020,398,Center,0.5314,0.3693
1779108178.4176,1026,403,Center,0.5346,0.3734
1779108178.4643,1063,399,Center,0.5537,0.37
1779108178.5119,1095,385,Center,0.5708,0.3565
1779108178.5544,1111,397,Center,0.5787,0.368
1779108178.5995,1134,409,Center,0.5907,0.3794
1779108178.65,1130,408,Center,0.589,0.3782
1779108178.6944,1078,398,Center,0.5617,0.369
1779108178.7413,1026,387,Center,0.5347,0.3584
1779108178.7899,990,375,Center,0.5159,0.3479
1779108178.8346,941,362,Center,0.4904,0.3361
1779108178.8742,903,374,Center,0.4708,0.347
1779108178.9183,901,390,Center,0.4697,0.3615
1779108178.9631,901,404,Center,0.4697,0.3741
1779108179.0109,878,412,Center,0.4574,0.3822
1779108179.0555,857,420,Center,0.4468,0.3891
1779108179.1005,857,417,Center,0.4466,0.3865
1779108179.1484,888,397,Center,0.4629,0.3684
1779108179.1945,906,399,Center,0.4719,0.3702
1779108179.24,938,375,Center,0.4886,0.3476
1779108179.2827,970,375,Center,0.5056,0.3475
1779108179.3263,991,392,Center,0.5163,0.363
1779108179.3774,956,396,Center,0.4982,0.3672
1779108179.4459,937,374,Center,0.4883,0.3467
1779108179.5215,938,379,Center,0.489,0.3518
1779108179.5645,957,349,Center,0.4985,0.3233
1779108179.5755,964,311,Center,0.5023,0.2886
1779108179.6075,986,287,Center,0.5137,0.2659
1779108179.6384,980,280,Center,0.5107,0.2593
1779108179.6743,965,285,Center,0.503,0.2646
1779108179.7073,921,312,Center,0.4798,0.2889
1779108179.7409,854,350,Center,0.4452,0.3245
1779108179.7736,809,387,Center,0.4215,0.3586
1779108179.8087,789,415,Center,0.4113,0.3847
1779108179.8428,771,426,Center,0.402,0.3946
1779108179.8779,777,444,Center,0.4047,0.4113
1779108179.9099,803,420,Center,0.4184,0.3894
1779108179.9429,798,418,Center,0.4161,0.3876
1779108179.9786,789,427,Center,0.411,0.3958
1779108180.0141,799,442,Center,0.4164,0.4101
1779108180.0461,787,438,Center,0.4104,0.4063
1779108180.0797,787,462,Center,0.4103,0.4282
1779108180.1108,797,474,Center,0.4154,0.4397
1779108180.1454,812,471,Center,0.423,0.4365
1779108180.1804,799,464,Center,0.4163,0.4304
1779108180.2164,798,462,Center,0.4158,0.4281
1779108180.2488,780,461,Center,0.4064,0.4275
1779108180.2855,781,460,Center,0.4071,0.4268
1779108180.3194,774,461,Center,0.4033,0.4274
1779108180.3521,792,462,Center,0.4127,0.4282
1779108180.3866,822,462,Center,0.4286,0.428
1779108180.4204,887,461,Center,0.4624,0.4277
1779108180.4566,925,460,Center,0.482,0.4262
1779108180.4874,968,456,Center,0.5045,0.4229
1779108180.5244,1010,454,Center,0.5265,0.4206
1779108180.5584,1037,455,Center,0.5402,0.4217
1779108180.591,1028,460,Center,0.5355,0.4265
1779108180.6236,1031,469,Center,0.5372,0.4346
1779108180.6573,1031,479,Center,0.5375,0.4441
1779108180.6919,1024,489,Center,0.5336,0.453
1779108180.7268,1021,495,Center,0.5323,0.4592
1779108180.7606,1028,498,Center,0.5354,0.4619
1779108180.7947,1002,498,Center,0.522,0.4616
1779108180.8289,956,499,Center,0.4983,0.4628
1779108180.8623,877,501,Center,0.4569,0.4645
1779108180.8976,802,504,Center,0.4181,0.4674
1779108180.9335,734,508,Left,0.3825,0.4708
1779108180.9677,702,513,Left,0.3661,0.4752
1779108180.9995,700,516,Left,0.3647,0.4784
1779108181.0337,723,484,Left,0.3768,0.4486
1779108181.0672,732,453,Left,0.3813,0.42
1779108181.1029,742,424,Left,0.3866,0.3929
1779108181.1354,760,396,Left,0.3961,0.3674
1779108181.1694,778,371,Center,0.4056,0.344
1779108181.2072,794,382,Center,0.4137,0.3541
1779108181.2382,822,391,Center,0.4286,0.3625
1779108181.2712,826,399,Center,0.4305,0.3697
1779108181.3063,823,405,Center,0.4291,0.375
1779108181.3393,825,407,Center,0.43,0.3769
1779108181.3735,829,408,Center,0.432,0.3782
1779108181.4065,829,410,Center,0.4321,0.3797
1779108181.4428,876,413,Center,0.4564,0.3825
1779108181.4773,918,417,Center,0.4784,0.3865
1779108181.5095,951,423,Center,0.4955,0.3918
1779108181.5453,995,428,Center,0.5182,0.3965
1779108181.5795,1039,431,Center,0.5415,0.3999
1779108181.614,1053,433,Center,0.5488,0.4018
1779108181.6475,1065,434,Center,0.5549,0.4019
1779108181.6805,1075,437,Center,0.5604,0.405
1779108181.7139,1084,440,Center,0.5651,0.4078
1779108181.7483,1065,438,Center,0.5548,0.4064
1779108181.7824,1017,427,Center,0.5298,0.396
1779108181.8178,980,413,Center,0.5105,0.3825
1779108181.85,917,394,Center,0.4778,0.3656
1779108181.8833,843,376,Center,0.4391,0.3489
1779108181.9182,799,362,Center,0.4165,0.3358
1779108181.9515,785,356,Center,0.4089,0.3303
1779108181.9876,763,353,Left,0.3979,0.3269
1779108182.0224,773,349,Center,0.4029,0.3232
1779108182.0552,787,338,Center,0.4103,0.313
1779108182.0908,789,326,Center,0.4113,0.3026
1779108182.1255,779,315,Center,0.406,0.2924
1779108182.1584,768,302,Center,0.4,0.2803
1779108182.1952,753,325,Left,0.3922,0.3014
1779108182.2287,730,320,Left,0.3804,0.2964
1779108182.2634,730,318,Left,0.3804,0.2946
1779108182.2949,743,317,Left,0.3872,0.294
1779108182.3293,766,319,Left,0.3991,0.296
1779108182.3621,781,286,Center,0.4072,0.2652
1779108182.3995,809,321,Center,0.4214,0.2979
1779108182.4314,816,342,Center,0.4252,0.3171
1779108182.4667,831,348,Center,0.433,0.323
1779108182.5005,823,351,Center,0.4286,0.3251
1779108182.5809,822,386,Center,0.4285,0.358
1779108182.6233,815,375,Center,0.4246,0.3473
1779108182.6333,815,376,Center,0.4246,0.3485
1779108182.642,806,390,Center,0.4201,0.362
1779108182.6725,815,424,Center,0.4249,0.3934
1779108182.7069,822,423,Center,0.4281,0.3923
1779108182.7803,826,435,Center,0.4306,0.4029
1779108182.8255,831,449,Center,0.4332,0.4161
1779108182.8379,836,463,Center,0.4358,0.4294
1779108182.8459,836,463,Center,0.4356,0.429
1779108182.8754,869,460,Center,0.4529,0.4261
1779108182.9113,910,457,Center,0.4741,0.4239
1779108182.945,948,446,Center,0.4942,0.413
1779108182.9814,987,426,Center,0.5141,0.3951
1779108183.012,1044,427,Center,0.544,0.3958
1779108183.0445,1060,417,Center,0.5524,0.3864
1779108183.0813,1079,421,Center,0.5621,0.3898
1779108183.1142,1101,428,Center,0.5739,0.3963
1779108183.1495,1125,432,Center,0.5863,0.4003
1779108183.1806,1113,402,Center,0.5802,0.3729
1779108183.2152,1113,398,Center,0.5799,0.3694
1779108183.2493,1106,371,Center,0.5764,0.344
1779108183.2834,1095,343,Center,0.5706,0.3179
1779108183.3164,1090,355,Center,0.5678,0.3294
1779108183.3504,1104,380,Center,0.5755,0.3523
1779108183.3845,1112,392,Center,0.5793,0.3635
1779108183.4176,1104,414,Center,0.5752,0.3838
1779108183.4517,1109,442,Center,0.5781,0.41
1779108183.4854,1086,442,Center,0.5661,0.4097
1779108183.5191,1049,417,Center,0.5464,0.3863
1779108183.5524,1009,397,Center,0.5259,0.3682
1779108183.5858,964,353,Center,0.5023,0.3278
1779108183.6213,899,319,Center,0.4687,0.2959
1779108183.6551,873,295,Center,0.4548,0.2737
1779108183.687,841,301,Center,0.4384,0.2793
1779108183.7213,811,304,Center,0.4229,0.2822
1779108183.7963,797,333,Center,0.4156,0.3084
1779108183.8421,795,351,Center,0.4141,0.3254
1779108183.8879,765,357,Left,0.3984,0.3314
1779108183.9314,751,361,Left,0.3913,0.3351
1779108183.9434,744,365,Left,0.3875,0.3384
1779108183.9618,725,367,Left,0.3779,0.3403
1779108183.9983,701,366,Left,0.3651,0.3396
1779108184.0296,687,364,Left,0.3582,0.3372
1779108184.0641,688,355,Left,0.3585,0.329
1779108184.0993,689,346,Left,0.359,0.3208
1779108184.1313,700,338,Left,0.3646,0.3135
1779108184.1658,715,332,Left,0.3727,0.3075
1779108184.2008,732,327,Left,0.3814,0.3036
1779108184.2809,736,329,Left,0.3837,0.3047
1779108184.2922,740,330,Left,0.3858,0.3059
1779108184.3043,734,332,Left,0.3827,0.3081
1779108184.337,732,337,Left,0.3815,0.3126
1779108184.3725,733,338,Left,0.3819,0.313
1779108184.4042,734,335,Left,0.3827,0.311
1779108184.4372,737,331,Left,0.384,0.3071
1779108184.4719,751,324,Left,0.3915,0.3008
1779108184.5041,761,314,Left,0.3964,0.2911
1779108184.5394,768,311,Center,0.4004,0.2885
1779108184.5734,804,314,Center,0.419,0.291
1779108184.6084,855,284,Center,0.4458,0.263
1779108184.6415,909,260,Center,0.4738,0.2416
1779108184.6764,951,243,Center,0.4955,0.2257
1779108184.711,997,224,Center,0.5196,0.2077
1779108184.7428,1018,202,Center,0.5303,0.1878
1779108184.7773,1024,216,Center,0.5337,0.2008
1779108184.8101,1028,227,Center,0.5359,0.2102
1779108184.8454,1045,232,Center,0.5448,0.2153
1779108184.9256,1055,237,Center,0.5495,0.2201
1779108184.9366,1058,241,Center,0.5514,0.2238
1779108184.9506,1056,246,Center,0.5503,0.228
1779108184.9839,1064,225,Center,0.5543,0.2087
1779108185.017,1062,207,Center,0.5536,0.1919
1779108185.0533,1070,187,Center,0.5574,0.1739
1779108185.0855,1054,172,Center,0.5493,0.1602
1779108185.1191,1045,160,Center,0.5447,0.1482
1779108185.1526,1020,177,Center,0.5313,0.164
1779108185.1872,998,193,Center,0.5199,0.179
1779108185.2208,967,235,Center,0.5038,0.2184
1779108185.2564,974,282,Center,0.5073,0.2615
1779108185.288,974,298,Center,0.5077,0.2768
1779108185.3235,995,315,Center,0.5187,0.2922
1779108185.4015,1010,339,Center,0.5264,0.3142
1779108185.4105,1026,336,Center,0.5349,0.3117
1779108185.4255,1023,327,Center,0.533,0.303
1779108185.4605,1015,317,Center,0.5288,0.2944
1779108185.4936,994,313,Center,0.518,0.2903
1779108185.5272,1001,314,Center,0.5215,0.2916
1779108185.5626,1006,324,Center,0.5244,0.3004
1779108185.5956,1002,333,Center,0.5222,0.3092
1779108185.6287,1002,374,Center,0.5221,0.3471
1779108185.6642,1000,405,Center,0.5211,0.3758
1779108185.6983,991,422,Center,0.5162,0.3909
1779108185.7319,976,430,Center,0.5087,0.3984
1779108185.7644,988,438,Center,0.5147,0.4056
1779108185.7976,1001,442,Center,0.5218,0.4097
1779108185.8322,1005,414,Center,0.5238,0.3835
1779108185.8654,984,390,Center,0.5129,0.3618
1779108185.9003,969,370,Center,0.5051,0.3434
1779108185.9344,942,355,Center,0.4908,0.3292
1779108185.9694,915,341,Center,0.4766,0.3158
1779108186.0031,900,359,Center,0.469,0.3329
1779108186.0375,887,372,Center,0.4624,0.3452
1779108186.0719,878,383,Center,0.4574,0.3549
1779108186.1044,870,387,Center,0.4535,0.3587
1779108186.1384,870,391,Center,0.4533,0.3625
1779108186.1738,871,393,Center,0.4538,0.3641
1779108186.2062,893,393,Center,0.4652,0.3644
1779108186.2403,903,393,Center,0.4707,0.3648
1779108186.2744,923,394,Center,0.4808,0.3652
1779108186.3085,919,395,Center,0.4789,0.3665
1779108186.3421,921,400,Center,0.4798,0.3708
1779108186.3784,925,407,Center,0.4822,0.3771
1779108186.41,923,413,Center,0.4809,0.3828
1779108186.4944,908,420,Center,0.4731,0.3891
1779108186.5025,909,424,Center,0.4738,0.3926
1779108186.5154,913,425,Center,0.4759,0.3939
1779108186.5505,904,426,Center,0.471,0.3952
1779108186.6005,926,433,Center,0.4827,0.4014
1779108186.6345,932,444,Center,0.4857,0.4112
1779108186.6535,947,424,Center,0.4936,0.3934
1779108186.6871,949,405,Center,0.4946,0.3757
1779108186.7191,954,385,Center,0.497,0.3573
1779108186.7873,963,368,Center,0.5016,0.3408
1779108186.8251,996,316,Center,0.519,0.2932
1779108186.8566,1028,299,Center,0.5355,0.2778
1779108186.8902,1048,291,Center,0.5459,0.2698
1779108186.9253,1072,277,Center,0.5586,0.2573
1779108186.9583,1067,260,Center,0.5562,0.2417
1779108186.9933,1058,232,Center,0.5514,0.2152
1779108187.0924,1065,183,Center,0.5547,0.1697
1779108188.827,1055,125,Center,0.5496,0.1162
1779108188.9013,1048,72,Center,0.5463,0.0673
1779108188.9093,1051,15,Center,0.5474,0.0146
1779108188.9274,1021,17,Center,0.5319,0.0165
1779108188.9604,1009,53,Center,0.5259,0.0491
1779108189.0661,1019,123,Center,0.5309,0.1145
1779108189.0777,1021,194,Center,0.5318,0.1799
1779108189.1004,997,265,Center,0.5198,0.2458
1779108189.1336,1011,318,Center,0.527,0.295
1779108189.2073,985,352,Center,0.5133,0.326
1779108189.2544,972,350,Center,0.5063,0.325
1779108189.2994,958,352,Center,0.4994,0.3262
1779108189.3084,970,353,Center,0.5055,0.327
1779108189.3756,983,358,Center,0.5122,0.3323
1779108189.4583,997,372,Center,0.5196,0.3445
1779108189.4674,1007,384,Center,0.5248,0.3559
1779108189.5195,1032,396,Center,0.5377,0.3669
1779108189.5656,1060,373,Center,0.5521,0.3459
1779108189.6094,1057,346,Center,0.5509,0.3208
1779108189.6601,1058,318,Center,0.5511,0.2945
1779108189.6696,1058,289,Center,0.5514,0.2682
1779108189.6807,1044,259,Center,0.5441,0.2403
1779108189.7485,1037,276,Center,0.5402,0.2556
1779108189.7958,1058,264,Center,0.5512,0.2449
1779108189.8424,1062,260,Center,0.5532,0.2412
1779108189.8898,1053,231,Center,0.5488,0.2139
1779108189.9363,1051,209,Center,0.5477,0.194
1779108189.9865,1041,149,Center,0.5422,0.1389
1779108190.0421,1023,111,Center,0.5333,0.1035
1779108190.0914,1019,62,Center,0.5307,0.0577
1779108190.1638,1030,38,Center,0.5369,0.0355
1779108190.2153,1021,40,Center,0.5323,0.0377
1779108190.2624,1025,50,Center,0.5342,0.0472
1779108190.3135,1014,71,Center,0.5283,0.0659
1779108190.3836,998,91,Center,0.52,0.0848
1779108190.4567,977,110,Center,0.5092,0.1027
1779108190.5286,979,93,Center,0.5104,0.0869
1779108190.6027,969,101,Center,0.5047,0.0941
1779108190.6774,974,105,Center,0.5076,0.0975
1779108190.7534,987,109,Center,0.5142,0.1011
1779108191.2513,1021,92,Center,0.5323,0.0856
1779108191.3254,1027,74,Center,0.5354,0.0692
1779108191.3755,1057,50,Center,0.5505,0.0469
1779108191.4211,1056,74,Center,0.5502,0.0694
1779108191.4308,1052,98,Center,0.5483,0.0916
1779108191.4463,1030,163,Center,0.5368,0.1518
1779108191.482,1020,223,Center,0.5313,0.2071
1779108191.5142,989,284,Center,0.5152,0.2637
1779108191.5464,990,298,Center,0.516,0.2762
1779108191.5827,992,304,Center,0.5168,0.2822
1779108191.6172,963,292,Center,0.502,0.271
1779108191.6493,942,291,Center,0.4911,0.2696
1779108191.6844,921,288,Center,0.4802,0.2675
1779108191.7164,887,286,Center,0.4624,0.2653
1779108191.7515,857,291,Center,0.4467,0.2696
1779108191.7866,858,290,Center,0.4469,0.269
1779108191.8224,866,327,Center,0.4514,0.3029
1779108191.8529,862,361,Center,0.4492,0.3351
1779108191.8885,862,394,Center,0.449,0.3656
1779108191.9205,859,422,Center,0.4477,0.3909
1779108191.9552,855,452,Center,0.4457,0.4194
1779108191.9859,831,443,Center,0.4331,0.4102
1779108192.0205,832,435,Center,0.4334,0.4036
1779108192.0539,838,434,Center,0.4367,0.4026
1779108192.0886,858,439,Center,0.4471,0.4068
1779108192.1259,874,443,Center,0.4553,0.4108
1779108192.1565,903,449,Center,0.4705,0.4159
1779108192.1907,902,455,Center,0.4702,0.4217
1779108192.2732,907,459,Center,0.4728,0.4255
1779108192.3182,899,427,Center,0.4687,0.3956
1779108192.3313,893,396,Center,0.4653,0.3668
1779108192.3656,862,380,Center,0.449,0.352
1779108192.3982,850,338,Center,0.4427,0.3137
1779108192.4322,840,285,Center,0.4379,0.2642
1779108192.5106,820,295,Center,0.4273,0.2736
1779108192.5196,800,305,Center,0.4167,0.283
1779108192.5346,796,292,Center,0.4149,0.2711
1779108192.5687,801,294,Center,0.4173,0.273
1779108192.6032,799,301,Center,0.4166,0.2794
1779108192.6783,824,280,Center,0.4296,0.2595
1779108192.7231,864,259,Center,0.4503,0.2402
1779108192.7313,911,246,Center,0.4746,0.228
1779108192.7405,945,240,Center,0.4924,0.2231
1779108192.7725,986,252,Center,0.5139,0.2334
1779108192.8087,1001,271,Center,0.5214,0.2512
1779108192.8441,996,297,Center,0.519,0.2753
1779108192.8761,985,308,Center,0.5133,0.2857
1779108192.9087,991,326,Center,0.5166,0.3019
1779108192.9422,973,345,Center,0.5073,0.3203
1779108192.9763,978,333,Center,0.5098,0.3093
1779108193.0094,960,350,Center,0.5004,0.3244
1779108193.0436,971,343,Center,0.506,0.3176
1779108193.0768,984,281,Center,0.5128,0.261
1779108193.1113,1016,230,Center,0.5292,0.2136
1779108193.1453,1001,234,Center,0.5215,0.2172
1779108193.1803,1029,194,Center,0.5365,0.1806
1779108193.2138,1048,171,Center,0.5463,0.1592
1779108193.2486,1188,276,Right,0.6188,0.2557
1779108193.2807,1282,334,Right,0.6681,0.3095
1779108193.3127,1411,375,Right,0.7354,0.3476
1779108193.3517,1591,439,Right,0.8288,0.4067
1779108193.3836,1704,514,Right,0.8877,0.476
1779108193.4185,1696,503,Right,0.8837,0.4661
1779108193.4503,1726,545,Right,0.899,0.505
1779108193.4843,1781,576,Right,0.9279,0.5341
1779108193.5184,1781,595,Right,0.9279,0.5514
1779108193.5513,1835,644,Right,0.9558,0.5967
1779108193.5855,1869,686,Right,0.9737,0.636
1779108193.6221,1908,704,Right,0.9943,0.652
1779108193.6547,1920,716,Right,1.0,0.6635
1779108193.6913,1920,714,Right,1.0,0.6615
1779108193.7233,1920,692,Right,1.0,0.6415
1779108193.7574,1920,666,Right,1.0,0.6174
1779108193.7905,1920,649,Right,1.0,0.6018
1779108193.8681,1920,628,Right,1.0,0.5815
1779108193.9154,1920,635,Right,1.0,0.5885
1779108193.9614,1920,654,Right,1.0,0.6062
1779108194.0054,1920,661,Right,1.0,0.6122
1779108194.055,1920,682,Right,1.0,0.6324
1779108194.096,1902,702,Right,0.991,0.6506
1779108194.1463,1896,717,Right,0.9878,0.6641
1779108194.5603,1865,745,Right,0.9716,0.6907
1779108194.6038,1828,794,Right,0.9526,0.736
1779108194.6478,1771,778,Right,0.9227,0.7209
1779108194.6919,1701,774,Right,0.8864,0.7175
1779108194.7363,1663,739,Right,0.8663,0.685
1779108194.7808,1667,674,Right,0.8687,0.6244
1779108194.8278,1704,638,Right,0.8877,0.5911
1779108194.8738,1761,618,Right,0.9176,0.573
1779108194.9262,1848,628,Right,0.9629,0.5821
1779108194.9703,1893,670,Right,0.9862,0.6211
1779108195.0184,1920,700,Right,1.0,0.6485
1779108195.0639,1920,708,Right,1.0,0.6556
1779108195.1083,1920,739,Right,1.0,0.6848
1779108195.1528,1920,741,Right,1.0,0.687
1779108195.1949,1920,730,Right,1.0,0.6767
1779108195.241,1920,711,Right,1.0,0.6588
1779108195.2875,1920,695,Right,1.0,0.6436
1779108195.3317,1903,648,Right,0.9913,0.6003
1779108195.3756,1903,597,Right,0.9913,0.5534
1779108195.4222,1903,548,Right,0.9913,0.5078
1779108195.4734,1903,526,Right,0.9913,0.4875
1779108195.5473,1903,545,Right,0.9913,0.505
1779108195.588,1920,558,Right,1.0,0.5171
1779108195.6316,1920,583,Right,1.0,0.5405
1779108195.7123,1920,623,Right,1.0,0.5774
1779108195.7506,1920,611,Right,1.0,0.5662
1779108195.7954,1920,583,Right,1.0,0.54
1779108195.8419,1920,582,Right,1.0,0.5398
1779108195.8812,1920,595,Right,1.0,0.5517
1779108195.9232,1920,592,Right,1.0,0.5487
1779108196.0005,1920,592,Right,1.0,0.5483
1779108196.042,1920,580,Right,1.0,0.5378
1779108196.0867,1920,565,Right,1.0,0.524
1779108196.1284,1901,506,Right,0.9903,0.4689
1779108196.1699,1771,379,Right,0.9228,0.3518
1779108196.2101,1641,342,Right,0.8549,0.3168
1779108196.2654,1394,321,Right,0.7264,0.2974
1779108196.307,1176,340,Right,0.6126,0.3155
1779108196.3526,965,365,Center,0.5028,0.3382
1779108196.3933,882,465,Center,0.4598,0.4306
1779108196.4375,785,541,Center,0.4091,0.5018
1779108196.4836,809,601,Center,0.4218,0.5573
1779108196.5252,825,608,Center,0.4299,0.5631
1779108196.5683,863,640,Center,0.4499,0.593
1779108196.612,877,632,Center,0.457,0.586
1779108196.6554,903,633,Center,0.4708,0.5861
1779108196.7026,926,654,Center,0.4826,0.6057
1779108196.7492,911,681,Center,0.475,0.6306
1779108196.7932,871,700,Center,0.4539,0.6487
1779108196.8343,844,752,Center,0.4399,0.6965
1779108196.8804,827,770,Center,0.431,0.7131
1779108196.9285,814,722,Center,0.4241,0.6686
1779108196.9715,839,669,Center,0.4375,0.6199
1779108197.0192,884,611,Center,0.4609,0.5663
1779108197.0602,910,582,Center,0.4743,0.5389
1779108197.1064,942,565,Center,0.4909,0.5234
1779108197.1535,956,557,Center,0.498,0.516
1779108197.1952,933,557,Center,0.4862,0.5157
1779108197.2364,904,574,Center,0.4709,0.5316
1779108197.2796,886,546,Center,0.4618,0.5062
1779108197.3254,842,497,Center,0.4391,0.461
1779108197.3681,825,468,Center,0.43,0.4334
1779108197.4183,816,473,Center,0.4253,0.4383
1779108197.4615,808,459,Center,0.4213,0.4254
1779108197.5035,789,447,Center,0.411,0.4146
1779108197.5498,786,459,Center,0.4098,0.425
1779108197.5963,783,488,Center,0.4079,0.4523
1779108197.6419,784,478,Center,0.4088,0.4428
1779108197.6827,777,439,Center,0.4047,0.4069
1779108197.7283,792,420,Center,0.4126,0.3892
1779108197.7713,832,422,Center,0.4335,0.391
1779108197.8185,826,396,Center,0.4303,0.3671
1779108197.8651,816,385,Center,0.425,0.3566
1779108197.9052,820,413,Center,0.4272,0.3831
1779108197.9453,813,438,Center,0.4234,0.4058
1779108197.9905,773,443,Center,0.4031,0.4102
1779108198.0305,769,446,Center,0.4007,0.4133
1779108198.0711,780,460,Center,0.4064,0.4267
1779108198.1228,780,447,Center,0.4065,0.4139
1779108198.1654,781,451,Center,0.4069,0.4176
1779108198.2164,790,435,Center,0.412,0.4036
1779108198.2625,810,447,Center,0.422,0.4147
1779108198.3086,826,440,Center,0.4303,0.4079
1779108198.3531,883,443,Center,0.4599,0.4105
1779108198.3969,946,441,Center,0.493,0.4092
1779108198.4415,999,457,Center,0.5204,0.4237
1779108198.4895,1030,447,Center,0.5366,0.4142
1779108198.534,1068,447,Center,0.5567,0.4147
1779108198.5781,1070,439,Center,0.5577,0.407
1779108198.6252,1068,412,Center,0.5564,0.3821
1779108198.6743,1069,378,Center,0.557,0.3503
1779108198.7153,1061,395,Center,0.553,0.3666
1779108198.7598,1027,374,Center,0.5354,0.3464
1779108198.8034,979,368,Center,0.5103,0.3414
1779108198.8504,939,376,Center,0.4892,0.3489
1779108198.8936,907,406,Center,0.4729,0.3768
1779108198.9401,895,377,Center,0.4665,0.3497
1779108198.9872,895,393,Center,0.4663,0.3646
1779108199.0323,906,431,Center,0.4719,0.3998
1779108199.0804,896,455,Center,0.4671,0.4215
1779108199.1264,886,477,Center,0.4618,0.4417
1779108199.1721,882,500,Center,0.4598,0.4632
1779108199.2176,881,512,Center,0.4592,0.4742
1779108199.2623,885,509,Center,0.4612,0.4717
1779108199.3085,912,517,Center,0.4752,0.4792
1779108199.3551,919,510,Center,0.4788,0.4724
1779108199.4007,900,552,Center,0.4691,0.5112
1779108199.4453,895,603,Center,0.4665,0.5586
1779108199.4909,883,621,Center,0.4602,0.5753
1779108199.5304,881,673,Center,0.4589,0.6239
1779108199.5794,896,712,Center,0.467,0.6594
1779108199.6254,917,707,Center,0.4778,0.6548
1779108199.672,935,677,Center,0.4871,0.6273
1779108199.7205,962,675,Center,0.5012,0.6256
1779108199.7653,959,645,Center,0.4996,0.598
1779108199.8122,921,657,Center,0.4801,0.6086
1779108199.8573,917,657,Center,0.4777,0.6083
1779108199.9049,884,687,Center,0.4608,0.6367
1779108199.949,847,725,Center,0.4416,0.6713
1779108199.9935,813,757,Center,0.4236,0.7012
1779108200.0367,807,766,Center,0.4207,0.7102
1779108200.0849,776,830,Center,0.4045,0.7691
1779108200.1289,755,899,Left,0.3936,0.8329
1779108200.1793,745,945,Left,0.3885,0.8758
1779108200.2234,730,974,Left,0.3807,0.9026
1779108200.2731,730,1017,Left,0.3804,0.9417
1779108203.3639,745,966,Left,0.3884,0.8948
1779108203.4075,763,853,Left,0.3977,0.7901
1779108203.4552,779,762,Center,0.4061,0.7065
1779108203.4994,816,680,Center,0.4253,0.6299
1779108203.5506,844,574,Center,0.4399,0.532
1779108203.5946,876,510,Center,0.4563,0.473
1779108203.6412,927,478,Center,0.483,0.4435
1779108203.6904,961,451,Center,0.501,0.4181
1779108203.7335,991,431,Center,0.5162,0.3992
1779108203.7837,1017,389,Center,0.5299,0.3607
1779108203.8283,984,369,Center,0.5126,0.3423
1779108203.8747,948,402,Center,0.4942,0.3729
1779108203.9203,922,434,Center,0.4806,0.402
1779108203.9643,892,447,Center,0.4649,0.4146
1779108204.0104,849,476,Center,0.4426,0.4411
1779108204.059,832,513,Center,0.4336,0.4755
1779108204.1323,807,525,Center,0.4205,0.4867
1779108204.2049,764,500,Left,0.3984,0.4632
1779108204.2495,732,490,Left,0.3817,0.4538
1779108204.2875,702,504,Left,0.3658,0.4669
1779108204.3316,715,513,Left,0.3728,0.4756
1779108204.3772,725,514,Left,0.3779,0.476
1779108204.4213,780,519,Center,0.4067,0.4807
1779108204.4674,818,497,Center,0.4264,0.461
1779108204.5065,887,472,Center,0.462,0.4378
1779108204.5526,937,455,Center,0.4884,0.4217
1779108204.5928,984,436,Center,0.5129,0.4046
1779108204.6364,983,400,Center,0.512,0.3706
1779108204.6846,1000,387,Center,0.5211,0.3584
1779108204.7222,996,371,Center,0.5189,0.3437
1779108204.7713,983,341,Center,0.5123,0.3164
1779108204.8125,973,306,Center,0.5068,0.2841
1779108204.8576,979,312,Center,0.51,0.2897
1779108204.9081,962,319,Center,0.5013,0.2962
1779108204.9477,939,317,Center,0.4891,0.2939
1779108204.9951,945,319,Center,0.4922,0.2959
1779108205.0371,927,325,Center,0.483,0.3013
1779108205.0791,933,333,Center,0.4862,0.309
1779108205.1288,944,344,Center,0.492,0.3194
1779108205.1655,937,362,Center,0.4883,0.3357
1779108205.2096,900,387,Center,0.4693,0.3586
1779108205.2562,884,411,Center,0.4608,0.3811
1779108205.2983,848,393,Center,0.442,0.3647
1779108205.3444,815,372,Center,0.425,0.3447
1779108205.3884,815,343,Center,0.4246,0.3183
1779108205.43,855,304,Center,0.4458,0.2819
1779108205.4711,903,263,Center,0.4706,0.2439
1779108205.5112,946,263,Center,0.4928,0.2441
1779108205.5613,1002,264,Center,0.5224,0.2448
1779108205.5991,1049,266,Center,0.5467,0.2464
1779108205.6433,1057,267,Center,0.5506,0.2479
1779108205.6849,1058,268,Center,0.5512,0.249
1779108205.724,1064,269,Center,0.5543,0.2495
1779108205.7732,1057,269,Center,0.551,0.2497
1779108205.8203,1053,269,Center,0.5489,0.2498
1779108206.239,1048,272,Center,0.5461,0.252
1779108206.2746,1041,275,Center,0.5422,0.2554
1779108206.3154,1030,291,Center,0.5366,0.2696
1779108206.3579,1016,313,Center,0.5293,0.2902
1779108206.3996,1007,337,Center,0.5249,0.312
1779108206.4427,1001,358,Center,0.5215,0.3315
1779108206.4842,997,377,Center,0.5194,0.3497
1779108206.5273,993,385,Center,0.5172,0.357
1779108206.5754,987,385,Center,0.5146,0.3569
1779108206.6187,975,383,Center,0.508,0.3551
1779108206.6593,960,380,Center,0.5004,0.3521
1779108206.7023,945,376,Center,0.4923,0.3485
1779108206.7403,949,372,Center,0.4944,0.3447
1779108206.7828,956,368,Center,0.4984,0.3415
1779108206.8314,965,364,Center,0.5029,0.3375
1779108206.8741,976,360,Center,0.5088,0.334
1779108206.9145,988,357,Center,0.5151,0.3306
1779108206.9636,985,352,Center,0.5134,0.3264
1779108207.0062,968,344,Center,0.5046,0.3186
1779108207.0463,953,331,Center,0.4967,0.3074
1779108207.0911,923,318,Center,0.481,0.295
1779108207.1363,894,304,Center,0.4658,0.2819
1779108207.186,871,312,Center,0.4539,0.2897
1779108207.2256,873,268,Center,0.4551,0.2488
1779108207.2647,886,238,Center,0.4617,0.2212
1779108207.3163,915,217,Center,0.4768,0.2015
1779108207.36,948,206,Center,0.4941,0.1912
1779108207.4131,982,177,Center,0.5116,0.1646
1779108207.4562,990,207,Center,0.516,0.1917
1779108207.5038,997,220,Center,0.5195,0.2039
1779108207.5457,1015,270,Center,0.5291,0.2505
1779108207.5973,1016,309,Center,0.5292,0.2863
1779108207.6416,979,326,Center,0.5101,0.3024
1779108207.7151,943,341,Center,0.4915,0.3166
1779108207.76,884,364,Center,0.4609,0.3378
1779108207.7994,813,362,Center,0.4236,0.3355
1779108207.8444,759,375,Left,0.3956,0.348
1779108207.8864,751,395,Left,0.3913,0.3664
1779108207.9265,738,393,Left,0.3844,0.3648
1779108207.9756,741,405,Left,0.3863,0.3755
1779108208.0161,742,403,Left,0.3867,0.3737
1779108208.0628,741,390,Left,0.3862,0.362
1779108208.1053,747,367,Left,0.3891,0.3405
1779108208.1439,764,377,Left,0.398,0.3498
1779108208.1916,780,374,Center,0.4065,0.3468
1779108208.2334,789,370,Center,0.4113,0.3432
1779108208.2744,789,358,Center,0.4114,0.3319
1779108208.3164,791,364,Center,0.4123,0.3374
1779108208.3587,808,348,Center,0.421,0.323
1779108208.4063,806,355,Center,0.4199,0.3288
1779108208.4475,818,345,Center,0.4264,0.3198
1779108208.4879,838,332,Center,0.4368,0.3082
1779108208.534,869,361,Center,0.4528,0.3347
1779108208.5736,888,397,Center,0.463,0.3679
1779108208.6192,919,408,Center,0.4789,0.3784
1779108208.6624,926,427,Center,0.4827,0.3957
1779108208.7074,915,454,Center,0.477,0.421
1779108208.7554,870,445,Center,0.4536,0.4128
1779108208.7985,827,442,Center,0.4311,0.4096
1779108208.8427,790,442,Center,0.4116,0.4095
1779108208.8853,772,445,Center,0.4024,0.4124
1779108208.9253,772,447,Center,0.4025,0.4142
1779108208.9659,774,446,Center,0.4032,0.4132
1779108209.0076,786,437,Center,0.4098,0.4052
1779108209.0537,789,426,Center,0.4114,0.3945
1779108209.1024,791,413,Center,0.4121,0.3829
1779108209.145,800,401,Center,0.4169,0.3718
1779108209.1892,796,388,Center,0.4147,0.3594
1779108209.2312,793,380,Center,0.4133,0.352
1779108209.2774,819,370,Center,0.4266,0.3429
1779108209.3212,860,401,Center,0.4481,0.3717
1779108209.3598,886,395,Center,0.4618,0.3661
1779108209.4094,928,395,Center,0.4837,0.3658
1779108209.4485,968,397,Center,0.5046,0.3676
1779108209.8474,970,403,Center,0.5055,0.3735
1779108209.8966,966,374,Center,0.5035,0.347
1779108209.9413,973,389,Center,0.5073,0.3606
1779108209.9814,962,401,Center,0.5012,0.3714
1779108210.0225,953,411,Center,0.4965,0.3807
1779108210.059,979,420,Center,0.5103,0.3892
1779108210.0986,996,426,Center,0.519,0.3946
1779108210.1392,1008,426,Center,0.5252,0.3951
1779108210.1782,1035,427,Center,0.5392,0.396
1779108210.2144,1041,427,Center,0.5423,0.3963
1779108210.2585,1027,427,Center,0.5352,0.3961
1779108210.2956,1014,430,Center,0.5283,0.399
1779108210.3384,1001,434,Center,0.5219,0.4021
1779108210.3734,990,438,Center,0.5157,0.4058
1779108210.4096,987,445,Center,0.5143,0.4123
1779108210.4486,988,454,Center,0.515,0.4205
1779108210.4927,990,460,Center,0.5161,0.4264
1779108210.5303,997,458,Center,0.5193,0.425
1779108210.5693,1003,455,Center,0.5229,0.4217
1779108210.6103,994,447,Center,0.5181,0.4141
1779108210.6473,986,436,Center,0.5137,0.4041
1779108210.6963,978,423,Center,0.5095,0.3924
1779108210.7372,966,418,Center,0.5032,0.3872
1779108210.7783,952,412,Center,0.496,0.3822
1779108210.8203,963,407,Center,0.5019,0.3778
1779108210.8574,971,401,Center,0.506,0.3722
1779108210.9096,965,396,Center,0.5031,0.3672
1779108210.9521,961,387,Center,0.5007,0.3588
1779108210.9913,943,375,Center,0.4915,0.3475
1779108211.0309,923,362,Center,0.4812,0.3357
1779108211.0725,885,352,Center,0.461,0.3261
1779108211.1151,858,337,Center,0.4473,0.3129
1779108211.162,840,360,Center,0.4376,0.3334
1779108211.203,839,382,Center,0.4374,0.3542
1779108211.2482,833,405,Center,0.4343,0.3754
1779108211.2882,853,426,Center,0.4446,0.3954
1779108211.3262,875,451,Center,0.4559,0.4183
1779108211.3723,888,443,Center,0.4628,0.4109
1779108211.4144,898,438,Center,0.468,0.4057
1779108211.4565,906,433,Center,0.4723,0.4017
1779108211.4985,911,432,Center,0.4747,0.4001
1779108211.5416,914,431,Center,0.4761,0.3991
1779108211.5894,916,429,Center,0.4771,0.3974
1779108211.6308,920,427,Center,0.4794,0.3956
1779108211.6724,928,424,Center,0.4838,0.3927
1779108211.7104,940,418,Center,0.49,0.3876
1779108211.7526,958,413,Center,0.4991,0.3828
1779108211.8002,979,409,Center,0.5101,0.3791
1779108211.8412,1001,407,Center,0.5218,0.3771
1779108211.8844,994,401,Center,0.5181,0.3721
1779108211.9254,988,395,Center,0.5146,0.3666
1779108211.9636,978,388,Center,0.5098,0.3597
1779108212.0046,967,379,Center,0.5041,0.3517
1779108212.0439,953,368,Center,0.4969,0.3416
1779108212.0931,966,362,Center,0.5032,0.3354
1779108212.1322,949,355,Center,0.4943,0.3292
1779108212.1718,904,352,Center,0.4711,0.326
1779108212.2164,862,349,Center,0.4493,0.324
1779108212.2615,822,348,Center,0.4283,0.3231
1779108212.3066,783,347,Center,0.4078,0.3218
1779108212.3441,786,343,Center,0.4098,0.3179
1779108212.3853,831,335,Center,0.4328,0.3103
1779108212.4283,870,326,Center,0.4533,0.3021
1779108212.4764,906,317,Center,0.472,0.2944
1779108212.5175,939,309,Center,0.4896,0.287
1779108212.5602,955,304,Center,0.4979,0.2822
1779108212.6017,955,299,Center,0.4979,0.2776
1779108212.6442,955,293,Center,0.4979,0.2719
1779108212.6868,956,286,Center,0.498,0.2654
1779108212.7284,956,279,Center,0.4982,0.2591
1779108212.7674,956,316,Center,0.4982,0.2926
1779108212.8133,956,353,Center,0.4979,0.3274
1779108212.8565,954,392,Center,0.497,0.3636
1779108212.8996,952,432,Center,0.4959,0.4002
1779108212.9403,949,471,Center,0.4946,0.4365
1779108212.9823,947,467,Center,0.4933,0.4324
1779108213.0196,945,462,Center,0.4925,0.4283
1779108213.0618,945,457,Center,0.4925,0.4238
1779108213.1345,946,453,Center,0.4928,0.4196
