timestamp,screen_x,screen_y,direction,h_ratio,v_ratio
1778666411.9811,940,373,Center,0.4901,0.3457
1778666412.1871,968,393,Center,0.5045,0.3643
1778666412.2332,996,434,Center,0.5191,0.4019
1778666412.396,1026,451,Center,0.5346,0.4184
1778666412.436,1029,399,Center,0.5363,0.3696
1778666412.6007,1027,368,Center,0.535,0.3413
1778666412.6368,969,374,Center,0.5052,0.3465
1778666412.8196,896,369,Center,0.4667,0.3425
1778666412.8813,834,376,Center,0.4345,0.3483
1778666413.0602,789,450,Center,0.4113,0.4175
1778666413.2654,817,500,Center,0.4256,0.4633
1778666413.3025,856,517,Center,0.4463,0.4794
1778666413.4656,900,519,Center,0.4688,0.4813
1778666413.6518,900,517,Center,0.4689,0.479
1778666413.7213,905,518,Center,0.4715,0.4799
1778666413.8796,874,519,Center,0.4557,0.4807
1778666413.9253,857,522,Center,0.4465,0.4837
1778666414.0705,841,513,Center,0.4385,0.4759
1778666414.1089,852,488,Center,0.4441,0.4526
1778666414.2623,856,466,Center,0.4463,0.4321
1778666414.3014,838,449,Center,0.4369,0.4162
1778666414.4598,831,413,Center,0.433,0.3825
1778666414.4959,826,392,Center,0.4306,0.3631
1778666414.631,816,380,Center,0.4252,0.3519
1778666414.6798,808,363,Center,0.4208,0.3362
1778666414.8197,809,361,Center,0.4217,0.3352
1778666414.8644,797,389,Center,0.4155,0.3606
1778666415.0027,783,388,Center,0.4081,0.3602
1778666415.0433,768,411,Center,0.4003,0.3811
1778666415.1947,750,428,Left,0.391,0.3972
1778666415.2323,743,448,Left,0.3874,0.4154
1778666415.3923,759,446,Left,0.3954,0.4135
1778666415.4294,768,455,Center,0.4001,0.4214
1778666415.6064,764,443,Left,0.3983,0.4109
1778666415.6639,781,453,Center,0.4069,0.4195
1778666415.8209,782,457,Center,0.4074,0.4233
1778666415.876,782,457,Center,0.4075,0.424
1778666416.0241,787,477,Center,0.4099,0.4421
1778666416.0566,808,471,Center,0.4212,0.4365
1778666416.1962,802,474,Center,0.4177,0.4392
1778666416.2342,795,457,Center,0.4143,0.4239
1778666416.3908,790,447,Center,0.4117,0.4145
1778666416.4225,786,437,Center,0.4098,0.4054
1778666416.5606,775,461,Center,0.4042,0.4273
1778666416.6016,787,433,Center,0.4103,0.401
1778666416.7436,800,419,Center,0.4169,0.3888
1778666416.7837,802,425,Center,0.4182,0.3943
1778666416.9321,795,407,Center,0.4143,0.3774
1778666416.9726,808,383,Center,0.4213,0.3551
1778666417.1554,804,404,Center,0.4192,0.3749
1778666417.2167,794,400,Center,0.4136,0.371
1778666417.3555,801,386,Center,0.4173,0.3576
1778666417.3926,823,401,Center,0.4288,0.3722
1778666417.5399,812,434,Center,0.4232,0.4021
1778666418.827,859,435,Center,0.4476,0.4035
1778666418.9637,894,449,Center,0.4658,0.4161
1778666419.0018,917,460,Center,0.478,0.426
1778666419.134,937,452,Center,0.4885,0.419
1778666419.1742,962,428,Center,0.5014,0.3971
1778666419.3115,924,419,Center,0.4813,0.3881
1778666419.3575,899,416,Center,0.4685,0.3855
1778666419.5054,873,400,Center,0.455,0.3708
1778666419.5465,857,404,Center,0.4467,0.3749
1778666419.7003,845,405,Center,0.4401,0.3752
1778666419.7579,849,369,Center,0.4424,0.3426
1778666419.9235,870,344,Center,0.4534,0.3192
1778666419.9908,881,355,Center,0.4589,0.3294
1778666420.1307,876,363,Center,0.4564,0.3367
1778666420.1684,873,350,Center,0.455,0.3246
1778666420.3068,874,366,Center,0.4556,0.3393
1778666420.3453,859,394,Center,0.4476,0.3656
1778666420.4828,872,389,Center,0.4545,0.3608
1778666420.5198,868,370,Center,0.4524,0.3433
1778666420.6545,874,335,Center,0.4553,0.3109
1778666420.688,839,288,Center,0.4374,0.2671
1778666420.8381,825,228,Center,0.43,0.2113
1778666420.8666,811,184,Center,0.4225,0.1706
1778666421.0313,825,166,Center,0.4299,0.1543
1778666421.0738,821,183,Center,0.4279,0.17
1778666421.2295,845,239,Center,0.4404,0.2221
1778666421.2686,852,299,Center,0.444,0.2775
1778666421.4001,845,340,Center,0.4403,0.3156
1778666421.4322,818,364,Center,0.4264,0.3371
1778666421.571,814,391,Center,0.4241,0.3622
1778666421.6156,819,401,Center,0.4267,0.3714
1778666421.7524,818,412,Center,0.4262,0.3823
1778666421.8041,824,401,Center,0.4292,0.372
1778666421.9577,851,393,Center,0.4433,0.3641
1778666421.9937,860,395,Center,0.4481,0.3663
1778666422.1428,856,358,Center,0.446,0.3318
1778666422.1844,863,322,Center,0.4496,0.2988
1778666422.3327,856,327,Center,0.4459,0.3033
1778666422.3709,832,309,Center,0.4335,0.2864
1778666422.5217,814,287,Center,0.424,0.2663
1778666422.5719,795,294,Center,0.4142,0.2729
1778666422.744,784,310,Center,0.4085,0.2879
1778666422.7882,769,321,Center,0.4008,0.2974
1778666422.936,776,320,Center,0.4046,0.2971
1778666422.9651,766,320,Left,0.3994,0.2964
1778666423.0941,768,329,Center,0.4001,0.3052
1778666423.1552,776,327,Center,0.4042,0.3036
1778666423.2756,786,305,Center,0.4097,0.2828
1778666423.3092,749,325,Left,0.3902,0.3018
1778666423.464,723,323,Left,0.3767,0.2992
1778666423.4952,708,286,Left,0.3688,0.2653
1778666423.633,704,216,Left,0.3672,0.2005
1778666423.6665,929,304,Center,0.4843,0.2821
1778666424.0318,1186,398,Right,0.6181,0.3692
1778666424.0572,1452,480,Right,0.7564,0.4452
1778666424.1945,1700,575,Right,0.8856,0.5327
1778666424.229,1920,716,Right,1.0,0.663
1778666424.3675,1920,678,Right,1.0,0.6281
1778666424.4018,1920,639,Right,1.0,0.5917
1778666424.5712,1920,625,Right,1.0,0.5793
1778666424.6299,1920,616,Right,1.0,0.5708
1778666424.7758,1730,502,Right,0.9011,0.4654
1778666424.8138,1493,489,Right,0.7778,0.4528
1778666424.9731,1266,431,Right,0.6597,0.3997
1778666425.0056,1046,383,Center,0.545,0.3551
1778666425.1435,824,342,Center,0.4297,0.3168
1778666425.1862,786,392,Center,0.4098,0.3635
1778666425.331,806,381,Center,0.4199,0.3534
1778666425.3726,824,390,Center,0.4293,0.3611
1778666425.528,820,400,Center,0.4271,0.3707
1778666425.5623,818,412,Center,0.4264,0.3815
1778666425.6946,829,384,Center,0.432,0.3565
1778666425.7352,800,365,Center,0.4171,0.3385
1778666425.8705,759,353,Left,0.3955,0.3275
1778666425.9216,741,335,Left,0.3864,0.3102
1778666426.0801,720,326,Left,0.3753,0.3026
1778666426.1237,690,349,Left,0.3595,0.3236
1778666426.2646,698,354,Left,0.3638,0.3286
1778666426.3038,704,380,Left,0.3671,0.3527
1778666426.4453,710,401,Left,0.3701,0.3722
1778666426.4803,708,400,Left,0.3691,0.3713
1778666426.6273,718,423,Left,0.374,0.3919
1778666426.6655,718,452,Left,0.3745,0.4194
1778666426.8067,735,430,Left,0.3829,0.3982
1778666426.8464,753,436,Left,0.3926,0.404
1778666426.9765,779,451,Center,0.406,0.418
1778666427.0262,785,445,Center,0.4093,0.412
1778666427.1801,797,424,Center,0.4153,0.3933
1778666427.2117,792,452,Center,0.4128,0.419
1778666427.3698,762,461,Left,0.3972,0.4269
1778666427.4074,745,456,Left,0.3882,0.4226
1778666427.5567,738,454,Left,0.3848,0.421
1778666427.5885,725,434,Left,0.3781,0.4022
1778666427.7309,719,398,Left,0.3745,0.3686
1778666427.765,727,390,Left,0.379,0.3612
1778666427.9109,711,395,Left,0.3708,0.366
1778666427.9549,717,399,Left,0.3738,0.3701
1778666428.1214,714,427,Left,0.372,0.3957
1778666428.1761,720,456,Left,0.3753,0.4227
1778666428.3299,715,453,Left,0.3726,0.4198
1778666428.381,714,435,Left,0.372,0.4036
1778666428.527,695,424,Left,0.362,0.3933
1778666428.5631,702,442,Left,0.366,0.4093
1778666428.7197,706,440,Left,0.368,0.4076
1778666428.7567,715,419,Left,0.3727,0.3888
1778666428.8994,730,385,Left,0.3803,0.3572
1778666428.9369,719,385,Left,0.3749,0.3568
1778666429.0848,689,362,Left,0.359,0.3356
1778666429.1199,681,358,Left,0.355,0.3317
1778666429.2659,669,393,Left,0.3486,0.3642
1778666429.3115,656,456,Left,0.3421,0.4229
1778666429.4702,672,451,Left,0.3505,0.4179
1778666429.5058,663,457,Left,0.3458,0.4237
1778666429.6373,662,443,Left,0.3453,0.4104
1778666429.689,676,431,Left,0.3523,0.3994
1778666429.8192,685,402,Left,0.3571,0.3726
1778666429.8544,697,416,Left,0.3632,0.3853
1778666429.9992,724,382,Left,0.3772,0.3541
1778666430.0335,744,372,Left,0.3877,0.3446
1778666430.2171,810,345,Center,0.422,0.3203
1778666430.281,1053,426,Center,0.5484,0.3953
1778666430.4193,1287,490,Right,0.6703,0.4541
1778666430.4569,1534,604,Right,0.7991,0.5595
1778666430.5905,1751,686,Right,0.9123,0.636
1778666430.6285,1920,769,Right,1.0,0.7125
1778666430.7614,1920,757,Right,1.0,0.7016
1778666430.8036,1920,740,Right,1.0,0.6859
1778666430.947,1919,728,Right,0.9999,0.6747
1778666430.9906,1681,588,Right,0.8759,0.5445
1778666431.1194,1416,500,Right,0.7378,0.463
1778666431.1545,1202,434,Right,0.6263,0.4026
1778666431.2938,985,368,Center,0.5133,0.3416
1778666431.3359,759,305,Left,0.3958,0.2825
1778666431.4746,774,400,Center,0.4036,0.3713
1778666431.5167,803,423,Center,0.4184,0.3918
1778666431.6553,787,419,Center,0.4101,0.3887
1778666431.6928,769,438,Center,0.4006,0.4059
1778666431.825,776,413,Center,0.4047,0.3827
1778666431.8628,773,407,Center,0.4031,0.3771
1778666432.0002,783,411,Center,0.408,0.3809
1778666432.0453,790,426,Center,0.4116,0.3953
1778666432.1918,787,399,Center,0.4102,0.3697
1778666432.2326,765,392,Left,0.3986,0.363
1778666432.3821,759,365,Left,0.3953,0.338
1778666432.4201,765,360,Left,0.3985,0.3338
1778666432.5566,751,358,Left,0.3916,0.3322
1778666432.5922,760,362,Left,0.3961,0.3356
1778666432.753,773,365,Center,0.4027,0.3385
1778666432.8168,838,408,Center,0.4365,0.3781
1778666432.9486,890,427,Center,0.4637,0.3955
1778666432.9852,954,416,Center,0.4971,0.386
1778666433.1153,1005,430,Center,0.5238,0.3985
1778666433.1464,1050,451,Center,0.5469,0.4179
1778666433.2826,1027,427,Center,0.5349,0.396
1778666433.3238,963,377,Center,0.5017,0.3494
1778666433.4807,905,344,Center,0.4718,0.3191
1778666433.5248,807,331,Center,0.4204,0.307
1778666433.6646,729,311,Left,0.38,0.2884
1778666433.7002,674,309,Left,0.3513,0.287
1778666433.8349,669,339,Left,0.3486,0.3141
1778666433.8746,652,358,Left,0.3397,0.3319
1778666434.0039,686,366,Left,0.3577,0.3398
1778666434.0419,704,386,Left,0.367,0.3577
1778666434.1995,726,370,Left,0.3784,0.3429
1778666434.2345,722,288,Left,0.3764,0.2668
1778666434.3688,743,220,Left,0.3872,0.2046
1778666434.4043,985,277,Center,0.5133,0.2566
1778666434.5541,1228,327,Right,0.6397,0.3034
1778666434.5847,1451,385,Right,0.7562,0.3572
1778666434.7268,1693,521,Right,0.8821,0.4831
1778666434.7779,1920,639,Right,1.0,0.5921
1778666434.9283,1920,645,Right,1.0,0.5974
1778666434.9664,1920,633,Right,1.0,0.5867
1778666435.1087,1920,629,Right,1.0,0.5829
1778666435.1504,1920,635,Right,1.0,0.5884
1778666435.2961,1920,659,Right,1.0,0.6103
1778666435.3331,1920,643,Right,1.0,0.5959
1778666435.5314,1920,636,Right,1.0,0.5896
1778666435.5665,1710,522,Right,0.8908,0.4837
1778666435.7134,1457,380,Right,0.7593,0.3522
1778666435.7675,1235,299,Right,0.6433,0.2776
1778666435.8947,1005,223,Center,0.5236,0.2068
1778666435.9498,774,189,Center,0.4032,0.1758
1778666436.08,756,283,Left,0.3938,0.2629
1778666436.1146,791,369,Center,0.4121,0.342
1778666436.2739,796,395,Center,0.415,0.3661
1778666436.3076,800,416,Center,0.4169,0.3859
1778666436.4465,803,398,Center,0.4186,0.3693
1778666436.4847,815,398,Center,0.4245,0.3691
1778666436.6165,797,410,Center,0.4154,0.3801
1778666436.6527,838,417,Center,0.4369,0.3868
1778666436.7854,913,442,Center,0.4758,0.41
1778666436.838,956,435,Center,0.4984,0.4035
1778666437.0083,975,405,Center,0.5083,0.3755
1778666437.0495,1004,369,Center,0.5231,0.3418
1778666437.1928,978,315,Center,0.5097,0.2925
1778666437.2425,863,276,Center,0.4498,0.2564
1778666437.3841,788,294,Center,0.4108,0.2725
1778666437.4331,745,285,Left,0.3883,0.2643
1778666437.6055,712,292,Left,0.3713,0.2708
1778666437.645,677,321,Left,0.3526,0.2981
1778666437.8176,694,320,Left,0.3618,0.2968
1778666437.8447,718,264,Left,0.3744,0.2446
1778666437.9867,718,264,Left,0.3744,0.2446
1778666438.0251,959,373,Center,0.4997,0.3457
1778666438.1824,1198,433,Right,0.6243,0.4013
1778666438.2491,1435,526,Right,0.7479,0.4871
1778666438.3852,1684,627,Right,0.8775,0.5815
1778666438.4193,1920,723,Right,1.0,0.6698
1778666438.5716,1920,676,Right,1.0,0.6262
1778666438.6292,1845,657,Right,0.9613,0.6084
1778666438.8212,1602,609,Right,0.8344,0.5644
1778666438.8589,1365,523,Right,0.7112,0.4846
1778666439.0218,1127,488,Center,0.587,0.4521
1778666439.0694,908,448,Center,0.4734,0.4149
1778666439.1962,751,427,Left,0.3912,0.396
1778666439.2396,765,389,Left,0.3989,0.3606
1778666439.3955,761,416,Left,0.3968,0.3856
1778666439.4255,749,411,Left,0.3906,0.3813
1778666439.7933,731,403,Left,0.3809,0.3741
1778666439.8243,712,405,Left,0.371,0.3751
1778666439.965,901,420,Center,0.4693,0.3891
1778666440.0026,1141,460,Center,0.5945,0.4261
1778666440.1403,1391,492,Right,0.725,0.4557
1778666440.1739,1628,533,Right,0.8483,0.4939
1778666440.324,1879,561,Right,0.9791,0.5199
1778666440.3591,1920,617,Right,1.0,0.5716
1778666440.4921,1920,604,Right,1.0,0.5601
1778666440.5267,1920,624,Right,1.0,0.5785
1778666440.6574,1907,621,Right,0.9934,0.5751
1778666440.7005,1657,503,Right,0.8635,0.4661
1778666440.844,1393,355,Right,0.7257,0.329
1778666440.8839,1158,291,Right,0.6035,0.2695
1778666441.0479,945,225,Center,0.4923,0.2092
1778666441.0961,737,192,Left,0.3841,0.178
1778666441.2393,763,274,Left,0.3978,0.2543
1778666441.273,782,353,Center,0.4074,0.3274
1778666441.3996,777,366,Center,0.4047,0.339
1778666441.4362,783,389,Center,0.408,0.3607
1778666441.5863,817,398,Center,0.4259,0.3687
1778666441.6361,836,406,Center,0.4354,0.3764
1778666441.7875,865,394,Center,0.4507,0.3655
1778666441.8407,905,383,Center,0.4717,0.3547
1778666441.9793,901,373,Center,0.4697,0.3454
1778666442.021,885,370,Center,0.4614,0.343
1778666442.1766,861,327,Center,0.4489,0.3033
1778666442.2132,868,329,Center,0.4525,0.3053
1778666442.3635,851,382,Center,0.4436,0.3544
1778666442.4145,851,385,Center,0.4435,0.3572
1778666442.5774,833,382,Center,0.4341,0.3544
1778666442.6176,852,413,Center,0.4441,0.3833
1778666442.7771,839,429,Center,0.4371,0.3974
1778666442.8162,838,381,Center,0.4367,0.3534
1778666442.9594,850,370,Center,0.4429,0.3431
1778666443.001,860,371,Center,0.4484,0.3438
1778666443.1529,848,350,Center,0.4418,0.325
1778666443.183,848,333,Center,0.4421,0.3092
1778666443.313,836,372,Center,0.4359,0.3453
1778666443.3467,810,383,Center,0.4222,0.3549
1778666443.5025,800,376,Center,0.4168,0.3482
1778666443.5481,814,389,Center,0.4241,0.3607
1778666443.7238,828,392,Center,0.4315,0.363
1778666443.7695,844,352,Center,0.44,0.3263
1778666443.9183,860,344,Center,0.4482,0.3186
1778666443.956,877,341,Center,0.4571,0.316
1778666444.1227,895,339,Center,0.4665,0.3142
1778666444.168,910,340,Center,0.4741,0.315
1778666444.8061,928,351,Center,0.4835,0.3253
1778666444.8354,910,365,Center,0.4743,0.3385
1778666444.9955,880,384,Center,0.4586,0.3556
1778666445.0313,846,400,Center,0.4411,0.3706
1778666445.1689,806,412,Center,0.4203,0.3821
1778666445.2046,767,411,Left,0.3998,0.3808
1778666445.3507,760,397,Left,0.3962,0.3678
1778666445.3974,753,399,Left,0.3927,0.3698
1778666445.5575,747,403,Left,0.3893,0.3732
1778666445.5976,743,416,Left,0.3874,0.3859
1778666445.7386,737,434,Left,0.3841,0.4027
1778666445.7818,723,461,Left,0.3766,0.4276
1778666445.928,730,463,Left,0.3806,0.429
1778666445.974,722,470,Left,0.3763,0.4357
1778666446.1172,731,468,Left,0.3808,0.434
1778666446.1498,728,451,Left,0.3792,0.4178
1778666446.2973,729,435,Left,0.3798,0.4031
1778666446.3339,720,432,Left,0.3752,0.4004
1778666446.472,705,425,Left,0.3677,0.3943
1778666446.5085,680,426,Left,0.3544,0.3949
1778666446.6589,672,445,Left,0.35,0.4122
1778666446.6919,671,447,Left,0.35,0.4144
1778666446.8278,685,427,Left,0.3568,0.396
1778666446.8661,713,417,Left,0.3716,0.3865
1778666447.011,743,396,Left,0.3873,0.3669
1778666447.0458,818,405,Center,0.4264,0.3759
1778666447.183,878,414,Center,0.4575,0.3836
1778666447.2179,900,440,Center,0.4692,0.4081
1778666447.363,999,391,Center,0.5204,0.3624
1778666447.3985,1057,346,Center,0.5506,0.3211
1778666447.5587,1035,248,Center,0.5395,0.2297
1778666447.5953,1223,288,Right,0.6373,0.2667
1778666447.7227,1428,374,Right,0.7441,0.3471
1778666447.7616,1555,488,Right,0.81,0.452
1778666447.8949,1721,606,Right,0.8966,0.562
1778666447.9314,1920,727,Right,1.0,0.6734
1778666448.0677,1920,725,Right,1.0,0.6714
1778666448.1147,1920,677,Right,1.0,0.627
1778666448.2891,1920,663,Right,1.0,0.6142
1778666448.3183,1920,656,Right,1.0,0.6083
1778666448.4585,1920,678,Right,1.0,0.6282
1778666448.5076,1920,692,Right,1.0,0.6412
1778666448.6716,1920,698,Right,1.0,0.647
1778666448.7248,1920,722,Right,1.0,0.6692
1778666448.8811,1920,710,Right,1.0,0.6578
1778666448.9171,1782,674,Right,0.9286,0.6241
1778666449.0709,1545,583,Right,0.8047,0.5403
1778666449.1064,1302,513,Right,0.6785,0.4756
1778666449.2547,1079,422,Center,0.5622,0.3908
1778666449.3033,831,391,Center,0.4331,0.3627
1778666449.4431,730,360,Left,0.3806,0.3338
1778666449.4817,723,374,Left,0.377,0.3466
1778666449.6314,729,369,Left,0.3798,0.3421
1778666449.6749,716,389,Left,0.3731,0.3609
1778666449.8135,720,383,Left,0.3754,0.355
1778666449.8541,741,395,Left,0.3865,0.3662
1778666449.9865,754,429,Left,0.393,0.3978
1778666450.0216,758,457,Left,0.3948,0.4233
1778666450.1892,762,461,Left,0.3974,0.4275
1778666450.2259,781,465,Center,0.4068,0.4307
1778666450.373,766,484,Left,0.3994,0.449
1778666450.4202,777,457,Center,0.4049,0.4235
1778666450.5888,789,437,Center,0.4113,0.4053
1778666450.6338,790,448,Center,0.4116,0.415
1778666450.78,797,439,Center,0.4155,0.4071
1778666450.8376,806,431,Center,0.4201,0.3997
1778666451.046,791,448,Center,0.4123,0.4149
1778666451.0895,780,463,Center,0.4063,0.4295
1778666451.2402,792,454,Center,0.4126,0.4207
1778666451.2879,792,463,Center,0.4128,0.429
1778666451.4315,807,452,Center,0.4204,0.4187
1778666451.4677,823,442,Center,0.4286,0.4094
1778666451.6046,838,451,Center,0.4365,0.4178
1778666451.6446,818,430,Center,0.4264,0.3987
1778666451.7748,811,437,Center,0.4227,0.4052
1778666451.8143,794,453,Center,0.4136,0.4198
1778666451.9457,792,477,Center,0.4128,0.4417
1778666451.9807,787,439,Center,0.4101,0.4068
1778666452.1313,787,433,Center,0.4101,0.4011
1778666452.1753,783,425,Center,0.4083,0.3942
1778666452.3077,781,418,Center,0.4072,0.3878
1778666452.3428,788,407,Center,0.4104,0.3772
1778666452.4737,793,435,Center,0.4134,0.4035
1778666452.5198,799,463,Center,0.4164,0.4296
1778666452.6536,798,457,Center,0.4159,0.4238
1778666452.7067,795,457,Center,0.4144,0.4234
1778666452.8433,757,471,Left,0.3947,0.4365
1778666452.8769,729,469,Left,0.38,0.4348
1778666453.0162,732,444,Left,0.3815,0.4113
1778666453.0653,725,411,Left,0.3778,0.3808
1778666453.2258,731,371,Left,0.381,0.3441
1778666453.2703,985,434,Center,0.5131,0.4027
1778666453.4249,1230,509,Right,0.641,0.4718
1778666453.4715,1460,587,Right,0.7606,0.5443
1778666453.6179,1696,680,Right,0.8834,0.6299
1778666453.6621,1920,751,Right,1.0,0.6959
1778666453.7959,1920,694,Right,1.0,0.6428
1778666453.8365,1920,652,Right,1.0,0.6044
1778666453.97,1920,627,Right,1.0,0.5811
1778666454.015,1817,543,Right,0.9464,0.5037
1778666454.1523,1734,497,Right,0.9036,0.4606
1778666454.1904,1649,484,Right,0.8593,0.4487
1778666454.3368,1566,461,Right,0.8159,0.4275
1778666454.3868,1566,460,Right,0.8159,0.4267
1778666454.5258,1669,534,Right,0.8695,0.495
1778666454.5615,1751,613,Right,0.9123,0.5678
1778666454.7107,1836,643,Right,0.9566,0.5955
1778666454.7604,1920,665,Right,1.0,0.6165
1778666454.902,1920,673,Right,1.0,0.6232
1778666454.9361,1920,643,Right,1.0,0.5956
1778666455.0665,1920,593,Right,1.0,0.5499
1778666455.1026,1920,586,Right,1.0,0.5431
1778666455.242,1920,588,Right,1.0,0.545
1778666455.2907,1920,577,Right,1.0,0.5347
1778666455.4276,1920,580,Right,1.0,0.5376
1778666455.4652,1905,589,Right,0.9925,0.5456
1778666455.6138,1887,580,Right,0.983,0.537
1778666455.6504,1599,486,Right,0.8333,0.4505
1778666455.7857,1338,425,Right,0.697,0.3942
1778666455.8192,1107,376,Center,0.5768,0.3488
1778666455.9651,893,329,Center,0.4653,0.305
1778666456.0062,687,290,Left,0.3579,0.2692
1778666456.1412,750,335,Left,0.3911,0.3111
1778666456.1823,795,370,Center,0.4143,0.343
1778666456.3338,811,418,Center,0.4225,0.3872
1778666456.3804,852,436,Center,0.4439,0.4042
1778666456.5225,829,405,Center,0.4319,0.3754
1778666456.5687,1053,437,Center,0.5486,0.4052
1778666456.7108,1270,467,Right,0.6617,0.4325
1778666456.7485,1485,491,Right,0.7736,0.4549
1778666456.8919,1672,545,Right,0.8712,0.5049
1778666456.9523,1920,655,Right,1.0,0.6068
1778666457.1005,1920,690,Right,1.0,0.6392
1778666457.14,1920,698,Right,1.0,0.6465
1778666457.2861,1920,701,Right,1.0,0.65
1778666457.3216,1920,700,Right,1.0,0.6482
1778666457.4569,1920,693,Right,1.0,0.6418
1778666457.4969,1920,699,Right,1.0,0.6477
1778666457.6423,1920,698,Right,1.0,0.6467
1778666457.687,1709,581,Right,0.8903,0.5389
1778666457.8318,1462,476,Right,0.7617,0.4409
1778666457.8718,1239,409,Right,0.6455,0.3793
1778666458.0148,1038,332,Center,0.541,0.3075
1778666458.0518,841,290,Center,0.4382,0.2692
1778666458.2005,859,345,Center,0.4477,0.3196
1778666458.243,910,394,Center,0.4743,0.3653
1778666458.4074,932,398,Center,0.4858,0.3688
1778666458.4545,935,432,Center,0.4873,0.4008
1778666458.5961,944,431,Center,0.4921,0.3993
1778666458.6327,957,445,Center,0.4986,0.4121
1778666458.7683,954,457,Center,0.4973,0.4237
1778666458.8104,963,478,Center,0.502,0.4431
1778666458.9578,965,449,Center,0.5031,0.4162
1778666458.9924,970,471,Center,0.5053,0.4369
1778666459.1362,965,459,Center,0.5031,0.4256
1778666459.1758,977,456,Center,0.5093,0.4225
1778666459.3226,972,450,Center,0.5064,0.4171
1778666459.3607,969,472,Center,0.5051,0.4376
1778666461.0101,952,467,Center,0.496,0.4333
1778666461.0595,935,477,Center,0.4873,0.4422
1778666461.2213,914,472,Center,0.4764,0.4376
1778666461.2811,896,455,Center,0.4667,0.4216
1778666461.423,883,434,Center,0.4604,0.402
1778666461.4754,942,445,Center,0.4911,0.4122
1778666461.617,994,470,Center,0.5182,0.4358
1778666461.6832,1049,459,Center,0.5465,0.4255
1778666461.8333,1120,449,Center,0.5835,0.4166
1778666461.8878,1208,471,Right,0.6292,0.4362
1778666462.0407,1244,451,Right,0.6484,0.4181
1778666462.0968,1255,444,Right,0.6538,0.4118
1778666462.2565,1261,472,Right,0.6572,0.4372
1778666462.3137,1328,514,Right,0.692,0.476
1778666462.446,1341,529,Right,0.6985,0.4902
1778666462.4806,1446,539,Right,0.7532,0.4991
1778666462.6408,1584,523,Right,0.8255,0.4851
1778666462.6863,1731,525,Right,0.9017,0.4863
1778666462.8309,1809,545,Right,0.9424,0.5047
1778666462.8731,1851,535,Right,0.9645,0.4962
1778666463.0272,1759,523,Right,0.9164,0.4851
1778666463.0678,1700,572,Right,0.8856,0.5301
1778666463.2137,1617,583,Right,0.8426,0.5407
1778666464.0537,1530,528,Right,0.797,0.4895
1778666464.2341,1408,501,Right,0.7334,0.4642
1778666464.2963,1321,464,Right,0.6881,0.4302
1778666464.4808,1197,357,Right,0.6236,0.3306
1778666464.5159,1084,255,Center,0.5651,0.2369
1778666464.6457,971,208,Center,0.506,0.193
1778666464.6766,978,187,Center,0.5094,0.1736
1778666464.8336,968,177,Center,0.5046,0.1643
1778666464.8652,918,143,Center,0.4786,0.133
1778666465.0012,870,126,Center,0.4532,0.1172
1778666465.0407,847,115,Center,0.4415,0.1074
1778666465.1851,813,113,Center,0.4237,0.1054
1778666465.2417,797,135,Center,0.4152,0.1257
1778666465.3817,777,206,Center,0.4048,0.1915
1778666465.4147,786,293,Center,0.4097,0.2714
1778666465.5726,793,344,Center,0.4132,0.3191
1778666465.6082,784,388,Center,0.4087,0.3598
1778666465.7492,737,438,Left,0.384,0.4058
1778666465.7973,817,466,Center,0.426,0.4318
1778666465.9281,871,455,Center,0.4537,0.4214
1778666465.9712,915,488,Center,0.477,0.4524
1778666466.1126,954,457,Center,0.4971,0.4236
1778666466.1507,1029,437,Center,0.5362,0.4056
1778666466.2961,1023,436,Center,0.5328,0.404
1778666466.3448,1121,418,Center,0.5843,0.3876
1778666466.4821,1147,400,Center,0.5974,0.3707
1778666466.5298,1168,403,Right,0.6088,0.3738
1778666466.6703,1140,390,Center,0.5941,0.3613
1778666466.7074,1107,391,Center,0.5769,0.3621
1778666466.8573,979,423,Center,0.5102,0.3919
1778666466.8941,902,427,Center,0.4703,0.3957
1778666467.0428,855,439,Center,0.4457,0.4069
1778666467.0785,830,428,Center,0.4328,0.3964
1778666467.2193,819,397,Center,0.4266,0.3682
1778666467.2635,836,359,Center,0.4355,0.3326
1778666467.3951,874,269,Center,0.4553,0.2492
1778666467.4322,1053,226,Center,0.5487,0.2097
1778666467.5684,1283,252,Right,0.6686,0.2338
1778666467.607,1507,333,Right,0.785,0.3087
1778666467.7684,1700,431,Right,0.8859,0.3991
1778666467.8106,1886,557,Right,0.9825,0.5165
1778666467.9678,1920,661,Right,1.0,0.6121
1778666468.0113,1920,697,Right,1.0,0.6454
1778666468.1492,1920,677,Right,1.0,0.6272
1778666468.1811,1920,657,Right,1.0,0.6087
1778666468.3299,1920,659,Right,1.0,0.6102
1778666468.371,1920,612,Right,1.0,0.5676
1778666468.5099,1920,581,Right,1.0,0.5384
1778666468.5465,1645,531,Right,0.8569,0.4917
1778666468.6823,1426,476,Right,0.7428,0.4415
1778666468.731,1187,440,Right,0.6183,0.4082
1778666468.8869,968,418,Center,0.5042,0.3873
1778666468.946,752,374,Left,0.392,0.3469
1778666469.1267,792,366,Center,0.4127,0.3391
1778666469.1622,779,393,Center,0.4061,0.3647
1778666469.3054,787,377,Center,0.4101,0.3497
1778666469.3455,769,385,Center,0.401,0.3573
1778666469.4908,756,407,Left,0.3939,0.3775
1778666469.5279,742,427,Left,0.3866,0.3955
1778666469.6594,725,414,Left,0.3777,0.384
1778666469.698,727,414,Left,0.3791,0.3836
1778666469.8414,741,407,Left,0.3861,0.3775
1778666469.8831,717,398,Left,0.3739,0.3689
1778666470.0098,739,375,Left,0.3854,0.3474
1778666470.0438,761,383,Left,0.3968,0.3554
1778666470.1801,810,376,Center,0.4221,0.3485
1778666470.2182,842,394,Center,0.4386,0.3649
1778666470.3862,884,415,Center,0.4609,0.3846
1778666470.4522,916,429,Center,0.4774,0.3981
1778666470.6035,936,382,Center,0.4878,0.3537
1778666470.6507,891,368,Center,0.4643,0.3414
1778666470.7898,836,330,Center,0.4358,0.3056
1778666470.8318,806,312,Center,0.4201,0.2894
1778666470.9799,754,294,Left,0.3927,0.2728
1778666471.0194,755,252,Left,0.3935,0.234
1778666471.1597,980,342,Center,0.5107,0.3174
1778666471.2104,1226,438,Right,0.6388,0.4061
1778666471.3459,1466,495,Right,0.7638,0.4587
1778666471.3819,1714,553,Right,0.893,0.5128
1778666471.5371,1920,667,Right,1.0,0.6182
1778666471.5823,1920,641,Right,1.0,0.5939
1778666471.7348,1920,639,Right,1.0,0.5924
1778666471.7755,1920,639,Right,1.0,0.5923
1778666471.9202,1920,672,Right,1.0,0.6228
1778666471.9594,1920,694,Right,1.0,0.6435
1778666472.1082,1920,720,Right,1.0,0.6671
1778666472.1518,1920,706,Right,1.0,0.6544
1778666472.2841,1920,697,Right,1.0,0.646
1778666472.3228,1774,543,Right,0.9241,0.503
1778666472.4676,1751,415,Right,0.9123,0.3851
1778666472.5067,1751,426,Right,0.9123,0.3945
1778666472.6435,1751,423,Right,0.9123,0.392
1778666472.677,1751,458,Right,0.9123,0.4245
1778666472.8251,1897,590,Right,0.9882,0.547
1778666472.8623,1920,710,Right,1.0,0.6578
1778666473.015,1920,692,Right,1.0,0.6411
1778666473.0526,1920,696,Right,1.0,0.6447
1778666473.1967,1920,680,Right,1.0,0.6301
1778666473.2302,1920,677,Right,1.0,0.6272
1778666473.3617,1920,666,Right,1.0,0.6172
1778666473.3968,1638,556,Right,0.8532,0.515
1778666473.5285,1354,474,Right,0.7057,0.439
1778666473.5751,1106,434,Center,0.5763,0.4023
1778666473.7183,863,400,Center,0.4496,0.3707
1778666473.7629,627,370,Left,0.3267,0.343
1778666473.9188,686,441,Left,0.3574,0.4088
1778666473.9675,741,466,Left,0.3864,0.4324
1778666474.1056,762,448,Left,0.3973,0.4155
1778666474.1441,787,443,Center,0.4102,0.4108
1778666474.2819,815,437,Center,0.425,0.4053
1778666474.3181,830,414,Center,0.4325,0.3836
1778666474.4668,834,407,Center,0.4346,0.3772
1778666474.5089,843,410,Center,0.4391,0.3802
1778666474.6506,848,402,Center,0.4421,0.3723
1778666474.6897,946,392,Center,0.4929,0.3638
1778666474.8302,1057,402,Center,0.5508,0.373
1778666474.8688,1157,421,Right,0.603,0.3899
1778666475.0106,1259,463,Right,0.6559,0.4293
1778666475.0478,1345,491,Right,0.7007,0.4551
1778666475.2092,1330,515,Right,0.6928,0.4769
1778666475.2474,1167,467,Right,0.6082,0.4325
1778666475.4075,1030,436,Center,0.5367,0.4045
1778666475.441,911,380,Center,0.4749,0.3525
1778666475.5846,797,311,Center,0.4155,0.2887
1778666475.6227,694,272,Left,0.3618,0.2521
1778666475.7727,727,296,Left,0.3791,0.2749
1778666475.8379,762,337,Left,0.3969,0.3129
1778666475.9947,756,344,Left,0.394,0.3191
1778666476.0586,759,377,Left,0.3956,0.3494
1778666476.2059,748,418,Left,0.3899,0.3879
1778666476.2536,761,426,Left,0.3964,0.3946
1778666476.3923,764,430,Left,0.398,0.399
1778666476.4309,776,429,Center,0.4043,0.3973
1778666476.5924,786,430,Center,0.4095,0.3987
1778666476.6312,807,395,Center,0.4208,0.3661
1778666476.7832,805,414,Center,0.4193,0.3839
1778666476.8308,806,390,Center,0.4203,0.362
1778666476.964,814,404,Center,0.4242,0.3746
1778666476.9981,818,421,Center,0.4264,0.3902
1778666477.1495,812,441,Center,0.4233,0.4089
1778666477.1801,795,440,Center,0.4143,0.408
1778666477.3547,780,442,Center,0.4064,0.4093
1778666477.4128,770,428,Center,0.4013,0.3967
1778666477.5951,758,434,Left,0.395,0.4028
1778666477.6312,753,425,Left,0.3926,0.3944
1778666477.7957,761,417,Left,0.3969,0.3866
1778666477.8473,790,425,Center,0.4117,0.3944
1778666478.0205,817,451,Center,0.4256,0.4181
1778666478.0813,829,415,Center,0.4318,0.3844
1778666478.2647,834,390,Center,0.4346,0.3618
1778666478.3218,829,372,Center,0.4323,0.3452
1778666478.4908,812,363,Center,0.4231,0.3367
1778666478.5479,800,321,Center,0.4172,0.2978
1778666478.7137,804,316,Center,0.4192,0.2932
1778666478.7809,810,302,Center,0.4221,0.2805
1778666478.9252,820,286,Center,0.4271,0.2656
1778666478.9623,1045,292,Center,0.5446,0.2712
1778666479.0986,1262,351,Right,0.6575,0.3258
1778666479.1356,1481,436,Right,0.7717,0.4041
1778666479.2918,1698,532,Right,0.8849,0.4935
1778666479.3259,1920,626,Right,1.0,0.5802
1778666479.474,1920,673,Right,1.0,0.6239
1778666479.5237,1861,654,Right,0.9693,0.606
1778666479.653,1775,598,Right,0.9246,0.5541
1778666479.6885,1656,544,Right,0.8627,0.5039
1778666479.8173,1528,501,Right,0.7959,0.4639
1778666479.8686,1396,467,Right,0.7273,0.4332
1778666480.0019,1349,480,Right,0.703,0.4451
1778666480.039,1310,508,Right,0.6825,0.4711
1778666480.1908,1338,534,Right,0.697,0.4951
1778666480.235,1351,531,Right,0.7039,0.4925
1778666480.3809,1382,542,Right,0.7198,0.5022
1778666480.4251,1359,545,Right,0.7083,0.5054
1778666480.5951,1358,520,Right,0.7077,0.4817
1778666480.662,1271,480,Right,0.662,0.4448
1778666480.8325,1155,474,Right,0.602,0.4394
1778666480.8887,1016,479,Center,0.5293,0.4436
1778666481.0205,905,478,Center,0.4715,0.4429
1778666481.0688,798,500,Center,0.4157,0.4638
1778666481.2066,740,512,Left,0.3857,0.4745
1778666481.2426,739,508,Left,0.3851,0.4713
1778666481.3826,748,472,Left,0.3897,0.4371
1778666481.4247,745,464,Left,0.388,0.4303
1778666481.5759,755,443,Left,0.3936,0.4103
1778666481.6472,766,438,Left,0.3994,0.4057
1778666481.781,765,463,Left,0.3986,0.4289
1778666481.8195,803,468,Center,0.4183,0.4335
1778666481.9787,810,578,Center,0.4223,0.5359
1778666482.1418,878,706,Center,0.4578,0.654
1778666482.1784,933,685,Center,0.486,0.6343
1778666482.343,968,649,Center,0.5047,0.6015
1778666482.4012,932,647,Center,0.4858,0.5995
1778666482.5763,937,516,Center,0.4885,0.4783
1778666482.6364,869,396,Center,0.4527,0.3675
1778666482.7932,825,380,Center,0.4298,0.3522
1778666482.8358,710,524,Left,0.37,0.4859
1778666482.9949,718,564,Left,0.3744,0.5224
1778666483.0526,762,588,Left,0.397,0.5449
1778666483.2119,792,595,Center,0.413,0.551
1778666483.2606,761,644,Left,0.3968,0.5971
1778666483.4209,851,498,Center,0.4434,0.4619
1778666483.4565,841,455,Center,0.4384,0.4221
1778666483.5924,805,412,Center,0.4198,0.3816
1778666483.6309,770,373,Center,0.4013,0.3455
1778666483.7737,795,347,Center,0.4145,0.3219
1778666483.8229,797,364,Center,0.4152,0.3377
1778666483.9584,805,375,Center,0.4193,0.3475
1778666483.9971,805,409,Center,0.4196,0.379
1778666484.147,817,413,Center,0.4259,0.3828
1778666484.1831,836,420,Center,0.4358,0.3893
1778666484.3476,866,405,Center,0.4511,0.3755
1778666484.3917,877,416,Center,0.4573,0.3855
1778666484.5331,889,387,Center,0.4633,0.3587
1778666484.5751,889,413,Center,0.4634,0.3831
1778666484.7176,877,431,Center,0.4569,0.3997
1778666484.7526,836,420,Center,0.4359,0.3895
1778666484.8958,804,387,Center,0.4189,0.3586
1778666484.9353,769,409,Center,0.4009,0.379
1778666485.0674,748,406,Left,0.3898,0.3768
1778666485.114,733,412,Left,0.3819,0.3824
1778666485.2525,736,450,Left,0.3838,0.4172
1778666485.3028,754,481,Left,0.3932,0.4458
1778666485.4358,756,489,Left,0.3941,0.4531
1778666485.4713,753,498,Left,0.3922,0.4616
1778666485.6358,742,501,Left,0.3865,0.4643
1778666485.6731,738,475,Left,0.3847,0.4406
1778666485.8282,743,451,Left,0.3875,0.4177
1778666485.8678,760,429,Left,0.3961,0.3978
1778666486.0069,778,408,Center,0.4056,0.378
1778666486.0426,781,402,Center,0.4069,0.3731
1778666486.1813,762,433,Left,0.3972,0.4015
1778666486.2309,739,451,Left,0.385,0.4181
1778666486.3739,704,474,Left,0.3669,0.4394
1778666486.4241,679,496,Left,0.3538,0.4594
1778666486.5529,665,499,Left,0.3467,0.4623
1778666486.5899,681,492,Left,0.3551,0.4558
1778666486.7268,682,486,Left,0.3552,0.4501
1778666486.7664,709,472,Left,0.3693,0.4377
1778666486.9008,732,471,Left,0.3813,0.4361
1778666486.9489,750,442,Left,0.3911,0.4102
1778666487.0949,728,425,Left,0.3795,0.3937
1778666487.1365,752,403,Left,0.392,0.3734
1778666487.2719,769,386,Center,0.401,0.3581
1778666487.312,777,374,Center,0.4051,0.3466
1778666487.4383,786,396,Center,0.4096,0.3669
1778666487.4745,826,386,Center,0.4303,0.3578
1778666487.5984,831,403,Center,0.4333,0.3737
1778666487.6415,801,390,Center,0.4176,0.3612
1778666487.8118,785,369,Center,0.4089,0.342
1778666487.8554,783,350,Center,0.408,0.3248
1778666487.9929,759,366,Left,0.3957,0.3397
1778666488.028,749,377,Left,0.3902,0.3497
1778666488.183,765,378,Left,0.3989,0.3506
1778666488.2165,756,395,Left,0.3938,0.3661
1778666488.3554,730,404,Left,0.3806,0.3742
1778666488.403,736,318,Left,0.3836,0.2953
1778666488.5673,777,273,Center,0.405,0.2533
1778666488.6309,835,234,Center,0.4353,0.2171
1778666488.7738,940,232,Center,0.4899,0.2152
1778666488.8432,1191,200,Right,0.6207,0.1854
1778666488.9965,1425,369,Right,0.7427,0.342
1778666489.0371,1610,509,Right,0.8388,0.4715
1778666489.201,1781,645,Right,0.9277,0.598
1778666489.2567,1920,709,Right,1.0,0.6567
1778666489.4166,1920,808,Right,1.0,0.7483
1778666489.4797,1920,765,Right,1.0,0.7084
1778666489.6407,1920,709,Right,1.0,0.657
1778666489.6821,1916,646,Right,0.998,0.5989
1778666489.8233,1916,623,Right,0.998,0.5773
1778666489.8844,1916,613,Right,0.998,0.5683
1778666490.043,1916,612,Right,0.998,0.5673
1778666490.0791,1916,620,Right,0.998,0.5744
1778666490.2173,1920,662,Right,1.0,0.613
1778666490.2821,1920,670,Right,1.0,0.6208
1778666490.4626,1920,686,Right,1.0,0.6354
1778666490.5238,1920,711,Right,1.0,0.659
1778666490.6974,1920,715,Right,1.0,0.6628
1778666490.7556,1920,726,Right,1.0,0.6727
1778666490.9306,1920,736,Right,1.0,0.6821
1778666490.9867,1920,721,Right,1.0,0.668
1778666491.1479,1920,710,Right,1.0,0.658
1778666491.2035,1671,640,Right,0.8703,0.593
1778666491.3647,1383,520,Right,0.7204,0.4818
1778666491.3993,1151,458,Center,0.5996,0.4248
1778666491.5457,930,394,Center,0.4846,0.3649
1778666491.6099,695,333,Left,0.3624,0.3091
1778666491.7719,718,351,Left,0.374,0.3258
1778666491.831,765,405,Left,0.399,0.3758
1778666491.9664,762,410,Left,0.3969,0.38
1778666492.0026,762,424,Left,0.397,0.3931
1778666492.1619,766,434,Left,0.3993,0.402
1778666492.2021,761,424,Left,0.3965,0.3929
1778666492.3831,771,416,Center,0.4019,0.3856
1778666492.4191,781,407,Center,0.4069,0.3777
1778666492.5632,784,397,Center,0.4083,0.368
1778666492.6078,818,391,Center,0.4264,0.3622
1778666492.7737,871,392,Center,0.4538,0.3639
1778666492.8303,932,404,Center,0.4859,0.3743
1778666492.9928,987,407,Center,0.5141,0.377
1778666493.048,1092,440,Center,0.5688,0.408
1778666493.2219,1155,469,Right,0.6016,0.4343
1778666493.276,1180,469,Right,0.6151,0.4346
1778666493.4214,1199,421,Right,0.6245,0.3907
1778666493.4745,1139,382,Center,0.5936,0.3543
1778666493.6249,1033,332,Center,0.5384,0.3077
1778666493.6594,959,297,Center,0.4996,0.2759
1778666493.8095,923,284,Center,0.481,0.2631
1778666493.8477,891,342,Center,0.4645,0.3171
1778666493.9956,936,384,Center,0.4878,0.3559
1778666494.0316,979,374,Center,0.5101,0.3464
1778666494.187,998,382,Center,0.5198,0.3544
1778666494.2506,967,376,Center,0.504,0.3485
1778666494.4079,910,344,Center,0.4743,0.319
1778666494.47,870,312,Center,0.4533,0.2896
1778666494.6352,817,346,Center,0.4256,0.3206
1778666494.6927,773,334,Center,0.4028,0.3094
1778666494.8415,765,340,Left,0.3989,0.3152
1778666494.9026,765,305,Left,0.3986,0.2825
1778666495.0545,937,381,Center,0.4884,0.3533
1778666495.1174,1167,437,Right,0.6078,0.4054
1778666495.3001,1399,497,Right,0.7288,0.4603
1778666495.3588,1626,547,Right,0.8471,0.5068
1778666495.5186,1865,609,Right,0.9716,0.5645
1778666495.5735,1920,576,Right,1.0,0.5336
1778666495.7175,1897,534,Right,0.9883,0.4951
1778666495.7616,1890,526,Right,0.9847,0.4871
1778666495.8965,1890,516,Right,0.9847,0.4784
1778666495.9364,1890,541,Right,0.9847,0.5014
1778666496.0688,1890,565,Right,0.9847,0.524
1778666496.1025,1913,597,Right,0.9964,0.5536
1778666496.2427,1920,605,Right,1.0,0.5606
1778666496.2817,1894,604,Right,0.9869,0.5595
1778666496.427,1890,600,Right,0.9847,0.5559
1778666496.4636,1662,484,Right,0.8658,0.449
1778666496.6157,1427,354,Right,0.7433,0.328
1778666496.6583,1207,266,Right,0.629,0.2465
1778666496.8269,1024,234,Center,0.5334,0.2172
1778666496.8815,845,212,Center,0.4403,0.1966
1778666497.0395,889,315,Center,0.4632,0.2923
1778666497.0815,941,406,Center,0.4904,0.3766
1778666497.2381,973,450,Center,0.5073,0.4168
1778666497.2774,1035,447,Center,0.5395,0.4145
1778666497.4279,1058,455,Center,0.5512,0.4214
1778666497.491,1102,419,Center,0.5741,0.3882
1778666497.6445,1117,426,Center,0.582,0.3945
1778666497.7076,1159,420,Right,0.604,0.3889
1778666497.854,1137,414,Center,0.5926,0.3839
1778666497.9102,1079,400,Center,0.5621,0.3704
1778666498.046,1013,393,Center,0.5281,0.3643
1778666498.0927,995,379,Center,0.5187,0.3516
1778666498.2351,955,333,Center,0.4978,0.3087
1778666498.2761,913,339,Center,0.4758,0.3148
1778666498.4366,940,305,Center,0.4898,0.2826
1778666498.4746,934,277,Center,0.4867,0.2573
1778666498.6168,931,286,Center,0.4851,0.2653
1778666498.6569,930,346,Center,0.4845,0.3212
1778666498.7959,958,321,Center,0.499,0.2977
1778666498.8379,975,306,Center,0.5079,0.2837
1778666498.9838,1006,300,Center,0.524,0.2778
1778666499.0224,978,205,Center,0.5099,0.1905
1778666499.1663,956,110,Center,0.4983,0.1026
1778666499.2024,915,93,Center,0.4766,0.0866
1778666499.3362,865,111,Center,0.4509,0.1032
1778666499.3717,845,161,Center,0.4402,0.1492
1778666499.5223,868,234,Center,0.4524,0.2167
1778666499.567,867,234,Center,0.4516,0.2167
1778666499.7271,900,199,Center,0.4692,0.1847
1778666499.7657,936,179,Center,0.4875,0.1662
1778666499.9111,938,186,Center,0.4889,0.1726
1778666499.9442,971,207,Center,0.5061,0.1923
1778666500.0865,1019,278,Center,0.5312,0.2581
1778666500.119,930,319,Center,0.4845,0.2961
1778666500.2598,933,342,Center,0.4859,0.3172
1778666500.3075,1131,326,Center,0.5894,0.302
1778666500.4584,1287,291,Right,0.6705,0.27
1778666500.4971,1449,382,Right,0.7548,0.3542
1778666500.6388,1729,483,Right,0.901,0.4478
1778666500.6779,1916,553,Right,0.9981,0.5123
1778666500.8212,1916,620,Right,0.9981,0.5747
1778666500.8603,1920,715,Right,1.0,0.6626
1778666501.0112,1920,702,Right,1.0,0.6504
1778666501.0483,1920,680,Right,1.0,0.6305
1778666501.2571,1920,680,Right,1.0,0.6297
1778666501.3107,1920,660,Right,1.0,0.6114
1778666501.4692,1920,623,Right,1.0,0.5774
1778666501.5045,1920,613,Right,1.0,0.5678
1778666501.6449,1920,630,Right,1.0,0.5835
1778666501.6812,1830,637,Right,0.9535,0.5905
1778666501.8311,1636,522,Right,0.8521,0.4842
1778666501.8697,1380,446,Right,0.7192,0.4138
1778666502.0155,1148,396,Center,0.598,0.3675
1778666502.0521,917,334,Center,0.4777,0.3097
1778666502.1934,780,272,Center,0.4065,0.2525
1778666502.2406,734,364,Left,0.3827,0.3371
1778666502.374,756,408,Left,0.3942,0.3778
1778666502.4137,760,415,Left,0.396,0.385
1778666502.5472,761,416,Left,0.3966,0.3854
1778666502.5984,771,432,Center,0.4019,0.4003
1778666502.7766,785,434,Center,0.4092,0.4021
1778666502.8376,921,401,Center,0.4798,0.372
1778666502.9981,1150,435,Center,0.5992,0.403
1778666503.0347,1328,487,Right,0.6918,0.4511
1778666503.1778,1530,506,Right,0.7972,0.4686
1778666503.2193,1728,543,Right,0.9003,0.5032
1778666503.375,1812,600,Right,0.9438,0.556
1778666503.4165,1812,591,Right,0.9438,0.5473
1778666503.555,1842,623,Right,0.9597,0.5775
1778666503.5896,1856,672,Right,0.9668,0.6224
1778666503.7327,1884,652,Right,0.9816,0.6041
1778666503.7698,1898,674,Right,0.9889,0.6247
1778666503.8946,1898,724,Right,0.9889,0.6708
1778666503.9382,1920,697,Right,1.0,0.6457
1778666504.0759,1920,703,Right,1.0,0.6515
1778666504.1166,1920,738,Right,1.0,0.6842
1778666504.2653,1920,717,Right,1.0,0.6646
1778666504.3005,1920,686,Right,1.0,0.6356
1778666504.4529,1920,687,Right,1.0,0.6365
1778666504.4889,1920,669,Right,1.0,0.6202
1778666504.6685,1920,663,Right,1.0,0.6144
1778666504.7066,1787,601,Right,0.931,0.5566
1778666504.8509,1647,462,Right,0.858,0.4282
1778666504.8965,1405,348,Right,0.7321,0.323
1778666505.0272,1155,209,Right,0.602,0.1942
1778666505.0687,945,125,Center,0.4924,0.1158
1778666505.2055,870,127,Center,0.4531,0.1185
1778666505.2456,973,285,Center,0.5068,0.2647
1778666505.3953,1177,408,Right,0.6132,0.3783
1778666505.4405,1394,510,Right,0.7265,0.4728
1778666505.605,1544,576,Right,0.8043,0.5341
1778666505.6405,1611,620,Right,0.8392,0.5743
1778666505.7801,1493,576,Right,0.7781,0.5335
1778666505.8219,1424,522,Right,0.7419,0.4835
1778666505.9726,1361,530,Right,0.7092,0.4908
1778666506.0258,1422,525,Right,0.7409,0.4868
1778666506.1773,1563,564,Right,0.8143,0.5224
1778666506.215,1717,596,Right,0.8948,0.5525
1778666506.3696,1824,655,Right,0.9505,0.6074
1778666506.4061,1920,689,Right,1.0,0.638
1778666506.5489,1920,705,Right,1.0,0.6529
1778666506.5825,1920,707,Right,1.0,0.6547
1778666506.714,1920,695,Right,1.0,0.6438
1778666506.7499,1920,643,Right,1.0,0.5958
1778666506.9111,1913,596,Right,0.9964,0.5527
1778666506.9526,1913,560,Right,0.9964,0.5187
1778666507.0935,1913,553,Right,0.9964,0.5129
1778666507.1426,1913,563,Right,0.9964,0.5221
1778666507.2809,1719,530,Right,0.8958,0.4916
1778666507.3146,1472,478,Right,0.7672,0.4434
1778666507.4525,1233,448,Right,0.6425,0.4154
1778666507.4895,993,410,Center,0.5172,0.3798
1778666507.632,753,355,Left,0.3925,0.3291
1778666507.6705,708,372,Left,0.3691,0.345
1778666507.8123,709,401,Left,0.3695,0.3718
1778666507.8464,706,449,Left,0.3682,0.4161
1778666507.9877,755,392,Left,0.3937,0.3632
1778666508.0312,790,340,Center,0.4119,0.3151
1778666508.1896,855,288,Center,0.4458,0.2667
1778666508.2237,1108,316,Center,0.5776,0.2935
1778666508.3588,1350,332,Right,0.7035,0.3077
1778666508.4094,1542,443,Right,0.8034,0.4105
1778666508.5782,1745,526,Right,0.9094,0.4873
1778666508.6365,1918,660,Right,0.9995,0.6115
1778666508.792,1918,713,Right,0.9995,0.6605
1778666508.8291,1918,719,Right,0.9995,0.6658
1778666508.9649,1918,724,Right,0.9995,0.6711
1778666509.002,1920,744,Right,1.0,0.6897
1778666509.1315,1920,721,Right,1.0,0.6677
1778666509.1711,1920,697,Right,1.0,0.6454
1778666509.3058,1920,690,Right,1.0,0.6396
1778666509.351,1920,670,Right,1.0,0.6206
1778666509.5095,1920,660,Right,1.0,0.6112
1778666509.5461,1765,606,Right,0.9195,0.5612
1778666509.7065,1603,540,Right,0.8353,0.5005
1778666509.7428,1471,532,Right,0.7667,0.4934
1778666509.8861,1321,517,Right,0.6883,0.4792
1778666509.9228,1321,549,Right,0.6883,0.5085
1778666510.07,1476,600,Right,0.7688,0.5564
1778666510.113,1637,660,Right,0.853,0.612
1778666510.2567,1769,670,Right,0.9217,0.6207
1778666510.3024,1902,696,Right,0.9908,0.6449
1778666510.4386,1899,646,Right,0.9896,0.5989
1778666510.4884,1899,678,Right,0.9896,0.6283
1778666510.6181,1899,710,Right,0.9896,0.6575
1778666510.6579,1899,721,Right,0.9896,0.668
1778666510.815,1917,710,Right,0.9988,0.6579
1778666510.8612,1920,726,Right,1.0,0.673
1778666510.9925,1920,708,Right,1.0,0.656
1778666511.0322,1920,685,Right,1.0,0.6346
1778666511.1747,1920,672,Right,1.0,0.6231
1778666511.2133,1920,677,Right,1.0,0.6271
1778666511.3621,1816,632,Right,0.9463,0.5852
1778666511.4067,1757,594,Right,0.9155,0.5505
1778666511.5418,1720,573,Right,0.896,0.5309
1778666511.5939,1720,549,Right,0.896,0.5087
1778666511.7535,1720,528,Right,0.896,0.4895
1778666511.8121,1823,589,Right,0.9498,0.5463
1778666511.9927,1882,620,Right,0.9806,0.5743
1778666512.0536,1920,648,Right,1.0,0.6001
1778666512.2034,1920,683,Right,1.0,0.6327
1778666512.2438,1920,714,Right,1.0,0.6612
1778666512.3681,1920,713,Right,1.0,0.6603
1778666512.4032,1920,702,Right,1.0,0.6504
1778666512.5441,1920,693,Right,1.0,0.6417
1778666512.5828,1920,689,Right,1.0,0.6387
1778666512.7306,1920,683,Right,1.0,0.6333
1778666512.7672,1785,613,Right,0.93,0.5678
1778666512.9157,1630,544,Right,0.8491,0.5041
1778666512.9518,1455,477,Right,0.758,0.4419
1778666513.0922,1308,403,Right,0.6817,0.3733
1778666513.1318,1186,364,Right,0.6178,0.3379
1778666513.2728,1223,397,Right,0.6373,0.3681
1778666513.309,1289,441,Right,0.6715,0.4089
1778666513.4577,1384,486,Right,0.7211,0.4505
1778666513.4883,1530,550,Right,0.7973,0.5097
1778666513.634,1653,588,Right,0.8613,0.5448
1778666513.6796,1750,615,Right,0.9117,0.57
1778666513.8183,1840,672,Right,0.9585,0.6229
1778666513.8555,1920,716,Right,1.0,0.6638
1778666514.0103,1920,740,Right,1.0,0.6855
1778666514.0495,1920,761,Right,1.0,0.7054
1778666514.1925,1920,778,Right,1.0,0.7207
1778666514.2403,1920,685,Right,1.0,0.6347
1778666514.3813,1720,532,Right,0.8959,0.4927
1778666514.432,1505,493,Right,0.7842,0.4571
1778666514.5713,1259,395,Right,0.6562,0.3658
1778666514.6179,1027,329,Center,0.5354,0.3048
1778666514.7598,804,350,Center,0.4193,0.3246
1778666514.8039,779,428,Center,0.4059,0.397
1778666514.9418,762,400,Left,0.397,0.3704
1778666514.9803,783,440,Center,0.4079,0.4076
1778666515.1242,788,457,Center,0.4105,0.4235
1778666515.1607,781,465,Center,0.4068,0.4311
1778666515.3209,774,460,Center,0.4032,0.4262
1778666515.3555,776,447,Center,0.4044,0.4139
1778666515.5013,783,416,Center,0.408,0.3858
1778666515.5363,778,405,Center,0.4054,0.3758
1778666515.6706,777,395,Center,0.4048,0.3667
1778666515.7052,774,417,Center,0.4032,0.3861
1778666515.8459,772,440,Center,0.4021,0.4077
1778666515.8839,762,455,Left,0.3969,0.422
1778666516.0263,754,450,Left,0.3932,0.4173
1778666516.0665,740,431,Left,0.3857,0.3996
1778666516.2095,738,409,Left,0.3845,0.3795
1778666516.2515,716,418,Left,0.3733,0.3874
1778666516.3975,700,434,Left,0.365,0.4027
1778666516.4395,693,455,Left,0.361,0.4217
1778666516.576,683,481,Left,0.3561,0.4458
1778666516.6311,733,516,Left,0.3822,0.4783
1778666516.7692,771,509,Center,0.4016,0.4715
1778666516.7997,1014,466,Center,0.5286,0.4317
1778666516.9441,1261,424,Right,0.6572,0.3926
1778666516.9837,1516,401,Right,0.7899,0.372
1778666517.111,1704,348,Right,0.8878,0.3224
1778666517.1471,1797,253,Right,0.9361,0.2343
1778666517.2951,1797,253,Right,0.9361,0.2343
1778666517.4886,1797,271,Right,0.9361,0.2511
1778666517.9363,1797,349,Right,0.9361,0.3232
1778666518.0701,1773,355,Right,0.9235,0.3288
1778666518.1143,1773,419,Right,0.9235,0.3886
1778666518.2717,1895,540,Right,0.9874,0.5003
1778666518.3068,1895,610,Right,0.9874,0.5656
1778666518.4396,1884,587,Right,0.9814,0.5436
1778666518.4922,1838,579,Right,0.9574,0.5367
1778666518.6253,1688,531,Right,0.8796,0.4923
1778666518.6608,1688,571,Right,0.8796,0.529
1778666518.8126,1688,582,Right,0.8796,0.5395
1778666518.8587,1700,600,Right,0.8856,0.5559
1778666519.0422,1770,652,Right,0.9222,0.6037
1778666519.1123,1920,673,Right,1.0,0.6238
1778666519.2832,1920,638,Right,1.0,0.5909
1778666519.3138,1846,550,Right,0.9619,0.5096
1778666519.4636,1846,523,Right,0.9619,0.4848
1778666519.5026,1846,495,Right,0.9619,0.4585
1778666519.7081,1846,478,Right,0.9619,0.4429
1778666521.5978,1772,434,Right,0.9231,0.4024
1778666521.7554,1834,444,Right,0.9555,0.4116
1778666521.8145,1824,336,Right,0.9502,0.3111
1778666521.9811,1824,237,Right,0.9502,0.2203
1778666522.0162,1562,220,Right,0.8137,0.2044
1778666522.1418,1380,221,Right,0.7189,0.2049
1778666522.181,1138,214,Center,0.593,0.1986
1778666522.3468,891,304,Center,0.4645,0.2816
1778666522.3788,653,401,Left,0.3402,0.3718
1778666522.5209,651,437,Left,0.3391,0.4048
1778666522.554,643,436,Left,0.3354,0.4044
1778666522.7066,652,421,Left,0.3398,0.3899
1778666522.7417,658,419,Left,0.3432,0.3886
1778666522.8812,627,391,Left,0.3267,0.3621
1778666522.9193,649,297,Left,0.3383,0.2756
1778666523.0858,689,216,Left,0.3592,0.2004
1778666523.1199,933,239,Center,0.4864,0.2216
1778666523.2672,1184,258,Right,0.6169,0.2395
1778666523.3043,1454,328,Right,0.7576,0.3039
1778666523.4424,1696,501,Right,0.8836,0.4644
1778666523.4866,1920,676,Right,1.0,0.6263
1778666523.6513,1920,774,Right,1.0,0.7175
1778666523.6869,1920,830,Right,1.0,0.7687
1778666523.8414,1920,801,Right,1.0,0.7422
1778666523.8738,1920,803,Right,1.0,0.7439
1778666524.0507,1920,811,Right,1.0,0.7518
1778666524.1147,1920,782,Right,1.0,0.7245
1778666524.2715,1920,775,Right,1.0,0.7177
1778666524.3082,1920,790,Right,1.0,0.7315
1778666524.4627,1920,767,Right,1.0,0.7108
1778666524.4953,1920,678,Right,1.0,0.6282
1778666524.6358,1647,527,Right,0.8582,0.4882
1778666524.6657,1376,371,Right,0.7169,0.3441
1778666524.7928,1104,246,Center,0.5755,0.2287
1778666524.8536,844,144,Center,0.4401,0.1335
1778666524.9867,562,113,Left,0.293,0.1052
1778666525.0239,605,183,Left,0.3156,0.1699
1778666525.1651,636,253,Left,0.3316,0.2345
1778666525.2097,686,330,Left,0.3578,0.3058
1778666525.3483,714,353,Left,0.3721,0.3274
1778666525.3824,756,363,Left,0.3939,0.3367
1778666525.5377,744,368,Left,0.388,0.341
1778666525.5678,752,384,Left,0.392,0.3558
1778666525.7165,746,386,Left,0.3888,0.3579
1778666525.7488,741,397,Left,0.3862,0.3682
1778666525.8941,746,401,Left,0.3889,0.3714
1778666525.9251,752,393,Left,0.3921,0.3647
1778666526.0839,752,375,Left,0.392,0.3475
1778666526.1427,747,393,Left,0.3895,0.3648
1778666526.2877,746,391,Left,0.3887,0.3622
1778666526.3221,746,387,Left,0.389,0.3589
1778666526.4943,756,391,Left,0.394,0.3626
1778666526.5389,749,392,Left,0.3904,0.363
1778666526.762,754,361,Left,0.3929,0.3351
1778666526.8067,751,345,Left,0.3912,0.32
1778666527.0393,743,335,Left,0.3873,0.3107
1778666527.0743,744,351,Left,0.3879,0.3254
1778666527.2827,746,362,Left,0.389,0.3356
1778666527.3183,727,387,Left,0.379,0.3585
1778666527.5198,739,405,Left,0.3854,0.3759
1778666527.5548,752,410,Left,0.3921,0.3804
1778666527.7502,741,392,Left,0.3864,0.3635
1778666527.7858,726,391,Left,0.3785,0.3622
1778666527.9229,724,390,Left,0.3774,0.3613
1778666527.955,704,389,Left,0.3671,0.3602
1778666528.154,683,412,Left,0.3562,0.3815
1778666528.1863,661,429,Left,0.3445,0.3974
1778666528.4003,657,430,Left,0.3424,0.399
1778666528.4357,655,399,Left,0.3413,0.3698
1778666528.6423,670,409,Left,0.3494,0.3789
1778666528.6775,669,394,Left,0.3485,0.3651
1778666528.896,675,381,Left,0.352,0.3535
1778666528.9331,685,354,Left,0.357,0.3286
1778666529.1685,679,345,Left,0.3541,0.3201
1778666529.2242,657,309,Left,0.3424,0.2865
1778666529.6359,669,309,Left,0.3485,0.287
1778666529.68,673,322,Left,0.3507,0.2983
1778666529.8144,678,356,Left,0.3534,0.3297
1778666529.8531,696,386,Left,0.3628,0.3582
1778666529.9766,723,366,Left,0.3769,0.339
1778666530.0186,963,379,Center,0.502,0.3518
1778666530.1464,1209,446,Right,0.6302,0.4136
1778666530.1813,1452,524,Right,0.7564,0.4856
1778666530.3166,1690,603,Right,0.8805,0.5589
1778666530.3488,1920,747,Right,1.0,0.6919
1778666530.4778,1920,839,Right,1.0,0.7772
1778666530.5166,1920,755,Right,1.0,0.6998
1778666530.6532,1798,591,Right,0.9366,0.548
1778666530.7119,1718,504,Right,0.895,0.467
1778666530.8524,1642,409,Right,0.8554,0.379
1778666530.8972,1583,316,Right,0.8246,0.2928
1778666531.0434,1510,339,Right,0.7869,0.3143
1778666531.0791,1557,431,Right,0.811,0.3992
1778666531.2478,1557,449,Right,0.8113,0.4162
1778666531.3182,1573,457,Right,0.8195,0.4241
1778666531.4856,1581,460,Right,0.8236,0.4259
1778666531.5472,1561,448,Right,0.8132,0.4157
1778666531.7148,1573,459,Right,0.8196,0.4255
1778666531.7574,1598,488,Right,0.8328,0.4522
1778666531.8951,1585,492,Right,0.8257,0.456
1778666531.9347,1577,492,Right,0.8214,0.4564
1778666532.1106,1574,522,Right,0.8201,0.4836
1778666532.1453,1405,419,Right,0.7318,0.3889
1778666532.2781,1226,316,Right,0.639,0.2928
1778666532.3077,1016,246,Center,0.5293,0.2279
1778666532.4347,812,204,Center,0.423,0.1894
1778666532.472,677,161,Left,0.3528,0.15
1778666532.5968,666,233,Left,0.3471,0.2159
1778666532.6358,666,300,Left,0.3473,0.2787
1778666532.7848,718,361,Left,0.3744,0.3345
1778666532.8309,744,395,Left,0.388,0.3661
1778666532.9986,735,416,Left,0.3833,0.386
1778666533.0596,747,439,Left,0.3894,0.4072
1778666533.2211,740,455,Left,0.3857,0.4217
1778666533.2487,732,460,Left,0.3815,0.4264
1778666533.4421,728,467,Left,0.3796,0.4332
1778666533.5011,729,448,Left,0.3799,0.4157
1778666533.6585,721,444,Left,0.3757,0.412
1778666533.7222,713,433,Left,0.3717,0.401
1778666533.8726,708,427,Left,0.3691,0.396
1778666533.9048,707,419,Left,0.3686,0.3888
1778666534.075,702,434,Left,0.3657,0.4022
1778666534.1216,696,418,Left,0.3629,0.3875
1778666534.2672,709,400,Left,0.3697,0.371
1778666534.3037,719,385,Left,0.3748,0.3566
1778666534.5641,725,371,Left,0.3777,0.3439
1778666534.6298,719,352,Left,0.3749,0.3263
1778666534.8359,712,373,Left,0.3713,0.3462
1778666534.8985,696,391,Left,0.3629,0.3622
1778666535.1238,681,404,Left,0.355,0.3744
1778666535.1838,670,412,Left,0.3492,0.3817
1778666535.3747,683,424,Left,0.3559,0.3929
1778666535.4159,681,406,Left,0.3551,0.3767
1778666535.578,688,399,Left,0.3587,0.3703
1778666535.6136,704,397,Left,0.3668,0.3683
1778666535.7565,716,404,Left,0.373,0.3742
1778666535.7926,719,394,Left,0.3746,0.365
1778666535.9379,737,385,Left,0.3842,0.3567
1778666535.9725,747,387,Left,0.3895,0.3591
1778666536.1245,749,389,Left,0.3905,0.3606
1778666536.1706,753,384,Left,0.3924,0.3562
1778666536.3275,752,401,Left,0.3918,0.372
1778666536.3647,755,394,Left,0.3936,0.365
1778666536.4961,752,375,Left,0.3918,0.3479
1778666536.5447,749,360,Left,0.3906,0.334
1778666536.7177,757,350,Left,0.3943,0.3246
1778666536.7559,750,344,Left,0.3908,0.3192
1778666536.9178,733,364,Left,0.3821,0.3375
1778666536.9574,720,392,Left,0.3752,0.3635
1778666537.1225,726,402,Left,0.3786,0.3729
1778666537.1595,701,411,Left,0.3653,0.3808
1778666537.316,690,398,Left,0.3595,0.3685
1778666537.3571,671,392,Left,0.3498,0.3634
1778666537.5697,662,380,Left,0.3453,0.3527
1778666537.63,616,333,Left,0.321,0.3084
1778666537.7926,606,297,Left,0.3158,0.2755
1778666537.8292,605,298,Left,0.3154,0.2762
1778666537.9797,624,278,Left,0.3252,0.258
1778666538.0248,630,247,Left,0.3284,0.2292
1778666538.1964,660,290,Left,0.3439,0.2686
1778666538.2314,667,290,Left,0.3476,0.2688
1778666538.3817,660,263,Left,0.3441,0.2441
1778666538.4218,659,276,Left,0.3434,0.256
1778666538.5808,661,294,Left,0.3445,0.2726
1778666538.6179,659,287,Left,0.3433,0.2661
1778666538.7705,665,310,Left,0.3464,0.2878
1778666538.8146,691,337,Left,0.36,0.3125
1778666538.9454,709,332,Left,0.3693,0.3083
1778666538.982,726,338,Left,0.3786,0.3133
1778666539.1155,743,344,Left,0.3871,0.319
1778666539.1521,744,361,Left,0.3877,0.3349
1778666539.3031,735,376,Left,0.3829,0.3487
1778666539.3386,721,391,Left,0.3758,0.3623
1778666539.5009,727,382,Left,0.3787,0.3539
1778666539.5439,765,344,Left,0.3985,0.3188
1778666539.7033,802,278,Center,0.4179,0.2583
1778666539.7388,893,330,Center,0.4653,0.3063
1778666539.8883,980,391,Center,0.5107,0.3625
1778666539.9428,1030,414,Center,0.5365,0.3842
1778666540.1099,1072,464,Center,0.5587,0.4296
1778666540.1585,1126,562,Center,0.5867,0.5209
1778666540.3106,1122,544,Center,0.5847,0.5042
1778666540.3566,1109,516,Center,0.578,0.4779
1778666540.5314,1138,537,Center,0.5932,0.4976
1778666540.568,1139,553,Center,0.5935,0.5123
1778666540.8097,1146,534,Center,0.5973,0.4952
1778666540.8547,1137,537,Center,0.5922,0.4977
1778666541.0366,1145,537,Center,0.5967,0.4976
1778666541.0741,1142,531,Center,0.595,0.4922
1778666541.2214,1154,535,Right,0.6012,0.4958
1778666541.2595,1167,550,Right,0.6082,0.51
1778666541.4035,1198,547,Right,0.6242,0.507
1778666541.4375,1259,565,Right,0.6562,0.5237
1778666541.5756,1275,557,Right,0.6643,0.516
1778666541.6103,1282,548,Right,0.6682,0.5081
1778666541.7417,1276,529,Right,0.6646,0.4907
1778666541.7808,1097,447,Center,0.5714,0.4146
1778666541.9088,888,356,Center,0.4629,0.3304
1778666541.9374,717,281,Left,0.3737,0.2602
1778666542.0933,555,239,Left,0.2896,0.2217
1778666542.1329,439,203,Left,0.2291,0.1886
1778666542.2774,506,252,Left,0.2637,0.2341
1778666542.3145,573,279,Left,0.2988,0.2586
1778666542.4787,640,321,Left,0.3334,0.2977
1778666542.5133,686,340,Left,0.3576,0.3153
1778666542.6727,690,350,Left,0.3595,0.3241
1778666542.7185,703,343,Left,0.3662,0.3178
1778666542.8525,702,355,Left,0.3658,0.3293
1778666542.9007,702,374,Left,0.3657,0.3464
1778666543.042,707,382,Left,0.3683,0.3539
1778666543.077,721,397,Left,0.3756,0.3684
1778666543.2317,710,408,Left,0.3702,0.3782
1778666543.2682,699,418,Left,0.3641,0.3874
1778666543.4164,682,425,Left,0.3557,0.3943
1778666543.4612,686,426,Left,0.3576,0.3948
1778666543.6155,688,424,Left,0.3586,0.3933
1778666543.6591,690,402,Left,0.3594,0.3722
1778666543.8195,702,378,Left,0.366,0.3501
1778666543.8668,716,356,Left,0.373,0.3304
1778666544.0515,708,342,Left,0.3691,0.3169
1778666544.089,710,326,Left,0.3699,0.3021
1778666544.2788,714,330,Left,0.3721,0.3057
1778666544.3229,720,333,Left,0.3751,0.3086
1778666544.5027,731,340,Left,0.3808,0.3149
1778666544.5417,753,337,Left,0.3926,0.3123
1778666544.7034,767,336,Left,0.3997,0.3112
1778666544.739,769,348,Center,0.401,0.3225
1778666544.8881,763,328,Left,0.3978,0.3042
1778666544.9217,749,308,Left,0.3904,0.2856
1778666545.0741,716,309,Left,0.3729,0.2866
1778666545.1127,693,325,Left,0.3611,0.301
1778666545.2556,686,329,Left,0.3574,0.3047
1778666545.2948,680,367,Left,0.3545,0.3401
1778666545.4396,679,399,Left,0.3538,0.3695
1778666545.4742,692,417,Left,0.3608,0.3868
1778666545.5986,694,420,Left,0.3615,0.3889
1778666545.6352,694,420,Left,0.3617,0.3892
1778666545.7888,698,417,Left,0.3637,0.387
1778666545.8249,700,414,Left,0.3646,0.3839
1778666545.9827,696,416,Left,0.363,0.386
1778666546.0198,696,418,Left,0.363,0.3878
1778666546.1753,713,421,Left,0.3715,0.39
1778666546.2114,720,423,Left,0.3752,0.3925
1778666546.4076,736,427,Left,0.3835,0.3955
1778666546.4501,746,402,Left,0.389,0.3729
1778666546.7025,740,382,Left,0.3859,0.3539
1778666546.7451,743,335,Left,0.387,0.3106
1778666546.9055,758,304,Left,0.3952,0.2823
1778666546.946,784,290,Center,0.4085,0.2688
1778666547.1084,842,308,Center,0.439,0.286
1778666547.1455,981,314,Center,0.5113,0.2909
1778666547.3421,1137,377,Center,0.5926,0.3491
1778666547.3807,1222,420,Right,0.6368,0.3897
1778666547.5431,1291,448,Right,0.6728,0.4157
1778666547.5952,1326,478,Right,0.6909,0.4432
1778666547.7536,1300,520,Right,0.6774,0.4819
1778666547.7911,1200,472,Right,0.6252,0.4375
1778666547.978,1030,395,Center,0.5369,0.3657
1778666548.0216,898,356,Center,0.4677,0.3297
1778666548.1791,794,311,Center,0.4137,0.2887
1778666548.2252,680,286,Left,0.3542,0.2656
1778666548.3967,595,305,Left,0.31,0.2832
1778666548.4443,646,338,Left,0.3365,0.3134
1778666548.6187,659,358,Left,0.3433,0.3324
1778666548.6668,739,363,Left,0.3853,0.3361
1778666548.8387,808,379,Center,0.4209,0.351
1778666548.8758,882,419,Center,0.4596,0.3887
1778666549.0353,956,477,Center,0.4984,0.4425
1778666549.0714,1009,481,Center,0.526,0.4463
1778666549.2692,976,496,Center,0.5086,0.4601
1778666549.3074,966,483,Center,0.5033,0.4475
1778666549.5204,956,459,Center,0.4982,0.4258
1778666549.5711,943,441,Center,0.4914,0.4088
1778666549.6999,955,453,Center,0.4978,0.4203
1778666549.7396,958,466,Center,0.499,0.4321
1778666549.8984,988,462,Center,0.5146,0.428
1778666549.9356,931,442,Center,0.4853,0.4101
1778666550.0795,876,429,Center,0.4564,0.3974
1778666550.1185,864,417,Center,0.4503,0.3862
1778666550.2763,848,388,Center,0.4418,0.3594
1778666550.3108,783,375,Center,0.4079,0.3475
1778666550.4462,817,364,Center,0.426,0.3374
1778666550.4802,880,346,Center,0.4586,0.3209
1778666550.612,904,341,Center,0.4708,0.3161
1778666550.644,953,339,Center,0.4967,0.3144
1778666550.7779,1016,339,Center,0.5292,0.3146
1778666550.8075,1056,358,Center,0.5504,0.3319
1778666550.9439,1096,379,Center,0.5712,0.3514
1778666550.9755,1150,382,Center,0.599,0.3539
1778666551.1125,1230,406,Right,0.6411,0.3762
1778666551.1486,1291,407,Right,0.6727,0.3771
1778666551.2902,1395,401,Right,0.7268,0.3718
1778666551.3257,1455,385,Right,0.758,0.3565
1778666551.4452,1496,374,Right,0.7794,0.3466
1778666551.4773,1498,381,Right,0.7805,0.3529
1778666551.6135,1523,386,Right,0.7934,0.3581
1778666551.6446,1511,400,Right,0.7872,0.3705
1778666551.7818,1510,428,Right,0.7869,0.3968
1778666551.8118,1210,365,Right,0.6302,0.3388
1778666551.9463,1290,292,Right,0.6724,0.2709
1778666551.9814,1370,295,Right,0.7138,0.2734
1778666552.1034,1448,298,Right,0.7546,0.276
1778666552.1454,1536,288,Right,0.8,0.2675
1778666552.2867,1920,373,Right,1.0,0.3454
1778666552.3198,1920,416,Right,1.0,0.3853
1778666552.4567,1920,403,Right,1.0,0.3735
1778666552.4909,1920,383,Right,1.0,0.3547
1778666552.6517,1920,367,Right,1.0,0.3407
1778666552.6833,1920,353,Right,1.0,0.3276
1778666552.8227,1907,351,Right,0.9935,0.3253
1778666552.8529,1716,291,Right,0.8939,0.2699
1778666553.0053,1415,253,Right,0.7375,0.2349
1778666553.0443,1146,253,Center,0.5969,0.2351
1778666553.1876,894,241,Center,0.4661,0.2236
1778666553.2238,666,267,Left,0.3472,0.2479
1778666553.3793,609,354,Left,0.3173,0.3287
1778666553.4174,679,401,Left,0.354,0.372
1778666553.5764,710,409,Left,0.3701,0.3788
1778666553.612,732,438,Left,0.3815,0.4061
1778666553.7543,738,441,Left,0.3848,0.4088
1778666553.7894,754,443,Left,0.3932,0.4106
1778666553.9348,756,465,Left,0.3939,0.4313
1778666553.9799,780,491,Center,0.4064,0.4551
1778666554.1348,780,474,Center,0.4064,0.4395
1778666554.1723,787,484,Center,0.4099,0.4488
1778666554.3041,781,464,Center,0.4071,0.4303
1778666554.3432,777,467,Center,0.405,0.4325
1778666554.4746,758,465,Left,0.395,0.431
1778666554.5148,758,484,Left,0.3952,0.449
1778666554.6637,754,452,Left,0.3929,0.4189
1778666554.6983,766,470,Left,0.3992,0.4359
1778666554.8519,770,437,Center,0.4014,0.4055
1778666554.8911,767,403,Left,0.3998,0.374
1778666555.0241,757,374,Left,0.3947,0.3464
1778666555.0597,752,372,Left,0.3921,0.345
1778666555.2006,741,346,Left,0.3862,0.321
1778666555.2377,742,347,Left,0.3867,0.3221
1778666555.3831,745,349,Left,0.3881,0.3237
1778666555.4224,754,350,Left,0.3928,0.3242
1778666555.5592,755,351,Left,0.3937,0.3254
1778666555.5984,753,354,Left,0.3927,0.3286
1778666555.7437,734,362,Left,0.3826,0.3353
1778666555.7888,728,367,Left,0.3796,0.3399
1778666555.9369,721,374,Left,0.3756,0.3469
1778666555.9825,744,346,Left,0.3875,0.321
1778666556.1239,757,311,Left,0.3944,0.288
1778666556.161,790,295,Center,0.4117,0.2736
1778666556.3017,812,287,Center,0.4234,0.2663
1778666556.3393,819,281,Center,0.4266,0.2605
1778666556.4808,793,319,Center,0.4132,0.2961
1778666556.5178,786,366,Center,0.4096,0.3395
1778666556.6676,764,388,Left,0.3982,0.3597
1778666556.7191,714,401,Left,0.3721,0.3721
1778666556.8524,692,382,Left,0.3605,0.3543
1778666556.8985,699,351,Left,0.3642,0.3252
1778666557.0449,710,314,Left,0.3703,0.2911
1778666557.0895,717,280,Left,0.3735,0.2597
1778666557.2378,759,246,Left,0.3958,0.2279
1778666557.2789,793,266,Center,0.4133,0.2472
1778666557.4307,794,288,Center,0.4137,0.2669
1778666557.4795,775,319,Center,0.4039,0.2958
1778666557.6143,779,352,Center,0.4061,0.3262
1778666557.6483,773,373,Center,0.4027,0.346
1778666557.7867,764,363,Left,0.3982,0.3363
1778666557.8393,775,371,Center,0.4041,0.3439
1778666558.0173,796,372,Center,0.4149,0.3453
1778666558.0554,824,368,Center,0.4294,0.3411
1778666558.193,843,371,Center,0.4395,0.3441
1778666558.2301,871,377,Center,0.4539,0.3492
1778666558.3721,888,358,Center,0.4628,0.3315
1778666558.4097,907,333,Center,0.4729,0.3091
1778666558.5705,904,310,Center,0.4712,0.2879
1778666558.616,903,298,Center,0.4706,0.2763
1778666558.7719,894,289,Center,0.466,0.2676
1778666558.8321,887,285,Center,0.4625,0.2645
1778666558.9867,880,286,Center,0.4585,0.265
1778666559.0249,875,315,Center,0.4559,0.292
1778666559.2105,882,340,Center,0.4596,0.3151
1778666559.2461,876,365,Center,0.4566,0.3386
1778666559.3911,870,390,Center,0.4533,0.3617
1778666559.4358,850,393,Center,0.4429,0.3639
1778666559.5883,831,368,Center,0.4331,0.3415
1778666559.6384,806,357,Center,0.4203,0.3315
1778666559.7947,805,349,Center,0.4197,0.3237
1778666559.83,784,284,Center,0.4085,0.263
1778666559.9852,781,276,Center,0.4072,0.2559
1778666560.0248,774,288,Center,0.4032,0.267
1778666560.1838,768,297,Center,0.4003,0.2757
1778666560.2258,771,301,Center,0.4019,0.2793
1778666560.3663,790,365,Center,0.4116,0.3384
1778666560.4029,805,394,Center,0.4193,0.3649
1778666560.5778,818,402,Center,0.4262,0.373
1778666560.618,841,375,Center,0.4382,0.3477
1778666560.7738,816,355,Center,0.4252,0.3292
1778666560.8134,793,354,Center,0.4132,0.328
1778666560.9612,771,354,Center,0.4016,0.3284
1778666560.9973,750,358,Left,0.3908,0.3324
1778666561.1446,728,390,Left,0.3794,0.3619
1778666561.183,738,393,Left,0.3847,0.3647
1778666561.3192,758,377,Left,0.3951,0.3497
1778666561.3665,763,388,Left,0.3979,0.3594
1778666561.5172,775,393,Center,0.404,0.3641
1778666561.5558,774,391,Center,0.4033,0.3629
1778666561.7407,777,415,Center,0.4051,0.3849
1778666561.7833,768,434,Center,0.4004,0.402
1778666561.9672,766,424,Left,0.3994,0.3927
1778666562.007,759,409,Left,0.3956,0.379
1778666562.1635,758,400,Left,0.3952,0.3708
1778666562.2069,750,391,Left,0.391,0.3628
1778666562.4025,748,388,Left,0.3898,0.3593
1778666562.4626,758,376,Left,0.3952,0.3486
1778666562.6227,765,369,Left,0.3989,0.342
1778666562.6768,758,361,Left,0.3951,0.3351
1778666562.8223,759,354,Left,0.3956,0.3281
1778666562.8563,759,346,Left,0.3958,0.3208
1778666563.0431,750,346,Left,0.3911,0.3208
1778666563.1039,737,349,Left,0.3841,0.3237
1778666563.2848,746,365,Left,0.389,0.3389
1778666563.3366,734,382,Left,0.3826,0.3542
1778666563.5167,729,395,Left,0.3799,0.3661
1778666563.5539,723,391,Left,0.3767,0.3622
1778666563.7528,728,411,Left,0.3792,0.3814
1778666563.8024,720,411,Left,0.3752,0.3808
1778666563.9716,723,404,Left,0.377,0.3744
1778666564.0092,711,393,Left,0.3704,0.364
1778666564.1966,708,396,Left,0.3691,0.3674
1778666564.2362,695,374,Left,0.3623,0.3468
1778666564.4159,688,360,Left,0.3587,0.3336
1778666564.4535,690,356,Left,0.3597,0.3303
1778666564.6016,707,360,Left,0.3686,0.3338
1778666564.6401,722,381,Left,0.3763,0.3529
1778666564.8403,747,403,Left,0.3892,0.3737
1778666564.8919,771,426,Center,0.4017,0.3945
1778666565.0508,784,417,Center,0.4084,0.3869
1778666565.0859,782,410,Center,0.4076,0.3803
1778666565.2644,776,389,Center,0.4046,0.3608
1778666565.3425,768,367,Center,0.4003,0.3403
1778666565.4885,764,345,Left,0.3983,0.3196
1778666565.5329,752,354,Left,0.3918,0.3283
1778666565.6832,754,363,Left,0.3932,0.3363
1778666565.7193,759,372,Left,0.3953,0.3446
1778666565.862,766,384,Left,0.3993,0.3557
1778666565.9036,769,400,Center,0.4007,0.3706
1778666566.044,780,411,Center,0.4067,0.3814
1778666566.0821,781,411,Center,0.4069,0.3806
1778666566.2332,764,408,Left,0.3983,0.3785
1778666566.2697,762,402,Left,0.3972,0.3729
1778666566.4185,757,392,Left,0.3947,0.3637
1778666566.4587,818,305,Center,0.4261,0.2828
1778666566.6238,882,306,Center,0.4595,0.2834
1778666566.6649,1126,355,Center,0.5867,0.3295
1778666566.8448,1354,418,Right,0.7056,0.388
1778666566.8864,1585,475,Right,0.826,0.4399
1778666567.082,1752,617,Right,0.9127,0.5714
1778666567.1195,1704,540,Right,0.8878,0.5004
1778666567.2812,1476,426,Right,0.7692,0.3952
1778666567.3298,1259,334,Right,0.6558,0.3101
1778666567.4649,1044,262,Center,0.5441,0.2432
1778666567.4992,850,205,Center,0.4431,0.19
1778666567.6404,893,294,Center,0.4653,0.2724
1778666567.676,960,385,Center,0.5002,0.3567
1778666567.8074,1035,411,Center,0.5392,0.3811
1778666567.8411,1089,430,Center,0.5674,0.3983
1778666567.9833,1122,455,Center,0.5847,0.4219
1778666568.0299,1166,462,Right,0.6073,0.4286
1778666568.1827,1199,454,Right,0.6247,0.4212
1778666568.2298,1195,490,Right,0.6224,0.4546
1778666568.3779,1201,520,Right,0.6259,0.4819
1778666568.4215,1209,491,Right,0.63,0.4548
1778666568.5825,1187,476,Right,0.6183,0.4411
1778666568.6196,1155,481,Right,0.6021,0.4458
1778666568.7765,1131,439,Center,0.5892,0.4068
1778666568.813,1095,411,Center,0.5708,0.381
1778666568.9563,1061,413,Center,0.553,0.383
1778666568.9967,1024,395,Center,0.5335,0.3658
1778666569.1329,998,363,Center,0.5201,0.3368
1778666569.182,996,372,Center,0.5191,0.3452
1778666569.319,1016,372,Center,0.5295,0.3454
1778666569.3625,1021,367,Center,0.532,0.34
1778666569.4907,1029,380,Center,0.5362,0.3521
1778666569.5303,1042,379,Center,0.5428,0.3518
1778666569.6892,1046,407,Center,0.5451,0.377
1778666569.7282,1052,435,Center,0.548,0.4028
1778666569.8629,1073,466,Center,0.5591,0.4321
1778666569.9,1078,499,Center,0.5616,0.4625
1778666570.0439,1073,539,Center,0.5592,0.4996
1778666570.0826,1050,509,Center,0.5472,0.4718
1778666570.2216,1021,476,Center,0.532,0.4412
1778666570.2587,993,449,Center,0.5174,0.4162
1778666570.4076,983,424,Center,0.5122,0.3927
1778666570.4402,991,403,Center,0.5163,0.3732
1778666570.5747,1019,416,Center,0.5312,0.3858
1778666570.6313,1045,428,Center,0.5446,0.3966
1778666570.7655,1083,456,Center,0.5646,0.4223
1778666570.8113,1067,425,Center,0.556,0.3936
1778666570.967,1029,396,Center,0.5359,0.3672
1778666571.0095,922,359,Center,0.4803,0.3327
1778666571.1568,820,357,Center,0.4275,0.3313
1778666571.1948,720,336,Left,0.3752,0.3119
1778666571.3321,703,356,Left,0.3663,0.3298
1778666571.3722,679,387,Left,0.3539,0.3584
1778666571.5126,719,411,Left,0.3746,0.3813
1778666571.5587,753,414,Left,0.3925,0.3834
1778666571.7018,761,410,Left,0.3964,0.3798
1778666571.7388,777,378,Center,0.4047,0.3505
1778666571.8726,810,288,Center,0.4219,0.2672
1778666571.9107,1040,304,Center,0.5422,0.282
1778666572.044,1274,339,Right,0.664,0.3144
1778666572.0771,1518,409,Right,0.7908,0.3796
1778666572.2269,1722,531,Right,0.8969,0.4923
1778666572.262,1920,701,Right,1.0,0.6491
1778666572.4165,1920,748,Right,1.0,0.6933
1778666572.4661,1880,739,Right,0.9794,0.6848
1778666572.6181,1840,694,Right,0.9586,0.6428
1778666572.6637,1579,579,Right,0.8227,0.5364
1778666572.8265,1331,474,Right,0.6933,0.439
1778666572.8621,1076,410,Center,0.5609,0.3804
1778666573.006,872,374,Center,0.4542,0.3469
1778666573.043,674,355,Left,0.3513,0.3293
1778666573.1859,706,392,Left,0.3678,0.3638
1778666573.2241,727,405,Left,0.3791,0.3758
1778666573.3524,755,405,Left,0.3933,0.3759
1778666573.3884,773,402,Center,0.4027,0.3724
1778666573.5323,786,385,Center,0.4095,0.3565
1778666573.5814,789,373,Center,0.4113,0.3461
1778666573.7507,797,367,Center,0.4154,0.3401
1778666573.7898,791,358,Center,0.4121,0.3317
1778666573.9563,785,350,Center,0.409,0.3243
1778666574.0105,782,366,Center,0.4077,0.3398
1778666574.1811,782,383,Center,0.4074,0.3553
1778666574.2187,776,403,Center,0.4046,0.3739
1778666574.3621,786,427,Center,0.4096,0.3963
1778666574.3967,790,452,Center,0.4117,0.4187
1778666574.5645,780,425,Center,0.4063,0.3942
1778666574.6247,778,403,Center,0.4053,0.3735
1778666574.7794,773,380,Center,0.403,0.3519
1778666574.8155,763,379,Left,0.3978,0.3511
1778666574.9499,760,378,Left,0.3962,0.3506
1778666574.9881,777,400,Center,0.4048,0.3707
1778666575.1595,786,414,Center,0.4096,0.3842
1778666575.2175,798,426,Center,0.4157,0.3947
1778666575.3558,815,414,Center,0.4246,0.3836
1778666575.3999,828,399,Center,0.4314,0.3701
1778666575.5585,819,385,Center,0.4269,0.3572
1778666575.6032,803,375,Center,0.4185,0.3473
1778666575.8041,797,367,Center,0.4154,0.3399
1778666575.843,775,357,Center,0.4039,0.3306
1778666576.006,757,351,Left,0.3946,0.3257
1778666576.0417,749,353,Left,0.3903,0.3278
1778666576.1972,753,357,Left,0.3923,0.3311
1778666576.2388,754,369,Left,0.393,0.3417
1778666576.384,762,384,Left,0.3969,0.3559
1778666576.4242,755,391,Left,0.3936,0.3625
1778666576.5775,750,393,Left,0.3911,0.3641
1778666576.6292,744,414,Left,0.3875,0.3841
1778666576.7655,728,428,Left,0.3795,0.3963
1778666576.8011,724,437,Left,0.3771,0.4049
1778666576.949,727,450,Left,0.3788,0.4173
1778666576.9845,738,457,Left,0.3844,0.4234
1778666577.1554,744,442,Left,0.3877,0.4093
1778666577.2006,755,427,Left,0.3933,0.3958
1778666577.3645,763,415,Left,0.3977,0.3848
1778666577.4127,781,403,Center,0.4069,0.3739
1778666577.6578,795,401,Center,0.4142,0.3718
1778666577.6974,810,421,Center,0.4222,0.3903
1778666577.8824,817,444,Center,0.4256,0.4114
1778666577.9332,820,463,Center,0.4273,0.4288
1778666578.1111,697,508,Left,0.3631,0.4708
1778666578.1509,530,543,Left,0.2764,0.5035
1778666578.2928,363,545,Left,0.1892,0.505
1778666578.3274,222,534,Left,0.1158,0.4945
1778666578.4606,194,491,Left,0.1013,0.4551
1778666578.4974,352,408,Left,0.1835,0.3786
1778666578.6338,647,345,Left,0.3375,0.3195
1778666578.6771,1020,242,Center,0.5317,0.2245
1778666578.8269,1370,170,Right,0.7137,0.1578
1778666578.8707,1622,153,Right,0.8448,0.1418
1778666579.0152,1809,126,Right,0.9424,0.1167
1778666579.0562,1616,74,Right,0.8417,0.0689
1778666579.2124,1319,169,Right,0.6872,0.157
1778666579.2595,1154,256,Right,0.6012,0.2375
1778666579.4143,970,312,Center,0.5057,0.2896
1778666579.4575,787,391,Center,0.4101,0.3627
1778666579.6246,895,481,Center,0.4666,0.4461
1778666579.6617,1012,474,Center,0.5275,0.439
1778666579.8027,1003,457,Center,0.5226,0.4239
1778666579.8382,991,450,Center,0.5163,0.4172
1778666579.9766,977,465,Center,0.5092,0.4311
1778666580.022,969,478,Center,0.5051,0.4435
1778666580.1601,966,492,Center,0.5033,0.4561
1778666580.2089,937,505,Center,0.4884,0.4677
1778666580.3523,898,520,Center,0.4681,0.482
1778666580.3899,859,511,Center,0.4478,0.4733
1778666580.5352,794,505,Center,0.414,0.4679
1778666580.5838,760,497,Left,0.396,0.4608
1778666580.7355,748,485,Left,0.3899,0.4496
1778666580.7862,751,473,Left,0.3916,0.4383
1778666580.9259,765,467,Left,0.3986,0.4325
1778666580.9715,774,464,Center,0.4033,0.4302
1778666581.1165,776,466,Center,0.4044,0.4319
1778666581.1581,761,469,Left,0.3966,0.435
1778666581.2985,753,472,Left,0.3922,0.4372
1778666581.3315,742,473,Left,0.3865,0.4385
1778666581.4714,748,472,Left,0.3898,0.4375
1778666581.517,745,472,Left,0.3882,0.4377
1778666581.6752,765,473,Left,0.3985,0.4386
1778666581.7097,776,477,Center,0.4046,0.442
1778666581.8469,784,487,Center,0.4087,0.4511
1778666581.8869,795,492,Center,0.4141,0.4563
1778666582.0223,792,476,Center,0.4129,0.4411
1778666582.0639,789,475,Center,0.4113,0.4407
1778666582.2013,796,455,Center,0.4147,0.4215
1778666582.2379,797,423,Center,0.4151,0.3922
1778666582.3928,791,400,Center,0.412,0.3711
1778666582.442,794,409,Center,0.4137,0.3795
1778666582.5903,796,410,Center,0.4146,0.3802
1778666582.6289,819,401,Center,0.4269,0.3716
1778666582.7707,845,407,Center,0.4405,0.3772
1778666582.8068,875,391,Center,0.4562,0.3626
1778666582.9556,907,373,Center,0.4728,0.346
1778666582.9966,925,361,Center,0.482,0.3346
1778666583.1545,914,378,Center,0.4764,0.3502
1778666583.2056,930,379,Center,0.4848,0.3509
1778666583.3566,952,395,Center,0.4961,0.3662
1778666583.3902,954,401,Center,0.497,0.3721
1778666583.6007,960,394,Center,0.5001,0.3651
1778666583.6478,984,385,Center,0.5126,0.3573
1778666583.8126,979,384,Center,0.5102,0.3557
1778666583.8547,951,392,Center,0.4955,0.363
1778666583.999,942,402,Center,0.4907,0.3729
1778666584.0346,938,395,Center,0.489,0.3665
1778666584.2201,903,389,Center,0.4708,0.3602
1778666584.2562,857,382,Center,0.4467,0.3544
1778666584.4214,826,369,Center,0.4306,0.3421
1778666584.4555,795,357,Center,0.4145,0.3312
1778666584.606,730,355,Left,0.3802,0.329
1778666584.6405,692,356,Left,0.3605,0.3297
1778666584.7815,671,373,Left,0.3499,0.3457
1778666584.8176,641,372,Left,0.334,0.3447
1778666584.9678,627,380,Left,0.3267,0.3526
1778666585.0129,662,331,Left,0.3452,0.3071
1778666585.1435,658,261,Left,0.3432,0.242
1778666585.1895,913,306,Center,0.4756,0.2836
1778666585.3148,1176,392,Right,0.6129,0.3638
1778666585.3498,1426,457,Right,0.7429,0.4235
1778666585.4977,1658,571,Right,0.8639,0.5287
1778666585.5428,1920,700,Right,1.0,0.6485
1778666585.6992,1920,700,Right,1.0,0.6485
1778666585.7398,1778,643,Right,0.9265,0.5959
1778666585.8868,1656,574,Right,0.863,0.5323
1778666585.9214,1522,506,Right,0.7928,0.4691
1778666586.059,1425,458,Right,0.7425,0.4245
1778666586.1026,1272,403,Right,0.6626,0.3736
1778666586.232,1255,373,Right,0.6536,0.3459
1778666586.2715,1214,332,Right,0.6324,0.3076
1778666586.4094,1188,300,Right,0.619,0.2782
1778666586.441,1114,267,Center,0.5802,0.2474
1778666586.5863,1097,245,Center,0.5715,0.2271
1778666586.6163,1094,250,Center,0.57,0.2318
1778666586.7582,1100,254,Center,0.5733,0.2352
1778666586.8005,1116,263,Center,0.5816,0.2439
1778666586.9287,1148,271,Center,0.5984,0.2513
1778666586.9673,1131,268,Center,0.5893,0.2485
1778666587.1036,1096,244,Center,0.5713,0.2263
1778666587.1441,1048,256,Center,0.5463,0.2374
1778666587.2788,993,232,Center,0.5172,0.2153
1778666587.3158,884,209,Center,0.4605,0.1939
1778666587.4686,828,217,Center,0.4318,0.2015
1778666587.5032,775,250,Center,0.4039,0.2318
1778666587.6676,796,248,Center,0.4147,0.2301
1778666587.7102,867,289,Center,0.4518,0.2677
1778666587.8451,983,328,Center,0.512,0.3043
1778666587.8807,1083,345,Center,0.5643,0.3195
1778666588.0272,1203,358,Right,0.627,0.3317
1778666588.0618,1257,370,Right,0.6548,0.3435
1778666588.2116,1305,415,Right,0.6797,0.3848
1778666588.2597,1357,433,Right,0.707,0.4011
1778666588.4193,1418,451,Right,0.7388,0.4184
1778666588.4708,1376,456,Right,0.7168,0.423
1778666588.6094,1488,498,Right,0.7752,0.4611
1778666588.6415,1500,495,Right,0.7818,0.4587
1778666588.7854,1474,525,Right,0.7681,0.4862
1778666588.826,1387,523,Right,0.7225,0.4848
1778666588.9769,1372,504,Right,0.7147,0.4669
1778666589.019,1265,502,Right,0.6589,0.4648
1778666589.1627,1237,476,Right,0.6447,0.4414
1778666589.1967,1223,442,Right,0.6371,0.4097
1778666589.3446,1277,438,Right,0.6652,0.4063
1778666589.3722,1346,475,Right,0.7012,0.4401
1778666589.5092,1358,461,Right,0.7076,0.4273
1778666589.547,1271,399,Right,0.662,0.3696
1778666589.6958,1214,384,Right,0.6325,0.3556
1778666589.7229,1180,402,Right,0.6146,0.3723
1778666589.8833,1133,425,Center,0.5904,0.3943
1778666589.9246,1106,452,Center,0.5764,0.419
1778666590.0703,1136,497,Center,0.5918,0.461
1778666590.1083,1170,527,Right,0.6098,0.4885
1778666590.264,1171,512,Right,0.6101,0.4748
1778666590.314,1219,500,Right,0.6351,0.4636
1778666590.4746,1207,438,Right,0.629,0.4056
1778666590.5297,1230,448,Right,0.641,0.415
1778666590.6981,1227,443,Right,0.6392,0.4111
1778666590.7556,1236,456,Right,0.6439,0.4231
1778666590.902,1236,474,Right,0.644,0.4398
1778666590.9356,1312,525,Right,0.6834,0.4867
1778666591.0799,1307,534,Right,0.6809,0.4951
1778666591.1165,1321,527,Right,0.6885,0.488
1778666591.257,1328,504,Right,0.692,0.4669
1778666591.2936,1237,391,Right,0.6446,0.3622
1778666591.4239,1120,276,Center,0.5836,0.2563
1778666591.4596,1109,273,Center,0.5778,0.2533
1778666591.6397,1101,278,Center,0.5739,0.2574
1778666591.6977,1107,286,Center,0.577,0.2655
1778666591.8351,1164,328,Right,0.6063,0.304
1778666591.8727,1235,405,Right,0.6437,0.3755
1778666592.0125,1262,396,Right,0.6574,0.3672
1778666592.0431,1303,389,Right,0.6789,0.361
1778666592.188,1331,387,Right,0.6937,0.3591
1778666592.2256,1376,411,Right,0.717,0.3815
1778666592.3822,1380,412,Right,0.7188,0.382
1778666592.4433,1383,436,Right,0.7204,0.4039
1778666592.5816,1321,448,Right,0.6881,0.4154
1778666592.6271,1262,468,Right,0.6575,0.4339
1778666592.7556,1243,471,Right,0.6475,0.4362
1778666592.7927,1211,442,Right,0.6312,0.4098
1778666592.9387,1164,337,Right,0.6065,0.3126
1778666592.9867,1182,286,Right,0.6161,0.2654
1778666593.1457,1197,261,Right,0.6239,0.2422
1778666593.1823,1205,274,Right,0.6279,0.2542
1778666593.3185,1243,321,Right,0.6476,0.2978
1778666593.3522,1291,423,Right,0.6728,0.3921
1778666593.4991,1315,453,Right,0.6854,0.4201
1778666593.5462,1340,473,Right,0.6983,0.4385
1778666593.696,1339,455,Right,0.6974,0.4216
1778666593.734,1319,447,Right,0.6873,0.414
1778666593.8727,1306,434,Right,0.6805,0.4026
1778666593.9158,1295,435,Right,0.675,0.4033
1778666594.0457,1277,393,Right,0.6655,0.3647
1778666594.0813,1250,384,Right,0.6516,0.3564
1778666594.2146,1233,369,Right,0.6425,0.3418
1778666594.2539,1265,348,Right,0.6593,0.3229
1778666594.4057,1286,360,Right,0.6703,0.3338
1778666594.4475,1304,374,Right,0.6793,0.3472
1778666594.5865,1318,384,Right,0.6865,0.3558
1778666594.6231,1347,392,Right,0.702,0.3634
1778666594.7596,1328,405,Right,0.6919,0.3753
1778666594.8023,1282,399,Right,0.6678,0.3702
1778666594.9438,1248,410,Right,0.6502,0.38
1778666594.9929,1208,395,Right,0.6293,0.3665
1778666595.1518,1148,391,Center,0.5984,0.3624
1778666595.1963,1040,355,Center,0.5418,0.3289
1778666595.338,1072,365,Center,0.5585,0.3387
1778666595.3911,1138,388,Center,0.593,0.3595
1778666595.5465,1175,418,Right,0.6125,0.3872
1778666595.6116,1227,416,Right,0.6392,0.3856
1778666595.7591,1275,439,Right,0.6645,0.4074
1778666595.7977,1210,403,Right,0.6302,0.3738
1778666595.9616,1115,364,Center,0.5809,0.3371
1778666596.0093,1048,339,Center,0.5459,0.3142
1778666596.1465,887,338,Center,0.4621,0.3138
1778666596.182,802,331,Center,0.4181,0.3065
1778666596.324,765,342,Left,0.3988,0.3169
1778666596.3871,746,378,Left,0.3889,0.3503
1778666596.5631,791,394,Center,0.4124,0.3651
1778666596.6177,908,390,Center,0.4733,0.3617
1778666596.7636,997,430,Center,0.5194,0.3983
1778666596.7982,1220,527,Right,0.6359,0.4886
1778666596.9454,1420,590,Right,0.7398,0.5466
1778666596.9935,1576,641,Right,0.8211,0.5943
1778666597.1288,1747,725,Right,0.91,0.6714
1778666597.1659,1920,777,Right,1.0,0.7202
1778666597.3399,1920,763,Right,1.0,0.7071
1778666597.389,1920,762,Right,1.0,0.7062
1778666597.5462,1920,765,Right,1.0,0.7086
1778666597.5969,1920,741,Right,1.0,0.6861
1778666597.7592,1920,712,Right,1.0,0.6595
1778666597.8249,1920,673,Right,1.0,0.6234
1778666597.9984,1920,637,Right,1.0,0.5901
1778666598.0516,1920,636,Right,1.0,0.5895
1778666598.2125,1920,634,Right,1.0,0.5873
1778666598.2642,1920,627,Right,1.0,0.5808
1778666598.4361,1920,623,Right,1.0,0.5778
1778666598.4957,1920,611,Right,1.0,0.5667
1778666598.6546,1920,594,Right,1.0,0.5508
1778666598.7107,1920,586,Right,1.0,0.5433
1778666598.8724,1920,590,Right,1.0,0.5471
1778666598.9265,1920,607,Right,1.0,0.5626
1778666599.0918,1920,619,Right,1.0,0.5735
1778666599.1514,1920,635,Right,1.0,0.5884
1778666599.3205,1920,626,Right,1.0,0.5804
1778666599.3846,1920,615,Right,1.0,0.5697
1778666599.5536,1920,598,Right,1.0,0.554
1778666599.5901,1920,586,Right,1.0,0.5427
1778666599.7586,1920,588,Right,1.0,0.5448
1778666599.7977,1829,587,Right,0.9527,0.5436
1778666599.9391,1712,567,Right,0.8919,0.525
1778666599.9761,1696,579,Right,0.8838,0.5369
1778666600.1055,1694,590,Right,0.8824,0.5471
1778666600.144,1694,584,Right,0.8824,0.5414
1778666600.2822,1785,600,Right,0.9297,0.5564
1778666600.3178,1901,634,Right,0.9905,0.5876
1778666600.4997,1909,628,Right,0.9946,0.5816
1778666600.5348,1769,561,Right,0.9216,0.5203
1778666600.7011,1593,466,Right,0.83,0.4322
1778666600.7367,1467,423,Right,0.7641,0.3924
1778666600.9075,1340,388,Right,0.6981,0.3598
1778666600.9431,1212,319,Right,0.6314,0.296
1778666601.1272,1229,343,Right,0.6402,0.3183
1778666601.1638,1297,323,Right,0.6759,0.2992
1778666601.3425,1306,240,Right,0.6803,0.223
1778666601.3796,1432,271,Right,0.7463,0.2514
1778666601.544,1568,342,Right,0.817,0.3172
1778666601.5826,1694,398,Right,0.8825,0.3687
1778666601.7568,1801,526,Right,0.9384,0.4871
1778666601.7975,1920,657,Right,1.0,0.6084
1778666601.9675,1920,667,Right,1.0,0.6179
1778666602.0045,1920,667,Right,1.0,0.6182
1778666602.1861,1920,646,Right,1.0,0.5985
1778666602.2374,1920,623,Right,1.0,0.5769
1778666602.4039,1920,623,Right,1.0,0.5769
1778666602.4389,1751,568,Right,0.9125,0.5264
1778666602.5726,1594,530,Right,0.8305,0.4912
1778666602.6082,1480,493,Right,0.771,0.4571
1778666602.7601,1365,462,Right,0.7114,0.4281
1778666602.7977,1258,412,Right,0.6554,0.382
1778666602.929,1323,439,Right,0.6894,0.4068
1778666602.9651,1302,409,Right,0.6785,0.379
1778666603.1359,1238,388,Right,0.645,0.3598
1778666603.1896,1202,383,Right,0.626,0.3549
1778666603.3404,1176,396,Right,0.6127,0.367
1778666603.4031,1159,358,Right,0.6039,0.3319
1778666603.53,1217,362,Right,0.6341,0.3358
1778666603.5732,1217,362,Right,0.6341,0.3358
1778666603.7387,1190,298,Right,0.6199,0.2764
1778666603.7763,1184,299,Right,0.6168,0.2769
1778666603.9175,1159,306,Right,0.6037,0.2838
1778666603.9547,1136,306,Center,0.5917,0.2834
1778666604.0969,1118,306,Center,0.5824,0.2838
1778666604.135,1188,388,Right,0.6193,0.3601
1778666604.2984,1209,387,Right,0.63,0.3591
1778666604.3465,1225,351,Right,0.6385,0.3254
1778666604.486,1220,345,Right,0.6357,0.3197
1778666604.533,1199,341,Right,0.625,0.3163
1778666604.6974,1159,321,Right,0.6039,0.2981
1778666604.7545,1139,309,Center,0.5937,0.2865
1778666604.9104,1132,336,Center,0.5897,0.3113
1778666604.9666,1092,306,Center,0.5689,0.2842
1778666605.1309,1063,275,Center,0.5537,0.2551
1778666605.1905,1063,278,Center,0.5539,0.2582
1778666605.3736,1047,277,Center,0.5458,0.257
1778666605.4405,1042,251,Center,0.5429,0.2333
1778666605.6297,1088,299,Center,0.5669,0.2772
1778666605.6909,1123,367,Center,0.5853,0.3398
1778666605.8941,1161,379,Right,0.6049,0.3517
1778666605.9555,1168,387,Right,0.6084,0.3585
1778666606.1163,1155,412,Right,0.6016,0.3823
1778666606.1524,1040,401,Center,0.5418,0.3714
1778666606.3217,928,313,Center,0.4835,0.29
1778666606.3578,1065,371,Center,0.5551,0.3438
1778666606.5239,1230,425,Right,0.6409,0.3937
1778666606.5601,1398,470,Right,0.7286,0.4357
1778666606.7461,1655,529,Right,0.8622,0.4906
1778666606.7791,1920,637,Right,1.0,0.5906
1778666606.927,1920,631,Right,1.0,0.585
1778666606.9646,1920,641,Right,1.0,0.5944
1778666607.1078,1920,661,Right,1.0,0.6123
1778666607.1429,1920,680,Right,1.0,0.6303
1778666607.3005,1920,707,Right,1.0,0.6551
1778666607.3499,1920,721,Right,1.0,0.6683
1778666607.4854,1920,719,Right,1.0,0.6661
1778666607.5226,1920,724,Right,1.0,0.6707
1778666607.662,1920,722,Right,1.0,0.6689
1778666607.6976,1920,697,Right,1.0,0.6462
1778666607.8332,1920,694,Right,1.0,0.643
1778666607.9027,1861,648,Right,0.9693,0.6001
1778666608.0626,1856,573,Right,0.9669,0.5307
1778666608.0947,1688,430,Right,0.8794,0.399
1778666608.2489,1484,309,Right,0.7733,0.287
1778666608.283,1285,168,Right,0.6693,0.1557
1778666608.432,1142,74,Center,0.5952,0.0693
1778666608.4615,980,66,Center,0.5106,0.0616
1778666608.6069,974,142,Center,0.5077,0.1315
1778666608.6515,1030,243,Center,0.5368,0.2254
1778666608.793,1086,339,Center,0.5657,0.3146
1778666608.8401,1122,405,Center,0.5847,0.3757
1778666608.9772,1076,339,Center,0.5608,0.3141
1778666609.0138,1210,383,Right,0.6306,0.3552
1778666609.1526,1346,408,Right,0.7012,0.3779
1778666609.1986,1490,425,Right,0.7762,0.3942
1778666609.3809,1654,480,Right,0.8619,0.4449
1778666609.4124,1867,671,Right,0.9729,0.6221
1778666609.5676,1907,717,Right,0.9935,0.664
1778666609.6148,1855,718,Right,0.9662,0.665
1778666609.7687,1855,738,Right,0.9662,0.6839
1778666609.7973,1855,756,Right,0.9662,0.7008
1778666609.9526,1855,686,Right,0.9662,0.6356
1778666609.9832,1855,672,Right,0.9662,0.6222
1778666610.1107,1920,699,Right,1.0,0.6478
1778666610.1443,1920,733,Right,1.0,0.6795
1778666610.2701,1920,765,Right,1.0,0.7086
1778666610.3007,1805,707,Right,0.9404,0.6549
1778666610.435,1548,615,Right,0.8064,0.57
1778666610.4701,1330,492,Right,0.6928,0.4556
1778666610.625,1068,388,Center,0.5566,0.36
1778666610.6551,806,267,Center,0.4203,0.248
1778666610.7964,666,259,Left,0.3474,0.2398
1778666610.8249,746,294,Left,0.3891,0.273
1778666610.9547,800,344,Center,0.4169,0.3191
1778666610.9847,927,382,Center,0.4831,0.354
1778666611.1095,1063,446,Center,0.5537,0.4131
1778666611.1581,1170,489,Right,0.6095,0.4536
1778666611.2985,1197,497,Right,0.6236,0.4611
1778666611.339,1209,515,Right,0.6298,0.4771
1778666611.481,1192,511,Right,0.6208,0.4739
1778666611.5106,1166,505,Right,0.6075,0.4679
1778666611.6534,1170,514,Right,0.6097,0.4767
1778666611.6875,1186,518,Right,0.6178,0.48
1778666611.8105,1209,527,Right,0.6302,0.4884
1778666611.8556,1219,533,Right,0.6351,0.4941
1778666611.9944,1224,533,Right,0.638,0.4937
1778666612.027,1205,545,Right,0.6277,0.505
1778666612.1745,1188,543,Right,0.6192,0.5032
1778666612.222,1168,526,Right,0.6088,0.4876
1778666612.3732,1167,525,Right,0.6082,0.4864
1778666612.4227,1129,515,Center,0.5881,0.477
1778666612.5633,1112,488,Center,0.5795,0.4527
1778666612.6049,1109,484,Center,0.5778,0.4483
1778666612.7515,1104,490,Center,0.5751,0.4539
1778666612.7911,1125,490,Center,0.5862,0.4539
1778666612.9275,1191,499,Right,0.6204,0.4629
1778666612.963,1217,509,Right,0.6344,0.4714
1778666613.1067,1211,511,Right,0.6311,0.4739
1778666613.1418,1210,516,Right,0.6306,0.4785
1778666613.2748,1172,515,Right,0.6108,0.477
1778666613.3239,1152,528,Right,0.6003,0.489
1778666613.4811,1161,539,Right,0.6047,0.4999
1778666613.5193,1196,539,Right,0.6233,0.4992
1778666613.6661,1223,545,Right,0.6374,0.5054
1778666613.7017,1383,546,Right,0.7206,0.506
1778666613.85,1523,545,Right,0.7934,0.505
1778666613.8976,1667,555,Right,0.8683,0.5143
1778666614.036,1791,600,Right,0.9333,0.5561
1778666614.0726,1920,629,Right,1.0,0.5833
1778666614.2044,1920,667,Right,1.0,0.6184
1778666614.2475,1920,672,Right,1.0,0.6229
1778666614.3847,1920,673,Right,1.0,0.6233
1778666614.4218,1920,650,Right,1.0,0.6023
1778666614.5563,1920,646,Right,1.0,0.5986
1778666614.592,1920,644,Right,1.0,0.5964
1778666614.7268,1920,656,Right,1.0,0.6076
1778666614.7658,1920,661,Right,1.0,0.6122
1778666614.8995,1920,664,Right,1.0,0.6151
1778666614.9396,1788,531,Right,0.9317,0.4917
1778666615.0913,1788,531,Right,0.9317,0.4917
1778666615.1338,1604,392,Right,0.8359,0.363
1778666615.2718,1413,257,Right,0.7362,0.2381
1778666615.3229,1148,192,Center,0.5984,0.1787
1778666615.4893,889,126,Center,0.4632,0.1174
1778666615.5315,712,204,Left,0.3711,0.1895
1778666615.6764,622,289,Left,0.3241,0.268
1778666615.7193,567,378,Left,0.2955,0.3502
1778666615.8642,591,346,Left,0.3082,0.321
1778666615.9058,638,290,Left,0.3324,0.2687
1778666616.0438,814,212,Center,0.4244,0.1966
1778666616.0837,988,238,Center,0.515,0.221
1778666616.2241,1103,266,Center,0.5749,0.2472
1778666616.2686,1191,343,Right,0.6208,0.3178
1778666616.4058,1269,427,Right,0.6613,0.3958
1778666616.4534,1232,532,Right,0.6418,0.4926
1778666616.5984,1140,518,Center,0.5941,0.4803
1778666616.641,1111,508,Center,0.5788,0.4705
1778666616.7828,1093,507,Center,0.5694,0.4695
1778666616.8214,1042,529,Center,0.543,0.4902
1778666616.974,1024,539,Center,0.5335,0.4996
1778666617.0096,1028,532,Center,0.5359,0.4933
1778666617.1555,994,518,Center,0.5178,0.4796
1778666617.1886,972,517,Center,0.5063,0.4791
1778666617.3305,976,463,Center,0.5088,0.4287
1778666617.3785,958,348,Center,0.4992,0.3224
1778666617.5155,942,334,Center,0.4911,0.3099
1778666617.5587,917,280,Center,0.4777,0.2596
1778666617.6912,897,285,Center,0.4674,0.2645
1778666617.7297,889,332,Center,0.4631,0.3082
1778666617.8712,905,440,Center,0.4715,0.4075
1778666617.9083,914,471,Center,0.4764,0.4367
1778666618.0537,940,542,Center,0.4896,0.5027
1778666618.0895,952,537,Center,0.4961,0.4976
1778666618.2296,946,544,Center,0.4932,0.5042
1778666618.2705,965,521,Center,0.503,0.4826
1778666618.4195,989,496,Center,0.5152,0.4599
1778666618.4586,1005,472,Center,0.5239,0.4378
1778666618.5886,1023,449,Center,0.5331,0.4165
1778666618.6171,1099,424,Center,0.5726,0.3927
1778666618.7489,1148,425,Center,0.5982,0.3941
1778666618.7955,1197,456,Right,0.6236,0.4225
1778666618.9221,1235,460,Right,0.6437,0.4262
1778666618.9581,1279,465,Right,0.6664,0.4309
1778666619.1026,1260,471,Right,0.6563,0.4367
1778666619.1426,1237,478,Right,0.6448,0.4428
1778666619.2915,1174,406,Right,0.6119,0.3767
1778666619.3356,1148,412,Center,0.5984,0.3818
1778666619.4731,1118,420,Center,0.5827,0.3891
1778666619.5092,1104,405,Center,0.5751,0.3759
1778666619.6586,1087,397,Center,0.5663,0.368
1778666619.6948,1099,444,Center,0.5725,0.4115
1778666619.8362,1092,453,Center,0.5688,0.4199
1778666619.8728,1071,437,Center,0.5582,0.4051
1778666620.0069,1029,445,Center,0.5361,0.4121
1778666620.0427,1028,445,Center,0.5355,0.4126
1778666620.179,1041,462,Center,0.5424,0.4285
1778666620.2221,1055,457,Center,0.5499,0.424
1778666620.3746,1085,471,Center,0.5653,0.4369
1778666620.4074,1138,497,Center,0.5929,0.4603
1778666620.5545,1157,497,Right,0.603,0.4605
1778666620.5921,1177,475,Right,0.6135,0.4398
1778666620.7341,1198,462,Right,0.6244,0.4281
1778666620.7857,1222,475,Right,0.6368,0.4401
1778666620.9262,1196,461,Right,0.6232,0.4273
1778666620.9744,1110,443,Center,0.5786,0.4105
1778666621.1105,1024,428,Center,0.5335,0.3967
1778666621.1476,899,418,Center,0.4683,0.3879
1778666621.2814,765,388,Left,0.3989,0.3595
1778666621.3182,680,374,Left,0.3544,0.3464
1778666621.4534,656,390,Left,0.3417,0.3618
1778666621.4886,630,408,Left,0.3285,0.3779
1778666621.6402,680,395,Left,0.3546,0.3661
1778666621.6738,751,324,Left,0.3912,0.3008
1778666621.8089,823,242,Center,0.4289,0.2246
1778666621.843,843,252,Center,0.4395,0.2342
1778666621.9971,846,238,Center,0.4411,0.2211
1778666622.0331,792,254,Center,0.4126,0.2359
1778666622.1832,737,307,Left,0.3842,0.2846
1778666622.2223,687,391,Left,0.3581,0.362
1778666622.3692,697,379,Left,0.3632,0.3513
1778666622.4188,744,376,Left,0.3877,0.3488
1778666622.5631,816,366,Center,0.4253,0.3392
1778666622.5981,854,397,Center,0.4452,0.3685
1778666622.7554,869,405,Center,0.4529,0.3753
1778666622.793,875,410,Center,0.456,0.38
1778666622.9607,856,425,Center,0.4464,0.3937
1778666622.9993,834,439,Center,0.4344,0.407
1778666623.1391,832,429,Center,0.4334,0.3981
1778666623.1792,838,415,Center,0.4366,0.3845
1778666623.3292,843,402,Center,0.4393,0.3725
1778666623.3603,825,387,Center,0.4299,0.3593
1778666623.5071,791,375,Center,0.412,0.3479
1778666623.5427,747,360,Left,0.3891,0.3342
1778666623.6935,700,376,Left,0.3646,0.349
1778666623.7364,653,396,Left,0.3402,0.3668
1778666623.8933,624,417,Left,0.3252,0.3869
1778666623.9334,589,407,Left,0.3069,0.3776
1778666624.0803,572,395,Left,0.2984,0.3664
1778666624.1179,682,402,Left,0.3556,0.3722
1778666624.2654,765,407,Left,0.3985,0.3773
1778666624.304,850,402,Center,0.4429,0.3724
1778666624.4559,990,447,Center,0.516,0.4145
1778666624.4959,1114,472,Center,0.5805,0.4377
1778666624.7205,1111,486,Center,0.5787,0.4504
1778666624.7536,1164,483,Right,0.6066,0.4475
1778666624.9105,1207,490,Right,0.6288,0.4539
1778666624.9577,1196,472,Right,0.6233,0.4378
1778666625.1108,1182,492,Right,0.616,0.4556
1778666625.1499,1186,478,Right,0.6182,0.4426
1778666625.2818,1159,458,Right,0.604,0.4242
1778666625.3305,1157,462,Right,0.6029,0.428
1778666625.4699,1161,465,Right,0.6048,0.4311
1778666625.5055,1185,454,Right,0.6173,0.4205
1778666625.6321,1190,450,Right,0.6203,0.4173
1778666625.6702,1205,464,Right,0.628,0.4298
1778666625.8286,1213,448,Right,0.6319,0.4155
1778666625.8607,1248,458,Right,0.6502,0.4242
1778666626.0161,1262,466,Right,0.6577,0.432
1778666626.0556,1282,449,Right,0.668,0.4166
1778666626.1895,1270,465,Right,0.6618,0.4309
1778666626.2316,1276,490,Right,0.6648,0.4541
1778666626.365,1269,481,Right,0.6612,0.4462
1778666626.4036,1370,502,Right,0.7137,0.4655
1778666626.5699,1439,541,Right,0.7495,0.5017
1778666626.599,1542,576,Right,0.8035,0.5339
1778666626.7363,1632,610,Right,0.85,0.5654
1778666626.7679,1606,626,Right,0.8366,0.5802
1778666626.897,1474,607,Right,0.768,0.5621
1778666626.9272,1367,590,Right,0.7122,0.5467
1778666627.0801,1248,552,Right,0.6503,0.512
1778666627.1231,1136,512,Center,0.5921,0.4747
1778666627.2681,1140,504,Center,0.5939,0.4676
1778666627.2971,1160,506,Right,0.6045,0.4692
1778666627.4384,1181,507,Right,0.6156,0.47
1778666627.4781,1199,503,Right,0.6247,0.466
1778666627.6113,1203,498,Right,0.6269,0.4613
1778666627.6574,1205,495,Right,0.6276,0.4585
1778666627.7939,1197,496,Right,0.6237,0.4601
1778666627.825,1153,450,Right,0.6006,0.417
1778666627.9625,1134,417,Center,0.5911,0.3867
1778666627.9931,1121,427,Center,0.5839,0.396
1778666628.1356,1103,449,Center,0.5747,0.416
1778666628.1637,1083,458,Center,0.5645,0.4244
1778666628.3122,1102,517,Center,0.5743,0.4795
1778666628.3448,1103,542,Center,0.5746,0.5024
1778666628.4665,1101,524,Center,0.5737,0.486
1778666628.5011,1096,491,Center,0.571,0.4551
1778666628.6435,1082,452,Center,0.5639,0.4189
1778666628.673,1057,419,Center,0.5508,0.3888
1778666628.8105,1023,413,Center,0.5333,0.3833
1778666628.8421,1002,424,Center,0.5219,0.3931
1778666628.982,993,446,Center,0.5172,0.4138
1778666629.0166,990,492,Center,0.516,0.4561
1778666629.1586,1000,529,Center,0.5209,0.4904
1778666629.1891,1002,493,Center,0.5222,0.4571
1778666629.3314,993,485,Center,0.5176,0.4497
1778666629.3635,999,457,Center,0.5206,0.4235
1778666629.4863,992,447,Center,0.517,0.4145
1778666629.5198,968,422,Center,0.5045,0.3912
1778666629.6775,957,473,Center,0.4988,0.4388
1778666629.7086,960,492,Center,0.5,0.4556
1778666629.8442,947,522,Center,0.4937,0.4838
1778666629.8762,953,498,Center,0.4965,0.4619
1778666630.0091,970,518,Center,0.5055,0.4805
1778666630.0427,992,526,Center,0.517,0.4878
1778666630.1845,1000,522,Center,0.5211,0.4839
1778666630.2182,1003,514,Center,0.5229,0.476
1778666630.3584,1003,532,Center,0.5228,0.4935
1778666630.3975,1011,521,Center,0.5267,0.4832
1778666630.5601,1014,518,Center,0.5283,0.4797
1778666630.6052,1021,511,Center,0.5321,0.4738
1778666630.7639,1024,507,Center,0.5334,0.4702
1778666630.7989,1013,620,Center,0.5281,0.5746
1778666630.9569,987,733,Center,0.5144,0.6793
1778666630.9874,991,716,Center,0.5166,0.6632
1778666631.1187,982,710,Center,0.5115,0.6581
1778666631.1523,978,694,Center,0.5098,0.6433
1778666631.2933,989,562,Center,0.5156,0.5213
1778666631.3298,1009,425,Center,0.526,0.3936
1778666631.4621,995,417,Center,0.5187,0.3866
1778666631.4972,991,417,Center,0.5163,0.3864
1778666631.6558,986,428,Center,0.514,0.3972
1778666631.6974,1008,447,Center,0.5251,0.4139
1778666631.8283,1036,477,Center,0.5398,0.4423
1778666631.8594,1061,490,Center,0.553,0.4542
1778666631.9853,1085,487,Center,0.5653,0.4509
1778666632.0144,1103,484,Center,0.5749,0.4489
1778666632.1296,1097,475,Center,0.5715,0.4398
1778666632.1567,1086,459,Center,0.566,0.4255
1778666632.3092,1082,462,Center,0.5636,0.4281
1778666632.3382,1084,457,Center,0.565,0.4235
1778666632.4961,1091,481,Center,0.5686,0.4463
1778666632.5286,1102,482,Center,0.5745,0.4466
1778666632.666,1114,482,Center,0.5804,0.4472
1778666632.6996,1105,499,Center,0.5757,0.4624
1778666632.84,1096,525,Center,0.571,0.4864
1778666632.872,1067,502,Center,0.5562,0.4649
1778666633.0259,1026,512,Center,0.5344,0.4745
1778666633.062,985,526,Center,0.5132,0.4875
1778666633.1958,965,525,Center,0.5027,0.4868
1778666633.2278,950,496,Center,0.495,0.4597
1778666633.3682,957,488,Center,0.4987,0.4523
1778666633.4051,972,471,Center,0.5066,0.4367
1778666633.5511,986,453,Center,0.5138,0.4195
1778666633.5857,998,438,Center,0.5203,0.406
1778666633.7329,999,450,Center,0.5206,0.4175
1778666633.7739,973,365,Center,0.5069,0.338
1778666633.9106,954,357,Center,0.4971,0.3314
1778666633.9522,948,347,Center,0.4941,0.3222
1778666634.0794,942,356,Center,0.4907,0.3302
1778666634.1136,939,353,Center,0.4895,0.327
1778666634.2575,963,447,Center,0.5016,0.414
1778666634.2878,993,480,Center,0.5175,0.4446
1778666634.4315,1008,517,Center,0.5254,0.4788
1778666634.4635,1032,512,Center,0.5377,0.4746
1778666634.6036,1053,521,Center,0.5486,0.4828
1778666634.6482,1059,532,Center,0.552,0.4933
1778666634.7857,1051,527,Center,0.5474,0.4888
1778666634.8227,1040,520,Center,0.5417,0.482
1778666634.9562,1021,531,Center,0.532,0.4922
1778666634.9832,1002,542,Center,0.5221,0.5019
1778666635.1299,996,547,Center,0.5189,0.507
1778666635.158,992,543,Center,0.5168,0.5036
1778666635.296,993,538,Center,0.5174,0.4985
1778666635.33,980,537,Center,0.5109,0.4972
1778666635.4514,968,532,Center,0.5042,0.4927
1778666635.492,955,524,Center,0.4977,0.4855
1778666635.6204,943,523,Center,0.4913,0.4844
1778666635.657,920,522,Center,0.4796,0.4837
1778666635.8089,913,517,Center,0.4755,0.4789
1778666635.8389,911,513,Center,0.475,0.4754
1778666635.9798,912,512,Center,0.4754,0.4745
1778666636.0154,907,511,Center,0.4726,0.4739
1778666636.1392,920,510,Center,0.4796,0.4724
1778666636.1798,943,508,Center,0.4914,0.4707
1778666636.308,962,509,Center,0.5016,0.4717
1778666636.3449,982,510,Center,0.5116,0.4727
1778666636.496,1005,512,Center,0.5239,0.4743
1778666636.53,1018,511,Center,0.5303,0.474
1778666636.6791,1020,511,Center,0.5315,0.4737
1778666636.7086,1014,509,Center,0.5283,0.4718
1778666636.8506,1006,507,Center,0.5243,0.47
1778666636.8819,998,497,Center,0.5202,0.4609
1778666637.0113,993,489,Center,0.5175,0.4536
1778666637.0404,986,480,Center,0.5138,0.4448
1778666637.259,981,470,Center,0.5113,0.4355
1778666637.289,979,460,Center,0.5099,0.4261
1778666637.4162,976,455,Center,0.5088,0.4221
1778666637.4517,978,447,Center,0.5097,0.4144
1778666637.579,981,418,Center,0.5113,0.3877
1778666637.6116,985,401,Center,0.5134,0.3715
1778666637.777,987,404,Center,0.5144,0.3742
1778666637.8186,987,435,Center,0.5141,0.403
1778666637.9606,984,475,Center,0.5129,0.4398
1778666637.9938,983,518,Center,0.5122,0.4804
1778666638.1175,986,527,Center,0.5138,0.4886
1778666638.1476,980,532,Center,0.5108,0.4928
1778666638.283,977,511,Center,0.5089,0.4734
1778666638.3144,980,480,Center,0.5105,0.4453
1778666638.4375,982,468,Center,0.5116,0.4338
1778666638.4676,980,478,Center,0.5105,0.4432
1778666638.5985,982,469,Center,0.5117,0.4344
1778666638.6295,989,456,Center,0.5153,0.4223
1778666638.7759,983,462,Center,0.5125,0.4281
1778666638.8185,970,453,Center,0.5054,0.4196
1778666638.9592,960,448,Center,0.5002,0.4155
1778666638.9959,984,452,Center,0.5129,0.4186
1778666639.1295,995,458,Center,0.5183,0.4247
1778666639.1585,1007,451,Center,0.5246,0.418
1778666639.3043,1019,460,Center,0.5309,0.426
1778666639.3369,1090,439,Center,0.5679,0.407
1778666639.4892,1115,347,Center,0.5808,0.3216
1778666639.5468,1180,254,Right,0.6148,0.2355
1778666639.707,1344,310,Right,0.7001,0.2872
1778666639.7721,1530,355,Right,0.7972,0.3288
1778666639.9578,1655,418,Right,0.8621,0.3873
1778666640.0152,1796,546,Right,0.9356,0.5058
1778666640.1729,1906,682,Right,0.9931,0.6318
1778666640.2276,1744,533,Right,0.9086,0.4938
1778666640.3979,1585,426,Right,0.8255,0.3948
1778666640.4641,1402,347,Right,0.7306,0.3218
1778666640.6136,1207,278,Right,0.629,0.2577
1778666640.6491,1018,197,Center,0.5305,0.1832
1778666640.785,1007,266,Center,0.5249,0.2463
1778666640.8185,975,304,Center,0.5078,0.2821
1778666640.9629,956,323,Center,0.4981,0.3
1778666641.001,949,337,Center,0.4947,0.3128
1778666641.1407,942,354,Center,0.4907,0.3284
1778666641.1943,942,353,Center,0.4911,0.3276
1778666641.3488,952,347,Center,0.4963,0.3219
1778666641.388,965,340,Center,0.5031,0.315
1778666641.5224,978,331,Center,0.5097,0.3069
1778666641.5569,980,353,Center,0.5104,0.3274
1778666641.7061,967,380,Center,0.5038,0.3523
1778666641.7396,960,410,Center,0.5004,0.3803
1778666641.8928,963,441,Center,0.5018,0.4084
1778666641.9269,969,471,Center,0.505,0.4362
1778666642.0685,981,449,Center,0.511,0.4167
1778666642.1126,1000,434,Center,0.521,0.4023
1778666642.2385,982,410,Center,0.5118,0.3805
1778666642.2886,980,420,Center,0.5109,0.3896
1778666642.4213,975,408,Center,0.508,0.3781
1778666642.4574,995,410,Center,0.5186,0.38
1778666642.6018,983,410,Center,0.5121,0.3801
1778666642.638,1006,449,Center,0.5243,0.4164
1778666642.8066,1010,448,Center,0.5264,0.4151
1778666642.8596,1040,465,Center,0.542,0.4309
1778666643.0016,1024,485,Center,0.5334,0.4496
1778666643.0414,1023,474,Center,0.5329,0.4391
1778666643.1893,1006,431,Center,0.5241,0.3996
1778666643.2194,1043,412,Center,0.5433,0.3816
1778666643.3627,1073,421,Center,0.559,0.3907
1778666643.3973,1112,338,Center,0.5796,0.313
1778666643.533,1244,411,Right,0.648,0.3807
1778666643.5701,1444,482,Right,0.7522,0.4463
1778666643.7026,1590,542,Right,0.8283,0.5025
1778666643.7408,1687,563,Right,0.879,0.522
1778666643.8954,1784,677,Right,0.9293,0.6274
1778666643.9329,1830,658,Right,0.9536,0.6096
1778666644.0797,1823,630,Right,0.9495,0.5835
1778666644.1153,1813,615,Right,0.9443,0.5702
1778666644.2535,1839,615,Right,0.9583,0.5697
1778666644.2851,1884,618,Right,0.9813,0.5725
1778666644.424,1881,625,Right,0.9797,0.5789
1778666644.4643,1863,643,Right,0.9706,0.5957
1778666644.6117,1851,640,Right,0.9644,0.5929
1778666644.6533,1835,632,Right,0.9562,0.5852
1778666644.7921,1812,643,Right,0.9438,0.5957
1778666644.8276,1788,634,Right,0.9314,0.587
1778666644.9701,1768,626,Right,0.9212,0.5798
1778666645.0193,1763,619,Right,0.9182,0.574
1778666645.145,1755,633,Right,0.9145,0.5868
1778666645.1814,1615,566,Right,0.8412,0.5243
1778666645.3269,1505,577,Right,0.7842,0.5345
1778666645.3636,1449,601,Right,0.7548,0.5567
1778666645.5175,1384,608,Right,0.721,0.5631
1778666645.5525,1371,611,Right,0.7142,0.5666
1778666645.6862,1502,678,Right,0.7824,0.6278
1778666645.7238,1625,686,Right,0.8466,0.6352
1778666645.8587,1699,679,Right,0.8851,0.6291
1778666645.8958,1755,688,Right,0.9141,0.6375
1778666646.0782,1746,686,Right,0.9099,0.6358
1778666646.1138,1751,682,Right,0.9123,0.6324
1778666646.2643,1747,678,Right,0.9103,0.6278
1778666646.3125,1740,672,Right,0.9064,0.6223
1778666646.4703,1743,664,Right,0.9079,0.6152
1778666646.5074,1664,594,Right,0.8668,0.55
1778666646.6555,1542,477,Right,0.8032,0.4424
1778666646.6906,1361,403,Right,0.7089,0.3734
1778666646.8301,1202,334,Right,0.6264,0.3097
1778666646.8699,1033,294,Center,0.5382,0.273
1778666647.0134,976,317,Center,0.5084,0.2943
1778666647.0545,958,388,Center,0.4995,0.3601
1778666647.1883,988,425,Center,0.5147,0.3943
1778666647.2254,1033,460,Center,0.5381,0.4266
1778666647.3774,1083,470,Center,0.5641,0.4358
1778666647.43,1096,458,Center,0.5709,0.4248
1778666647.5689,1097,457,Center,0.5718,0.4235
1778666647.631,1094,433,Center,0.5701,0.4014
1778666647.7947,1068,408,Center,0.5566,0.3783
1778666647.8558,1064,404,Center,0.5543,0.3741
1778666648.039,1071,425,Center,0.558,0.3939
1778666648.0781,1065,436,Center,0.5549,0.4045
1778666648.2215,1075,462,Center,0.5604,0.4287
1778666648.2766,1082,473,Center,0.5639,0.4386
1778666648.4105,1078,462,Center,0.5616,0.4281
1778666648.4546,1202,465,Right,0.6263,0.431
1778666648.6346,1344,468,Right,0.7004,0.434
1778666648.6932,1520,562,Right,0.7921,0.5209
1778666648.847,1688,597,Right,0.8792,0.5532
1778666648.8829,1849,654,Right,0.9635,0.6062
1778666649.013,1890,680,Right,0.9844,0.63
1778666649.0521,1920,710,Right,1.0,0.6578
1778666649.1902,1920,644,Right,1.0,0.597
1778666649.2373,1920,648,Right,1.0,0.6
1778666649.381,1920,628,Right,1.0,0.5818
1778666649.4176,1920,620,Right,1.0,0.5744
1778666649.5671,1920,606,Right,1.0,0.5618
1778666649.6066,1912,610,Right,0.996,0.565
1778666649.7495,1830,596,Right,0.9532,0.552
1778666649.796,1816,614,Right,0.9463,0.5686
1778666649.9421,1808,619,Right,0.9421,0.5738
1778666649.9775,1808,639,Right,0.9421,0.5917
1778666650.1248,1816,650,Right,0.9461,0.6024
1778666650.179,1898,688,Right,0.9889,0.6375
1778666650.324,1911,699,Right,0.9957,0.6473
1778666650.3587,1920,724,Right,1.0,0.6708
1778666650.513,1920,736,Right,1.0,0.682
1778666650.5833,1920,720,Right,1.0,0.667
1778666650.7533,1920,701,Right,1.0,0.6492
1778666650.7918,1920,670,Right,1.0,0.6205
1778666650.9248,1920,640,Right,1.0,0.593
1778666650.9668,1920,613,Right,1.0,0.5678
1778666651.1038,1816,605,Right,0.946,0.5608
1778666651.1438,1638,565,Right,0.8534,0.5239
1778666651.274,1522,535,Right,0.793,0.4962
1778666651.3106,1445,505,Right,0.7528,0.4684
1778666651.441,1433,541,Right,0.7465,0.5016
1778666651.4831,1536,583,Right,0.8005,0.5406
1778666651.648,1714,632,Right,0.8931,0.5859
1778666651.7026,1830,681,Right,0.9534,0.6311
1778666651.8486,1907,725,Right,0.9937,0.6719
1778666651.8811,1920,707,Right,1.0,0.6555
1778666652.0235,1920,691,Right,1.0,0.6407
1778666652.0676,1920,685,Right,1.0,0.6352
1778666652.2095,1920,677,Right,1.0,0.6271
1778666652.2596,1920,676,Right,1.0,0.6264
1778666652.3915,1920,666,Right,1.0,0.6173
1778666652.4251,1920,654,Right,1.0,0.6059
1778666652.5695,1920,655,Right,1.0,0.607
1778666652.6073,1920,642,Right,1.0,0.5946
1778666652.7452,1920,629,Right,1.0,0.5831
1778666652.7842,1920,628,Right,1.0,0.582
1778666652.9526,1920,627,Right,1.0,0.5814
1778666652.9882,1920,631,Right,1.0,0.5847
1778666653.1341,1920,648,Right,1.0,0.6008
1778666653.1832,1920,661,Right,1.0,0.6123
1778666653.3209,1920,664,Right,1.0,0.6149
1778666653.3529,1920,665,Right,1.0,0.6162
1778666653.4954,1920,647,Right,1.0,0.5992
1778666653.5325,1920,649,Right,1.0,0.6015
1778666653.6759,1920,647,Right,1.0,0.5997
1778666653.7196,1920,639,Right,1.0,0.5918
1778666653.8661,1920,634,Right,1.0,0.5873
1778666653.9133,1920,647,Right,1.0,0.5996
1778666654.0667,1920,642,Right,1.0,0.5952
1778666654.0963,1920,645,Right,1.0,0.5981
1778666654.2427,1920,654,Right,1.0,0.6063
1778666654.2783,1868,668,Right,0.9734,0.6186
1778666654.4215,1792,662,Right,0.9335,0.6135
1778666654.4617,1720,641,Right,0.896,0.5941
1778666654.6025,1664,622,Right,0.8668,0.5763
1778666654.639,1648,615,Right,0.8588,0.5699
1778666654.7903,1688,610,Right,0.8795,0.5653
1778666654.8334,1765,603,Right,0.9194,0.5585
1778666654.9771,1831,613,Right,0.9539,0.5685
1778666655.0376,1762,497,Right,0.9179,0.461
1778666655.1915,1592,439,Right,0.8297,0.4065
1778666655.232,1432,339,Right,0.746,0.314
1778666655.3797,1272,267,Right,0.6627,0.248
1778666655.4157,1112,203,Center,0.5796,0.188
1778666655.5614,1068,287,Center,0.5563,0.266
1778666655.5945,1087,300,Center,0.5663,0.2782
1778666655.7353,1067,342,Center,0.5559,0.317
1778666655.7805,1082,390,Center,0.5638,0.3613
1778666655.911,1123,431,Center,0.5852,0.3997
1778666655.9545,1268,481,Right,0.6605,0.4459
1778666656.0895,1412,538,Right,0.7359,0.4982
1778666656.1271,1604,624,Right,0.8358,0.5778
1778666656.2804,1749,692,Right,0.9112,0.641
1778666656.32,1873,743,Right,0.9759,0.6889
1778666656.4657,1899,756,Right,0.9892,0.7003
1778666656.5023,1920,751,Right,1.0,0.6958
1778666656.6552,1920,719,Right,1.0,0.6662
1778666656.6882,1920,699,Right,1.0,0.6477
1778666656.8347,1920,687,Right,1.0,0.6362
1778666656.8705,1920,666,Right,1.0,0.6171
1778666657.006,1920,659,Right,1.0,0.611
1778666657.043,1815,528,Right,0.9453,0.4895
1778666657.1795,1680,387,Right,0.8752,0.3591
1778666657.22,1517,338,Right,0.7902,0.3131
1778666657.3676,1350,325,Right,0.7036,0.3017
1778666657.4047,1147,294,Center,0.5978,0.2724
1778666657.5707,1058,393,Center,0.5514,0.364
1778666657.6058,1001,500,Center,0.5214,0.4635
1778666657.7461,979,523,Center,0.51,0.485
1778666657.7821,988,497,Center,0.515,0.461
1778666657.918,1037,497,Center,0.5403,0.4611
1778666657.9645,1083,476,Center,0.5646,0.4414
1778666658.1047,1182,499,Right,0.6159,0.4626
1778666658.1518,1348,518,Right,0.7024,0.4804
1778666658.2877,1493,566,Right,0.778,0.5246
1778666658.3237,1623,602,Right,0.8454,0.5582
1778666658.4624,1744,658,Right,0.9087,0.6094
1778666658.512,1825,663,Right,0.9508,0.6144
1778666658.6524,1844,671,Right,0.9607,0.6216
1778666658.6875,1855,675,Right,0.9666,0.6254
1778666658.8431,1881,683,Right,0.9798,0.6329
1778666658.8756,1739,556,Right,0.9059,0.5157
1778666659.0182,1584,499,Right,0.8254,0.4624
1778666659.0598,1522,511,Right,0.7932,0.4735
1778666659.2001,1498,501,Right,0.7805,0.464
1778666659.2407,1488,500,Right,0.7755,0.4638
1778666659.3829,1650,632,Right,0.8598,0.5857
1778666659.4226,1698,554,Right,0.8849,0.5134
1778666659.5554,1616,406,Right,0.8421,0.3759
1778666659.5879,1489,276,Right,0.7756,0.2564
1778666659.7254,1347,184,Right,0.7021,0.171
1778666659.7733,1201,107,Right,0.6258,0.1
1778666659.9072,1164,162,Right,0.6065,0.1507
1778666659.9463,1131,252,Center,0.5892,0.2339
1778666660.1037,1110,341,Center,0.5784,0.3161
1778666660.1402,1090,372,Center,0.5677,0.3452
1778666660.2775,1071,389,Center,0.5582,0.3602
1778666660.3161,1109,453,Center,0.5776,0.4197
1778666660.4439,1167,476,Right,0.6079,0.4416
1778666660.48,1222,514,Right,0.6367,0.4762
1778666660.624,1277,563,Right,0.6654,0.5221
1778666660.6666,1278,486,Right,0.6659,0.4503
1778666660.8114,1094,404,Center,0.57,0.3742
1778666660.854,916,349,Center,0.4772,0.3235
1778666660.9993,759,290,Left,0.3956,0.2692
1778666661.0363,600,232,Left,0.3126,0.2152
1778666661.1848,512,288,Left,0.267,0.2675
1778666661.2294,556,317,Left,0.2898,0.2944
1778666661.3727,695,345,Left,0.3622,0.3195
1778666661.4117,826,390,Center,0.4303,0.3613
1778666661.5723,957,434,Center,0.499,0.4021
1778666661.6109,1063,492,Center,0.5541,0.4564
1778666661.7483,1162,539,Right,0.6057,0.4991
1778666661.7918,1165,555,Right,0.607,0.5144
1778666661.9458,1149,537,Center,0.599,0.4976
1778666661.9806,1122,520,Center,0.5844,0.4818
1778666662.1497,1080,501,Center,0.5625,0.4645
1778666662.184,1101,508,Center,0.5737,0.4709
1778666662.3221,1116,497,Center,0.5815,0.4611
1778666662.3578,1234,531,Right,0.6429,0.4918
1778666662.5066,1368,540,Right,0.7128,0.5005
1778666662.5555,1438,444,Right,0.749,0.4111
1778666662.6923,1577,498,Right,0.8214,0.4619
1778666662.7313,1717,549,Right,0.8945,0.509
1778666662.8882,1758,561,Right,0.916,0.5199
1778666662.9332,1796,623,Right,0.9355,0.5773
1778666663.0645,1920,774,Right,1.0,0.7171
1778666663.1156,1920,735,Right,1.0,0.6811
1778666663.2602,1920,726,Right,1.0,0.6729
1778666663.3024,1920,722,Right,1.0,0.6686
1778666663.4583,1920,649,Right,1.0,0.6016
1778666663.5049,1920,642,Right,1.0,0.5952
1778666663.6654,1920,656,Right,1.0,0.6079
1778666663.7094,1920,680,Right,1.0,0.63
1778666663.8519,1920,677,Right,1.0,0.6274
1778666663.9005,1920,730,Right,1.0,0.6767
1778666664.0381,1920,708,Right,1.0,0.656
1778666664.0747,1897,659,Right,0.9883,0.6103
1778666664.2272,1855,593,Right,0.9663,0.55
1778666664.2639,1840,574,Right,0.9588,0.5321
1778666664.4042,1827,539,Right,0.9518,0.4996
1778666664.4407,1827,543,Right,0.9518,0.5035
1778666664.5854,1849,573,Right,0.9635,0.5308
1778666664.623,1784,537,Right,0.9292,0.4975
1778666664.7544,1765,550,Right,0.9197,0.5101
1778666664.7955,1761,565,Right,0.9175,0.5236
1778666664.9608,1761,574,Right,0.9175,0.5324
1778666664.9958,1761,584,Right,0.9175,0.5414
1778666665.1372,1869,674,Right,0.9738,0.6242
1778666665.1732,1902,686,Right,0.9909,0.6361
1778666665.3217,1919,695,Right,0.9995,0.6436
1778666665.3653,1900,691,Right,0.9898,0.64
1778666665.5082,1900,683,Right,0.9898,0.6327
1778666665.5565,1900,668,Right,0.9898,0.6188
1778666665.6952,1900,660,Right,0.9898,0.6116
1778666665.7292,1901,655,Right,0.9903,0.6074
1778666665.8566,1920,657,Right,1.0,0.6088
1778666665.8972,1887,652,Right,0.9829,0.6043
1778666666.0372,1843,646,Right,0.96,0.5988
1778666666.0828,1827,635,Right,0.952,0.5887
1778666666.2391,1819,635,Right,0.9475,0.5881
1778666666.2747,1819,638,Right,0.9475,0.591
1778666666.4216,1851,656,Right,0.9646,0.6076
1778666666.4567,1895,645,Right,0.9874,0.598
1778666666.5951,1911,663,Right,0.9954,0.614
1778666666.6311,1919,684,Right,1.0,0.634
1778666666.7704,1919,691,Right,1.0,0.6405
1778666666.8065,1786,630,Right,0.9305,0.5842
1778666666.9573,1495,516,Right,0.7789,0.4778
1778666667.0035,1205,439,Right,0.6278,0.4066
1778666667.1367,924,358,Center,0.4816,0.3322
1778666667.1723,645,299,Left,0.3362,0.2773
1778666667.3157,494,282,Left,0.2575,0.262
1778666667.3568,524,350,Left,0.2734,0.3248
1778666667.5192,540,354,Left,0.2813,0.3278
1778666667.5548,552,367,Left,0.288,0.3405
1778666667.6961,571,369,Left,0.2976,0.3417
1778666667.7377,594,400,Left,0.3098,0.3706
1778666667.8912,592,415,Left,0.3084,0.3845
1778666667.9203,601,447,Left,0.3135,0.4146
1778666668.0617,599,434,Left,0.3122,0.4026
1778666668.0912,581,422,Left,0.3027,0.3916
1778666668.2316,563,399,Left,0.2934,0.3697
1778666668.2759,610,341,Left,0.3179,0.3165
1778666668.4151,683,330,Left,0.356,0.3061
1778666668.4467,953,386,Center,0.4968,0.3582
1778666668.5827,1195,418,Right,0.6227,0.3875
1778666668.6149,1474,494,Right,0.7679,0.4581
1778666668.7599,1690,624,Right,0.8806,0.5781
1778666668.8044,1882,691,Right,0.9807,0.6404
1778666668.9484,1882,687,Right,0.9807,0.6365
1778666668.9765,1916,708,Right,0.9981,0.6561
1778666669.1045,1912,684,Right,0.9959,0.6335
1778666669.1506,1905,676,Right,0.9926,0.6263
1778666669.2759,1901,671,Right,0.9902,0.6213
1778666669.3155,1901,692,Right,0.9902,0.6409
1778666669.4591,1904,711,Right,0.9921,0.6592
1778666669.5051,1909,733,Right,0.9943,0.6793
1778666669.6441,1915,733,Right,0.9976,0.6792
1778666669.6761,1915,733,Right,0.9976,0.6796
1778666669.8051,1914,735,Right,0.997,0.6809
1778666669.8351,1914,737,Right,0.997,0.6829
1778666669.9707,1906,723,Right,0.9931,0.6696
1778666669.9998,1866,695,Right,0.9723,0.6441
1778666670.1637,1628,556,Right,0.8481,0.5153
1778666670.1938,1347,468,Right,0.7017,0.4341
1778666670.3444,1083,386,Center,0.5644,0.3576
1778666670.3769,826,320,Center,0.4304,0.2969
1778666670.5099,600,278,Left,0.3128,0.2581
1778666670.5499,581,342,Left,0.3031,0.3176
1778666670.6967,604,357,Left,0.3147,0.3307
1778666670.7388,608,382,Left,0.3168,0.3546
1778666670.8797,609,406,Left,0.3174,0.3766
1778666670.9143,617,420,Left,0.3219,0.3895
1778666671.0419,620,439,Left,0.3234,0.4071
1778666671.0719,633,450,Left,0.3299,0.4174
1778666671.2282,643,443,Left,0.335,0.4107
1778666671.2552,662,421,Left,0.3451,0.3899
1778666671.3938,675,396,Left,0.3519,0.3674
1778666671.4289,680,392,Left,0.3543,0.3638
1778666671.5711,672,395,Left,0.3504,0.3661
1778666671.6127,649,399,Left,0.3384,0.37
1778666671.7515,621,397,Left,0.3239,0.3677
1778666671.7882,596,396,Left,0.3105,0.3671
1778666671.9225,578,370,Left,0.3012,0.3434
1778666671.9592,573,371,Left,0.2985,0.3437
1778666672.1054,588,371,Left,0.3067,0.3438
1778666672.1449,595,394,Left,0.3104,0.3656
1778666672.2881,601,418,Left,0.3135,0.3873
1778666672.3276,613,420,Left,0.3196,0.3894
1778666672.4748,615,397,Left,0.3205,0.3681
1778666672.5194,603,374,Left,0.3144,0.3465
1778666672.6664,600,377,Left,0.3125,0.3491
1778666672.702,596,375,Left,0.3107,0.3474
1778666672.8298,589,397,Left,0.3072,0.3678
1778666672.8708,575,390,Left,0.2998,0.3618
1778666672.9992,570,379,Left,0.2973,0.3516
1778666673.0408,833,359,Center,0.434,0.3326
1778666673.1998,1100,420,Center,0.5732,0.3896
1778666674.025,1367,453,Right,0.7123,0.4199
1778666674.1648,1640,511,Right,0.8543,0.4737
1778666674.2014,1840,542,Right,0.9587,0.5019
1778666674.3318,1790,590,Right,0.9326,0.5463
1778666674.3689,1725,550,Right,0.8984,0.5096
1778666674.5185,1674,568,Right,0.8723,0.5262
1778666674.5656,1554,572,Right,0.8095,0.5306
1778666674.722,1510,605,Right,0.7869,0.5608
1778666674.7747,1461,639,Right,0.7613,0.592
1778666674.9212,1450,688,Right,0.7556,0.6373
1778666674.9672,1500,701,Right,0.7817,0.6497
1778666675.1084,1621,723,Right,0.8445,0.6701
1778666675.1459,1727,693,Right,0.8997,0.6422
1778666675.2718,1688,574,Right,0.8795,0.532
1778666675.3095,1655,462,Right,0.8622,0.4285
1778666675.4272,1544,406,Right,0.8043,0.3764
1778666675.4592,1435,335,Right,0.7478,0.3111
1778666675.6001,1312,345,Right,0.6838,0.3199
1778666675.6341,1331,392,Right,0.6933,0.3633
1778666675.7862,1306,434,Right,0.6807,0.4026
1778666675.9582,1271,412,Right,0.6624,0.382
1778666675.9873,1256,402,Right,0.6544,0.3728
1778666676.1311,1215,357,Right,0.6328,0.3314
1778666676.1636,1230,375,Right,0.6411,0.3481
1778666676.2907,1244,387,Right,0.6482,0.3585
1778666676.3353,1278,422,Right,0.6657,0.3908
1778666676.4612,1295,467,Right,0.6748,0.4327
1778666676.5058,1349,530,Right,0.7028,0.4915
1778666676.6486,1337,552,Right,0.6964,0.5114
1778666676.6796,1361,548,Right,0.7091,0.5082
1778666676.819,1375,538,Right,0.7163,0.4987
1778666676.8546,1397,526,Right,0.7279,0.4872
1778666676.9909,1437,506,Right,0.7485,0.4691
1778666677.0239,1471,480,Right,0.7662,0.4451
1778666677.1867,1453,468,Right,0.7568,0.4339
1778666677.2208,1443,453,Right,0.7518,0.4195
1778666677.3512,1405,436,Right,0.7318,0.4045
1778666677.3827,1408,419,Right,0.7337,0.3888
1778666677.5323,1405,426,Right,0.732,0.3947
1778666677.5678,1426,443,Right,0.7428,0.4104
1778666677.7227,1435,457,Right,0.7475,0.424
1778666677.7557,1484,468,Right,0.7733,0.4338
1778666677.8961,1503,473,Right,0.783,0.4388
1778666677.9251,1542,453,Right,0.8033,0.42
1778666678.0644,1556,430,Right,0.8105,0.3983
1778666678.1014,1573,442,Right,0.8197,0.41
1778666678.2357,1558,448,Right,0.8116,0.4151
1778666678.2763,1530,460,Right,0.7973,0.4268
1778666678.4112,1500,379,Right,0.7813,0.3518
1778666678.4418,1457,352,Right,0.7589,0.3261
1778666678.6118,1420,329,Right,0.7396,0.3048
1778666678.6491,1393,311,Right,0.7256,0.2888
1778666678.7862,1346,318,Right,0.7011,0.2946
1778666678.8388,1306,408,Right,0.6804,0.378
1778666678.9826,1274,444,Right,0.664,0.4112
1778666679.0147,1301,441,Right,0.6779,0.409
1778666679.1467,1352,430,Right,0.7045,0.3984
1778666679.1897,1486,474,Right,0.7744,0.4389
1778666679.3321,1609,533,Right,0.8384,0.4943
1778666679.3733,1763,607,Right,0.9186,0.5624
1778666679.5016,1855,699,Right,0.9665,0.6475
1778666679.5367,1920,776,Right,1.0,0.719
1778666679.698,1920,782,Right,1.0,0.7246
1778666679.7368,1920,782,Right,1.0,0.7246
1778666679.8797,1920,782,Right,1.0,0.7246
1778666679.9177,1819,773,Right,0.9476,0.7166
1778666680.0587,1725,784,Right,0.8988,0.726
1778666680.0988,1624,766,Right,0.846,0.7101
1778666680.2412,1526,785,Right,0.795,0.7271
1778666680.2848,1452,767,Right,0.7566,0.7104
1778666680.4241,1458,733,Right,0.7596,0.6791
1778666680.4626,1471,685,Right,0.7666,0.6351
1778666680.5969,1494,641,Right,0.7782,0.5944
1778666680.634,1534,583,Right,0.799,0.5402
1778666680.7829,1549,571,Right,0.807,0.5296
1778666680.829,1572,564,Right,0.8192,0.5231
1778666680.9853,1572,549,Right,0.8188,0.5092
1778666681.0321,1518,526,Right,0.7907,0.4873
1778666681.1781,1454,515,Right,0.7575,0.477
1778666681.2167,1413,489,Right,0.7363,0.4531
1778666681.3568,1382,461,Right,0.7201,0.4273
1778666681.4036,1364,427,Right,0.7109,0.3954
1778666681.5411,1356,411,Right,0.7063,0.3806
1778666681.5877,1339,395,Right,0.6979,0.3658
1778666681.725,1303,376,Right,0.6792,0.3482
1778666681.7605,1277,357,Right,0.6651,0.3312
1778666681.8987,1252,341,Right,0.6523,0.3157
1778666681.9338,1267,336,Right,0.66,0.3114
1778666682.0812,1285,331,Right,0.6697,0.3069
1778666682.1199,1281,327,Right,0.6673,0.3035
1778666682.2692,1273,349,Right,0.6635,0.324
1778666682.3016,1258,374,Right,0.6557,0.3469
1778666682.4525,1256,386,Right,0.6546,0.3574
1778666682.4835,1250,391,Right,0.6512,0.3625
1778666682.6207,1264,391,Right,0.6584,0.3627
1778666682.6728,1272,385,Right,0.6628,0.3572
1778666682.7988,1282,373,Right,0.6678,0.3459
1778666682.8415,1291,361,Right,0.6728,0.3344
1778666682.997,1290,352,Right,0.672,0.3264
1778666683.0336,1282,344,Right,0.6679,0.3188
1778666683.1687,1291,341,Right,0.6725,0.3159
1778666683.2035,1304,355,Right,0.6792,0.3292
1778666683.3493,1308,370,Right,0.6814,0.3428
1778666683.3869,1298,385,Right,0.6763,0.3571
1778666683.5454,1295,401,Right,0.6748,0.3715
1778666683.576,1283,420,Right,0.6684,0.389
1778666683.7125,1268,422,Right,0.6606,0.3915
1778666683.7617,1246,408,Right,0.6492,0.3784
1778666683.9015,1254,398,Right,0.6534,0.3693
1778666683.9366,1242,390,Right,0.6471,0.362
1778666684.0678,1226,379,Right,0.6387,0.3518
1778666684.1108,1223,364,Right,0.6373,0.3376
1778666684.2599,1246,365,Right,0.6493,0.3387
1778666684.2889,1263,360,Right,0.658,0.3335
1778666684.4471,1291,358,Right,0.6726,0.332
1778666684.4911,1337,374,Right,0.6967,0.3471
1778666684.6304,1357,397,Right,0.7072,0.3677
1778666684.669,1291,326,Right,0.6728,0.3023
1778666684.8198,1291,326,Right,0.6728,0.3023
1778666684.8615,1115,268,Center,0.581,0.2486
1778666685.0105,950,236,Center,0.4949,0.219
1778666685.0561,783,226,Center,0.408,0.2102
1778666685.2,641,213,Left,0.3339,0.198
1778666685.2425,567,282,Left,0.2958,0.2614
1778666685.3798,610,343,Left,0.3179,0.3179
1778666685.42,648,361,Left,0.338,0.3351
1778666685.5704,665,363,Left,0.3468,0.3366
1778666685.6185,657,364,Left,0.3423,0.3372
1778666685.773,651,375,Left,0.3391,0.3477
1778666685.8135,668,303,Left,0.3481,0.2814
1778666685.9554,894,385,Center,0.4658,0.3565
1778666686.005,1146,459,Center,0.597,0.4251
1778666686.1614,1410,528,Right,0.7344,0.4894
1778666686.1961,1669,581,Right,0.8695,0.5384
1778666686.3519,1898,713,Right,0.989,0.6608
1778666686.386,1920,717,Right,1.0,0.6646
1778666686.5233,1920,708,Right,1.0,0.6564
1778666686.5654,1920,711,Right,1.0,0.6586
1778666686.6978,1920,732,Right,1.0,0.678
1778666686.7405,1837,702,Right,0.9569,0.6501
1778666686.8739,1723,638,Right,0.8976,0.5914
1778666686.9114,1605,579,Right,0.836,0.5362
1778666687.0506,1449,527,Right,0.7551,0.488
1778666687.0822,1327,459,Right,0.6914,0.4251
1778666687.2335,1295,441,Right,0.6748,0.4092
1778666687.2829,1315,473,Right,0.685,0.4388
1778666687.4326,1361,499,Right,0.7093,0.4622
1778666687.4717,1517,523,Right,0.7901,0.4845
1778666687.6137,1639,568,Right,0.8539,0.5264
1778666687.6518,1754,600,Right,0.9136,0.556
1778666687.7945,1848,638,Right,0.9626,0.5911
1778666687.834,1808,740,Right,0.942,0.6853
1778666687.9663,1698,831,Right,0.8846,0.7699
1778666688.0019,1584,906,Right,0.8251,0.8393
1778666688.1454,1481,910,Right,0.7715,0.8427
1778666688.1799,1390,858,Right,0.7243,0.7951
1778666688.3296,1398,735,Right,0.7283,0.6809
1778666688.3657,1373,640,Right,0.7152,0.5931
1778666688.5035,1366,515,Right,0.7116,0.4769
1778666688.536,1361,474,Right,0.7089,0.439
1778666688.6723,1340,454,Right,0.6982,0.4211
1778666688.7184,1342,439,Right,0.6994,0.4068
1778666688.8545,1366,407,Right,0.7116,0.3773
1778666688.9056,1353,419,Right,0.7048,0.3887
1778666689.0409,1328,414,Right,0.6919,0.3839
1778666689.075,1305,427,Right,0.6801,0.3956
1778666689.2155,1298,436,Right,0.6761,0.404
1778666689.2536,1295,432,Right,0.6747,0.4003
1778666689.4052,1313,444,Right,0.6841,0.412
1778666689.4555,1323,465,Right,0.6894,0.4312
1778666689.6076,1325,458,Right,0.6901,0.4249
1778666689.6543,1283,450,Right,0.6683,0.4168
1778666689.8011,1272,439,Right,0.6626,0.407
1778666689.838,1266,411,Right,0.6595,0.3812
1778666689.9857,1257,415,Right,0.655,0.3843
1778666690.0288,1262,419,Right,0.6577,0.3888
1778666690.1676,1286,426,Right,0.6701,0.3948
1778666690.2187,1293,439,Right,0.6737,0.4069
1778666690.3539,1276,456,Right,0.6648,0.4229
1778666690.3896,1275,448,Right,0.6642,0.4157
1778666690.5391,1264,421,Right,0.6587,0.3901
1778666690.5757,1249,405,Right,0.651,0.375
1778666690.7312,1231,385,Right,0.6412,0.3573
1778666690.7818,1230,397,Right,0.6409,0.3678
1778666690.9337,1231,384,Right,0.6413,0.3557
1778666690.9817,1238,401,Right,0.645,0.3713
1778666691.1196,1250,415,Right,0.6511,0.3851
1778666691.1546,1283,438,Right,0.6683,0.4063
1778666691.2959,1422,490,Right,0.7411,0.454
1778666691.3304,1554,562,Right,0.8096,0.5208
1778666691.4574,1685,631,Right,0.8779,0.5849
1778666691.4939,1815,681,Right,0.9457,0.6311
1778666691.6533,1920,720,Right,1.0,0.6675
1778666691.6929,1894,702,Right,0.9865,0.6501
1778666691.8386,1832,598,Right,0.9545,0.5546
1778666691.8865,1689,460,Right,0.8798,0.4264
1778666692.0188,1556,382,Right,0.8105,0.3541
1778666692.0564,1416,318,Right,0.7377,0.2953
1778666692.1937,1298,250,Right,0.6762,0.2315
1778666692.2324,1194,274,Right,0.6219,0.2542
1778666692.3735,1190,335,Right,0.6199,0.3109
1778666692.4125,1177,350,Right,0.6132,0.3246
1778666692.5584,1162,352,Right,0.6055,0.3262
1778666692.6005,1182,383,Right,0.6157,0.3551
1778666692.7504,1222,413,Right,0.6369,0.3831
1778666692.792,1234,414,Right,0.6432,0.3836
1778666692.9533,1241,419,Right,0.6464,0.3881
1778666692.9964,1253,426,Right,0.6529,0.3952
1778666693.1618,1245,402,Right,0.6487,0.3723
1778666693.1974,1255,408,Right,0.654,0.3786
1778666693.3391,1278,443,Right,0.6661,0.4108
1778666693.3897,1309,477,Right,0.6819,0.4418
1778666693.5491,1344,507,Right,0.7002,0.4702
1778666693.5911,1375,529,Right,0.7164,0.4904
1778666693.7375,1375,516,Right,0.7165,0.4783
1778666693.7761,1327,408,Right,0.6914,0.3782
1778666693.923,1268,300,Right,0.6609,0.2785
1778666693.9721,1061,204,Center,0.5528,0.1896
1778666694.1144,910,179,Center,0.4743,0.1665
1778666694.1535,780,160,Center,0.4066,0.1484
1778666694.2833,684,241,Left,0.3567,0.2233
1778666694.3195,594,312,Left,0.3099,0.289
1778666694.4529,647,370,Left,0.3373,0.3431
1778666694.5035,640,383,Left,0.3339,0.3554
1778666694.6432,617,396,Left,0.3219,0.3668
1778666694.6782,612,400,Left,0.3191,0.3709
1778666694.833,609,414,Left,0.3173,0.3838
1778666694.8685,613,402,Left,0.3194,0.3723
1778666695.0002,613,402,Left,0.3194,0.3723
1778666695.0393,816,448,Center,0.4253,0.4149
1778666695.1831,993,462,Center,0.5177,0.4281
1778666695.2348,1172,497,Right,0.6104,0.4606
1778666695.3708,1310,506,Right,0.6826,0.4689
1778666695.4221,1431,544,Right,0.7453,0.504
1778666695.5727,1343,510,Right,0.6999,0.4725
1778666695.607,1295,509,Right,0.6746,0.4722
1778666695.747,1245,491,Right,0.6485,0.4555
1778666695.785,1217,468,Right,0.6339,0.4339
1778666695.936,1205,444,Right,0.628,0.4119
1778666695.9767,1201,416,Right,0.626,0.3855
1778666696.126,1195,384,Right,0.6229,0.3559
1778666696.1731,1184,360,Right,0.6171,0.3337
1778666696.3104,1193,373,Right,0.6215,0.3458
1778666696.3536,1224,371,Right,0.6379,0.3442
1778666696.4969,1268,394,Right,0.6608,0.3652
1778666696.5405,1302,437,Right,0.6784,0.4046
1778666696.6818,1357,454,Right,0.7071,0.4208
1778666696.734,1383,450,Right,0.7205,0.4169
1778666696.8708,1384,457,Right,0.7209,0.424
1778666696.919,1369,449,Right,0.7132,0.4158
1778666697.0554,1339,417,Right,0.6976,0.387
1778666697.1035,1279,393,Right,0.6662,0.3647
1778666697.2385,1269,340,Right,0.661,0.3149
1778666697.2741,1248,332,Right,0.6505,0.3082
1778666697.4378,1226,327,Right,0.6389,0.3037
1778666697.4728,1226,352,Right,0.6386,0.3263
1778666697.635,1224,366,Right,0.6379,0.3396
1778666697.6948,1202,448,Right,0.6262,0.4152
1778666697.8516,1187,483,Right,0.6183,0.448
1778666697.8867,1184,506,Right,0.6168,0.4688
1778666698.0249,1181,493,Right,0.6153,0.457
1778666698.0749,1175,487,Right,0.6124,0.4518
1778666698.2143,1178,458,Right,0.6139,0.4246
1778666698.2604,1167,444,Right,0.6078,0.4119
1778666698.3862,1149,420,Center,0.5988,0.389
1778666698.4207,1012,327,Center,0.5274,0.303
1778666698.5582,869,247,Center,0.4531,0.2295
1778666698.6037,758,235,Left,0.3952,0.2177
1778666698.7616,667,196,Left,0.3476,0.1817
1778666698.7992,567,188,Left,0.2957,0.1741
1778666698.9592,573,253,Left,0.2985,0.2347
1778666698.9987,602,324,Left,0.3141,0.3005
1778666699.1439,651,259,Left,0.3394,0.2403
1778666699.182,857,295,Center,0.4468,0.2735
1778666699.3511,1033,325,Center,0.5384,0.3012
1778666699.3942,1295,377,Right,0.6746,0.3491
1778666699.534,1564,424,Right,0.8148,0.3932
1778666699.5681,1772,577,Right,0.9234,0.5349
1778666699.7216,1821,639,Right,0.9488,0.5926
1778666699.7521,1821,639,Right,0.9488,0.5926
1778666699.9146,1748,541,Right,0.9108,0.5011
1778666699.9572,1599,530,Right,0.8328,0.4911
1778666700.0983,1465,527,Right,0.7633,0.4885
1778666700.134,1326,465,Right,0.6907,0.4307
1778666700.3067,1169,404,Right,0.6089,0.3745
1778666700.3382,1190,494,Right,0.6198,0.4579
1778666700.4827,1228,488,Right,0.6396,0.4519
1778666700.5132,1247,476,Right,0.6495,0.4416
1778666700.6614,1259,492,Right,0.6559,0.4561
1778666700.7166,1287,508,Right,0.6707,0.4713
1778666700.8665,1290,524,Right,0.6724,0.486
1778666700.9118,1303,527,Right,0.6787,0.4887
1778666701.0467,1301,523,Right,0.678,0.4847
1778666701.0807,1310,517,Right,0.6824,0.4794
1778666701.2097,1319,512,Right,0.6872,0.4747
1778666701.2472,1304,508,Right,0.6796,0.4708
1778666701.379,1275,507,Right,0.6645,0.4698
1778666701.417,1243,506,Right,0.6476,0.4693
1778666701.5721,1221,507,Right,0.6364,0.4697
1778666701.6061,1214,507,Right,0.6325,0.4701
1778666701.7595,1230,506,Right,0.6411,0.469
1778666701.8021,1243,504,Right,0.6478,0.4676
1778666701.9402,1261,504,Right,0.6568,0.467
1778666701.9729,1268,504,Right,0.6607,0.4674
1778666702.1036,1260,503,Right,0.6568,0.4663
1778666702.1523,1260,504,Right,0.6565,0.4674
1778666702.2914,1261,506,Right,0.6568,0.4688
1778666702.3339,1258,491,Right,0.6555,0.4551
1778666702.4567,1256,478,Right,0.6542,0.4429
1778666702.4932,1244,445,Right,0.6484,0.412
1778666702.628,1228,412,Right,0.6397,0.3819
1778666702.681,1263,401,Right,0.6579,0.3719
1778666702.835,1283,412,Right,0.6686,0.3824
1778666702.871,1304,400,Right,0.6794,0.3709
1778666703.0138,1335,409,Right,0.6958,0.379
1778666703.0474,1387,400,Right,0.7225,0.3706
1778666703.1955,1395,436,Right,0.7269,0.4037
1778666703.2311,1432,459,Right,0.746,0.4255
1778666703.3774,1534,525,Right,0.7994,0.4869
1778666703.4132,1649,578,Right,0.8589,0.5353
1778666703.5518,1745,645,Right,0.909,0.5979
1778666703.5974,1831,647,Right,0.9541,0.5997
1778666703.7322,1908,655,Right,0.994,0.607
1778666703.7689,1920,644,Right,1.0,0.5965
1778666703.9077,1920,646,Right,1.0,0.5983
1778666703.9458,1920,663,Right,1.0,0.6145
1778666704.0892,1908,610,Right,0.9939,0.5652
1778666704.1259,1818,547,Right,0.947,0.5073
1778666704.2787,1712,487,Right,0.8918,0.4512
1778666704.3253,1572,447,Right,0.8189,0.414
1778666704.4451,1433,396,Right,0.7465,0.3667
1778666704.5068,1285,386,Right,0.6696,0.3576
1778666704.6408,1205,388,Right,0.6276,0.3595
1778666704.692,1179,389,Right,0.6143,0.361
1778666704.8408,1171,371,Right,0.6102,0.3437
1778666704.8774,1184,350,Right,0.617,0.3242
1778666705.0102,1220,356,Right,0.6355,0.3298
1778666705.0607,1247,360,Right,0.6497,0.334
1778666705.2157,1238,362,Right,0.6448,0.3353
1778666705.2647,1217,366,Right,0.6342,0.3389
1778666705.4196,1180,373,Right,0.6149,0.3454
1778666705.4527,1153,401,Right,0.601,0.3721
1778666705.5935,1148,430,Center,0.5984,0.3989
1778666705.637,1150,437,Center,0.5991,0.4052
1778666705.7605,1186,442,Right,0.6177,0.4093
1778666705.8014,1218,443,Right,0.6345,0.4111
1778666705.9329,1238,425,Right,0.6453,0.3942
1778666705.9758,1256,409,Right,0.6544,0.3794
1778666706.1227,1253,418,Right,0.6527,0.3878
1778666706.1672,1264,428,Right,0.6588,0.3968
1778666706.3185,1275,436,Right,0.6643,0.4043
1778666706.3686,1276,454,Right,0.6646,0.4211
1778666706.5079,1247,453,Right,0.6499,0.42
1778666706.5559,1247,453,Right,0.6499,0.42
1778666706.6949,1247,453,Right,0.6499,0.42
1778666706.7416,1226,444,Right,0.6386,0.4112
1778666706.8967,1191,453,Right,0.6204,0.4199
1778666706.9342,1158,449,Right,0.6036,0.4164
1778666707.0836,1134,433,Center,0.5911,0.4018
1778666707.1331,1207,451,Right,0.6289,0.4183
1778666707.2574,1315,483,Right,0.6854,0.4473
1778666707.2866,1438,533,Right,0.749,0.494
1778666707.436,1566,571,Right,0.8159,0.5294
1778666707.4752,1718,610,Right,0.8948,0.565
1778666707.6308,1800,625,Right,0.9378,0.5792
1778666707.6739,1856,646,Right,0.967,0.5983
1778666707.8125,1889,639,Right,0.9843,0.5924
1778666707.8467,1914,641,Right,0.997,0.5937
1778666707.9855,1909,639,Right,0.9946,0.5922
1778666708.021,1913,648,Right,0.9967,0.6007
1778666708.1562,1913,643,Right,0.9967,0.5963
1778666708.2,1732,538,Right,0.9023,0.4985
1778666708.3612,1550,412,Right,0.8076,0.3819
1778666708.3977,1364,291,Right,0.7107,0.2695
1778666708.5497,1364,291,Right,0.7107,0.2695
1778666708.5953,1234,278,Right,0.643,0.2576
1778666708.7697,1104,293,Center,0.5753,0.2713
1778666708.8023,1154,363,Right,0.6013,0.3363
1778666708.9526,1209,460,Right,0.6299,0.4267
1778666708.9988,1281,544,Right,0.6673,0.5041
1778666709.1417,1308,520,Right,0.6813,0.4823
1778666709.1798,1400,492,Right,0.7296,0.4562
1778666709.3251,1471,499,Right,0.7666,0.4622
1778666709.3727,1528,503,Right,0.7961,0.4659
1778666709.5211,1574,519,Right,0.8202,0.4807
1778666709.5616,1612,529,Right,0.84,0.4904
1778666709.7027,1587,516,Right,0.8271,0.4782
1778666709.7554,1627,535,Right,0.8478,0.496
1778666709.8874,1685,581,Right,0.8781,0.5382
1778666709.931,1758,627,Right,0.916,0.5811
1778666710.0773,1768,638,Right,0.9208,0.5911
1778666710.1134,1695,657,Right,0.8832,0.6089
1778666710.2598,1647,650,Right,0.8579,0.6025
1778666710.3104,1652,641,Right,0.8609,0.5943
1778666710.4668,1654,634,Right,0.8618,0.5871
1778666710.5144,1710,649,Right,0.8907,0.6013
1778666710.6536,1844,656,Right,0.9607,0.6082
1778666710.6891,1913,657,Right,0.9967,0.609
1778666710.8696,1920,646,Right,1.0,0.5988
1778666710.9247,1920,646,Right,1.0,0.5988
1778666711.0748,1920,646,Right,1.0,0.5988
1778666711.1075,1743,567,Right,0.9079,0.5254
1778666711.2624,1551,519,Right,0.8083,0.4809
1778666711.3015,1376,486,Right,0.7172,0.4508
1778666711.4359,1195,467,Right,0.6227,0.4331
1778666711.4856,1011,428,Center,0.5269,0.3967
1778666711.6253,1025,457,Center,0.5344,0.4239
1778666711.6719,1043,463,Center,0.5436,0.4288
1778666711.8001,1044,454,Center,0.5439,0.4212
1778666711.8472,1066,441,Center,0.5555,0.4091
1778666711.9831,1093,449,Center,0.5696,0.4161
1778666712.0176,1133,453,Center,0.5906,0.4201
1778666712.17,1184,472,Right,0.6168,0.4376
1778666712.2025,1232,505,Right,0.642,0.4677
1778666712.3409,1265,528,Right,0.6589,0.4892
1778666712.3802,1284,516,Right,0.6689,0.4778
1778666712.5205,1253,537,Right,0.6529,0.4978
1778666712.5666,1205,532,Right,0.6277,0.4931
1778666712.7035,1155,497,Right,0.6018,0.4604
1778666712.7406,1103,462,Center,0.5745,0.4286
1778666712.881,1111,490,Center,0.5791,0.4545
1778666712.9236,1115,479,Center,0.5808,0.4443
1778666713.0575,1133,484,Center,0.5904,0.4489
1778666713.0916,1168,494,Right,0.6087,0.4577
1778666713.2337,1181,496,Right,0.6155,0.4599
1778666713.2773,1153,462,Right,0.6008,0.4279
1778666713.4153,1157,430,Right,0.6028,0.3989
1778666713.4508,1181,420,Right,0.6152,0.3895
1778666713.5976,1202,419,Right,0.6263,0.3885
1778666713.6403,1259,438,Right,0.6559,0.4057
1778666713.7988,1325,467,Right,0.6903,0.4326
1778666713.8619,1354,502,Right,0.7056,0.4654
1778666713.9894,1358,518,Right,0.7075,0.4804
1778666714.0511,1348,535,Right,0.7026,0.4956
1778666714.1933,1351,539,Right,0.7039,0.4992
1778666714.257,1323,538,Right,0.6891,0.4982
1778666714.4238,1330,532,Right,0.6929,0.4934
1778666714.471,1315,524,Right,0.6852,0.4855
1778666714.6183,1303,518,Right,0.6786,0.4802
1778666714.6718,1278,513,Right,0.6657,0.4754
1778666714.8067,1265,512,Right,0.6592,0.4744
1778666714.8438,1238,499,Right,0.6452,0.4626
1778666714.9984,1241,483,Right,0.6468,0.4481
1778666715.0385,1286,472,Right,0.6698,0.4375
1778666715.1791,1369,487,Right,0.7133,0.4512
1778666715.2166,1477,502,Right,0.7697,0.4657
1778666715.3538,1589,531,Right,0.8279,0.4926
1778666715.4014,1726,563,Right,0.8993,0.5214
1778666715.5341,1823,587,Right,0.95,0.544
1778666715.5757,1803,531,Right,0.9393,0.4918
1778666715.7116,1735,472,Right,0.9039,0.4379
1778666715.7586,1642,420,Right,0.8554,0.3896
1778666715.9027,1528,406,Right,0.7963,0.3767
1778666715.9449,1415,387,Right,0.7371,0.3586
1778666716.085,1368,414,Right,0.7127,0.3835
1778666716.1241,1347,424,Right,0.7018,0.3928
1778666716.2741,1353,428,Right,0.7051,0.3968
1778666716.3221,1364,399,Right,0.7104,0.3696
1778666716.4721,1367,375,Right,0.7122,0.348
1778666716.5411,1300,337,Right,0.6775,0.3125
1778666716.6991,1254,320,Right,0.6535,0.2964
1778666716.7653,1200,311,Right,0.6252,0.2889
1778666716.9322,1138,302,Center,0.5931,0.2798
1778666716.9923,1142,323,Center,0.5951,0.2998
1778666717.1498,1213,365,Right,0.6318,0.338
1778666717.2039,1266,311,Right,0.6596,0.2883
1778666717.3473,1296,294,Right,0.6755,0.2723
1778666717.3904,1355,352,Right,0.706,0.3264
1778666717.5227,1356,349,Right,0.7066,0.3236
1778666717.5658,1366,358,Right,0.7116,0.3316
1778666717.698,1367,461,Right,0.7121,0.4273
1778666717.7326,1405,515,Right,0.7319,0.4771
1778666717.8604,1409,491,Right,0.7342,0.4553
1778666717.896,1420,494,Right,0.7397,0.4576
1778666718.0443,1425,486,Right,0.7426,0.4504
1778666718.0839,1436,476,Right,0.7483,0.4411
1778666718.2347,1442,470,Right,0.7512,0.4355
1778666718.2828,1446,465,Right,0.7535,0.4309
1778666718.4223,1433,464,Right,0.7469,0.43
1778666718.4579,1421,465,Right,0.7402,0.4307
1778666718.5931,1406,465,Right,0.7324,0.431
1778666718.6426,1388,459,Right,0.7231,0.4257
1778666718.774,1375,447,Right,0.7165,0.4141
1778666718.8106,1375,443,Right,0.7163,0.4104
1778666718.9685,1378,438,Right,0.718,0.4063
1778666719.0067,1385,445,Right,0.7217,0.4121
1778666719.1547,1396,463,Right,0.7272,0.429
1778666719.1997,1400,491,Right,0.7293,0.4553
1778666719.3362,1394,486,Right,0.7262,0.4507
1778666719.3718,1418,503,Right,0.7389,0.4662
1778666719.5127,1455,505,Right,0.7579,0.4677
1778666719.5503,1470,467,Right,0.7659,0.4328
1778666719.7187,1492,424,Right,0.7773,0.3935
1778666719.7823,1509,418,Right,0.786,0.3874
1778666719.9154,1485,384,Right,0.7734,0.3557
1778666719.9604,1452,350,Right,0.7564,0.3244
1778666720.0972,1436,350,Right,0.7482,0.3245
1778666720.1343,1494,429,Right,0.7786,0.398
1778666720.2758,1584,476,Right,0.8255,0.4408
1778666720.3209,1690,529,Right,0.8803,0.4903
1778666720.4739,1788,584,Right,0.9313,0.5409
1778666720.5191,1886,654,Right,0.9828,0.6061
1778666720.6587,1912,635,Right,0.9963,0.5885
1778666720.6958,1920,659,Right,1.0,0.6105
1778666720.8328,1920,679,Right,1.0,0.6289
1778666720.8688,1920,710,Right,1.0,0.6583
1778666721.0048,1795,635,Right,0.9354,0.5881
1778666721.0554,1795,568,Right,0.9354,0.5261
1778666722.1794,1795,501,Right,0.9354,0.4642
1778666722.3259,1795,452,Right,0.9354,0.4191
1778666722.3606,1795,436,Right,0.9354,0.4044
1778666722.5,1920,538,Right,1.0,0.4986
1778666722.5501,1920,644,Right,1.0,0.5963
1778666722.6918,1920,725,Right,1.0,0.6716
1778666722.728,1849,686,Right,0.9633,0.6353
1778666722.8604,1709,601,Right,0.8903,0.5574
1778666722.8996,1598,533,Right,0.8326,0.4943
1778666723.042,1494,467,Right,0.7784,0.4329
1778666723.0763,1377,371,Right,0.7174,0.344
1778666723.2359,1344,386,Right,0.7,0.3578
1778666723.276,1387,411,Right,0.7229,0.3811
1778666723.4211,1403,398,Right,0.7309,0.3688
1778666723.4646,1439,381,Right,0.7498,0.3537
1778666723.6077,1499,397,Right,0.7812,0.3685
1778666723.6554,1545,405,Right,0.8049,0.3758
1778666723.7971,1583,405,Right,0.8247,0.3756
1778666723.8405,1653,435,Right,0.8611,0.4032
1778666723.9912,1687,464,Right,0.8789,0.4303
1778666724.042,1434,406,Right,0.7474,0.3767
1778666724.1951,1194,377,Right,0.622,0.3494
1778666724.244,972,354,Center,0.5066,0.3284
1778666724.3954,714,300,Left,0.3721,0.2783
1778666724.436,479,264,Left,0.2498,0.2445
1778666724.58,518,317,Left,0.2699,0.2943
1778666724.617,551,334,Left,0.287,0.3099
1778666724.7627,566,345,Left,0.2952,0.3197
1778666724.7989,587,353,Left,0.3062,0.3271
1778666724.9338,603,338,Left,0.3141,0.3135
1778666724.9674,664,261,Left,0.3461,0.2417
1778666725.1017,863,309,Center,0.4497,0.2863
1778666725.1388,1062,335,Center,0.5533,0.311
1778666725.2941,1257,395,Right,0.6551,0.366
1778666725.3497,1407,430,Right,0.7331,0.3983
1778666725.508,1538,534,Right,0.8012,0.4954
1778666725.5691,1499,508,Right,0.7809,0.4706
1778666725.703,1460,503,Right,0.7605,0.4665
1778666725.7416,1442,475,Right,0.7511,0.4401
1778666725.9,1454,451,Right,0.7574,0.4181
1778666725.9421,1475,450,Right,0.7686,0.4173
1778666726.0879,1523,470,Right,0.7936,0.4359
1778666726.123,1547,468,Right,0.806,0.4342
1778666726.2727,1555,468,Right,0.8102,0.4337
1778666726.3147,1538,461,Right,0.8015,0.4273
1778666726.4599,1488,425,Right,0.7753,0.3939
1778666726.499,1435,358,Right,0.7478,0.3317
1778666726.6405,1406,324,Right,0.7324,0.3005
1778666726.6801,1377,279,Right,0.7174,0.2585
1778666726.8198,1358,272,Right,0.7078,0.2524
1778666726.8634,1382,285,Right,0.7202,0.2645
1778666727.0051,1414,345,Right,0.7366,0.32
1778666727.0507,1409,360,Right,0.7339,0.3341
1778666727.206,1408,381,Right,0.7338,0.3529
1778666727.241,1445,415,Right,0.7529,0.385
1778666727.3808,1456,427,Right,0.7585,0.3957
1778666727.4144,1442,397,Right,0.7513,0.3684
1778666727.5528,1453,435,Right,0.7569,0.4032
1778666727.5989,1559,501,Right,0.8122,0.4642
1778666727.7404,1649,540,Right,0.8589,0.5009
1778666727.7851,1721,605,Right,0.8968,0.5605
1778666727.9417,1815,677,Right,0.9454,0.627
1778666727.9858,1920,717,Right,1.0,0.6647
1778666728.1291,1920,705,Right,1.0,0.6532
1778666728.1733,1920,724,Right,1.0,0.6707
1778666728.3249,1920,708,Right,1.0,0.656
1778666728.377,1920,677,Right,1.0,0.6269
1778666728.5149,1920,642,Right,1.0,0.5952
1778666728.5604,1920,636,Right,1.0,0.5897
1778666728.7155,1920,595,Right,1.0,0.5517
1778666728.7475,1920,573,Right,1.0,0.5308
1778666728.9116,1920,594,Right,1.0,0.5504
1778666728.9457,1920,575,Right,1.0,0.5333
1778666729.0704,1920,583,Right,1.0,0.5405
1778666729.1006,1920,590,Right,1.0,0.5465
1778666729.2434,1920,587,Right,1.0,0.544
1778666729.2955,1920,585,Right,1.0,0.5424
1778666729.4438,1920,622,Right,1.0,0.5762
1778666729.4771,1920,635,Right,1.0,0.5885
1778666729.6096,1920,655,Right,1.0,0.607
1778666729.6451,1920,706,Right,1.0,0.6546
1778666729.7975,1920,740,Right,1.0,0.6856
1778666729.8435,1920,754,Right,1.0,0.6985
1778666729.998,1920,781,Right,1.0,0.7232
1778666730.0371,1920,781,Right,1.0,0.7232
1778666730.1751,1813,714,Right,0.9443,0.662
1778666730.2252,1772,635,Right,0.9231,0.5887
1778666730.3519,1721,575,Right,0.8965,0.5327
1778666730.399,1662,554,Right,0.8659,0.5134
1778666730.5317,1610,519,Right,0.8386,0.4812
1778666730.5737,1664,572,Right,0.8671,0.5298
1778666730.7586,1644,603,Right,0.8567,0.5587
1778666730.7962,1636,612,Right,0.8525,0.5668
1778666730.9411,1634,600,Right,0.8512,0.5556
1778666730.9781,1623,557,Right,0.8454,0.5159
1778666731.1159,1608,555,Right,0.8377,0.514
1778666731.1568,1632,552,Right,0.85,0.512
1778666731.3158,1626,555,Right,0.8471,0.5146
1778666731.3632,1612,532,Right,0.84,0.4928
1778666731.4985,1591,539,Right,0.829,0.4998
1778666731.5495,1569,517,Right,0.8173,0.4792
1778666731.7102,1533,497,Right,0.7986,0.461
1778666731.7454,1516,503,Right,0.7898,0.466
1778666731.8718,1431,414,Right,0.7456,0.3843
1778666731.9045,1396,336,Right,0.7273,0.312
1778666732.0328,1357,249,Right,0.707,0.231
1778666732.065,1295,228,Right,0.6747,0.2118
1778666732.2056,1253,190,Right,0.6527,0.1763
1778666732.2398,1289,261,Right,0.6717,0.2423
1778666732.3667,1272,309,Right,0.6626,0.2866
1778666732.4047,1282,391,Right,0.6681,0.3625
1778666732.5284,1263,430,Right,0.6583,0.3989
1778666732.564,1267,457,Right,0.6604,0.4234
1778666732.7046,1211,405,Right,0.6311,0.3752
1778666732.7349,1208,338,Right,0.6297,0.3136
1778666732.8751,1254,245,Right,0.6534,0.2271
1778666732.9162,1322,129,Right,0.6889,0.1198
1778666733.0526,1421,109,Right,0.7405,0.1013
1778666733.0897,1578,199,Right,0.8221,0.1846
1778666733.225,1698,313,Right,0.8846,0.2904
1778666733.267,1694,418,Right,0.8828,0.3875
1778666733.4122,1778,522,Right,0.9263,0.4842
1778666733.4527,1753,521,Right,0.9134,0.4825
1778666733.5906,1733,502,Right,0.903,0.4654
1778666733.6288,1636,495,Right,0.8525,0.4584
1778666733.7923,1591,506,Right,0.8289,0.4691
1778666733.8224,1591,506,Right,0.8289,0.4691
1778666733.9717,1591,506,Right,0.8289,0.4691
1778666734.0147,1555,452,Right,0.8103,0.4192
1778666734.1447,1514,472,Right,0.789,0.4374
1778666734.1834,1557,489,Right,0.8111,0.4536
1778666734.3168,1674,503,Right,0.8721,0.4661
1778666734.3574,1795,514,Right,0.9351,0.476
1778666734.4822,1833,510,Right,0.9547,0.4724
1778666734.5188,1911,422,Right,0.9956,0.3908
1778666734.6681,1883,344,Right,0.9812,0.3186
1778666734.7006,1869,307,Right,0.9739,0.285
1778666734.8261,1869,231,Right,0.9739,0.2143
1778666734.8706,1696,400,Right,0.8835,0.3711
1778666735.0169,1571,493,Right,0.8185,0.4572
1778666735.063,1466,478,Right,0.7639,0.4428
1778666735.2185,1317,458,Right,0.686,0.4246
1778666735.2536,1207,512,Right,0.629,0.4742
1778666735.4045,1267,367,Right,0.66,0.3404
1778666735.4401,1131,296,Center,0.5891,0.2743
1778666735.5674,987,325,Center,0.5144,0.3011
1778666735.6115,901,326,Center,0.4695,0.302
1778666735.7463,764,287,Left,0.3982,0.2664
1778666735.783,629,280,Left,0.328,0.2594
1778666735.9411,665,307,Left,0.3464,0.2846
1778666735.9776,686,339,Left,0.3576,0.3141
1778666736.1251,681,350,Left,0.3549,0.3244
1778666736.1671,680,361,Left,0.3543,0.3352
1778666736.3075,674,374,Left,0.3513,0.347
1778666736.3538,638,377,Left,0.3325,0.3494
1778666736.4958,629,373,Left,0.3277,0.3458
1778666736.5314,629,373,Left,0.3277,0.3458
1778666736.713,645,296,Left,0.3363,0.275
1778666736.7461,776,350,Center,0.4045,0.3246
1778666736.8846,961,401,Center,0.5009,0.3715
1778666736.9247,1135,426,Center,0.5913,0.395
1778666737.0586,1308,449,Right,0.6816,0.4162
1778666737.1073,1448,554,Right,0.7543,0.5137
1778666737.2442,1461,515,Right,0.7614,0.4773
1778666737.2773,1411,487,Right,0.7351,0.4515
1778666737.4388,1386,491,Right,0.7221,0.455
1778666737.4789,1369,495,Right,0.7132,0.4587
1778666737.6197,1366,486,Right,0.7115,0.4508
1778666737.6588,1368,492,Right,0.7127,0.4562
1778666737.8049,1388,489,Right,0.7234,0.4536
1778666737.8406,1381,485,Right,0.7197,0.4493
1778666737.9705,1359,479,Right,0.708,0.4443
1778666738.0103,1346,473,Right,0.7014,0.4381
1778666738.1515,1332,465,Right,0.6942,0.4313
1778666738.1866,1327,453,Right,0.6913,0.42
1778666738.3319,1332,440,Right,0.6938,0.4076
1778666738.3689,1343,423,Right,0.6998,0.3923
1778666738.5113,1343,423,Right,0.6998,0.3923
1778666738.5605,1458,483,Right,0.7597,0.4475
1778666738.7085,1572,525,Right,0.819,0.487
1778666738.7432,1677,577,Right,0.8738,0.5347
1778666738.9005,1801,626,Right,0.9383,0.5803
1778666738.9356,1920,672,Right,1.0,0.6222
1778666739.071,1920,642,Right,1.0,0.5945
1778666739.1081,1920,628,Right,1.0,0.582
1778666739.2392,1920,610,Right,1.0,0.5651
1778666739.2788,1920,597,Right,1.0,0.5534
1778666739.4302,1920,595,Right,1.0,0.5516
1778666739.4649,1920,595,Right,1.0,0.5518
1778666739.6362,1915,596,Right,0.9976,0.5521
1778666739.6783,1915,599,Right,0.9976,0.5547
1778666739.8291,1915,602,Right,0.9976,0.5576
1778666739.8677,1906,605,Right,0.9928,0.5604
1778666740.0135,1898,608,Right,0.989,0.5633
1778666740.0475,1807,529,Right,0.9415,0.4905
1778666740.1963,1713,409,Right,0.8924,0.3787
1778666740.2324,1620,287,Right,0.8442,0.2658
1778666740.3793,1534,164,Right,0.7994,0.152
1778666740.4185,1444,136,Right,0.7525,0.1266
1778666740.5483,1442,170,Right,0.7514,0.1579
1778666740.5839,1438,254,Right,0.7492,0.2359
1778666740.7176,1426,339,Right,0.743,0.3143
1778666740.7682,1393,426,Right,0.7258,0.3947
1778666740.9191,1361,417,Right,0.709,0.387
1778666740.9564,1316,430,Right,0.6855,0.3984
1778666741.0951,1285,433,Right,0.6694,0.4016
1778666741.1333,1257,432,Right,0.6548,0.4007
1778666741.2686,1253,428,Right,0.653,0.3964
1778666741.3114,1253,428,Right,0.653,0.3964
1778666741.4533,1253,428,Right,0.653,0.3964
1778666741.4919,1230,390,Right,0.6406,0.3612
1778666741.6201,1219,383,Right,0.6353,0.3551
1778666741.6707,1200,383,Right,0.6253,0.3551
1778666741.8074,1212,391,Right,0.6313,0.3623
1778666741.843,1217,386,Right,0.6344,0.3577
1778666741.9846,1245,419,Right,0.6487,0.3882
1778666742.0116,1273,428,Right,0.6633,0.3972
1778666742.1589,1298,437,Right,0.6763,0.4054
1778666742.1959,1295,445,Right,0.675,0.4126
1778666742.3438,1307,468,Right,0.6812,0.4341
1778666742.3904,1336,478,Right,0.696,0.443
1778666742.5282,1347,479,Right,0.7016,0.4442
1778666742.5758,1360,485,Right,0.7086,0.4492
1778666742.7172,1363,488,Right,0.71,0.4526
1778666742.7603,1350,498,Right,0.7035,0.4616
1778666742.8948,1322,517,Right,0.6889,0.4793
1778666742.9359,1314,505,Right,0.6846,0.468
1778666743.0839,1311,480,Right,0.683,0.4445
1778666743.1185,1311,480,Right,0.683,0.4445
1778666743.259,1311,480,Right,0.683,0.4445
1778666743.3047,1310,476,Right,0.6827,0.4416
1778666743.4625,1305,480,Right,0.6799,0.4446
1778666743.5003,1291,445,Right,0.6725,0.4123
1778666743.6318,1265,445,Right,0.6591,0.4126
1778666743.6733,1248,450,Right,0.6504,0.4171
1778666743.8184,1250,433,Right,0.6513,0.4014
1778666743.8545,1255,408,Right,0.654,0.3782
1778666743.9889,1271,436,Right,0.6624,0.4044
1778666744.0345,1335,439,Right,0.6958,0.4071
1778666744.1897,1466,499,Right,0.7638,0.4628
1778666744.2296,1585,553,Right,0.826,0.5126
1778666744.3747,1712,608,Right,0.8919,0.5631
1778666744.4162,1836,637,Right,0.9563,0.5907
1778666744.5637,1920,683,Right,1.0,0.6329
1778666744.6028,1920,667,Right,1.0,0.6184
1778666744.7625,1920,656,Right,1.0,0.6079
1778666744.8105,1890,634,Right,0.9846,0.5872
1778666744.9519,1800,575,Right,0.9378,0.5331
1778666744.9995,1753,567,Right,0.9132,0.5251
1778666745.1327,1737,576,Right,0.9048,0.5337
1778666745.1723,1716,568,Right,0.8943,0.5262
1778666745.3246,1746,557,Right,0.9094,0.5163
1778666745.3737,1836,622,Right,0.9563,0.5763
1778666745.5006,1883,640,Right,0.9808,0.5928
1778666745.5402,1899,620,Right,0.9892,0.5748
1778666745.6977,1919,620,Right,0.9998,0.5742
1778666745.7448,1920,627,Right,1.0,0.5807
1778666745.9027,1920,603,Right,1.0,0.5591
1778666745.9407,1920,584,Right,1.0,0.5413
1778666746.0852,1920,586,Right,1.0,0.5428
1778666746.1224,1920,606,Right,1.0,0.562
1778666746.2613,1920,618,Right,1.0,0.5731
1778666746.2994,1920,626,Right,1.0,0.5797
1778666746.4352,1920,636,Right,1.0,0.5895
1778666746.4729,1920,653,Right,1.0,0.6048
1778666746.6432,1920,651,Right,1.0,0.603
1778666746.6723,1920,636,Right,1.0,0.5891
1778666746.8146,1920,631,Right,1.0,0.5844
1778666746.8459,1908,597,Right,0.9942,0.5533
1778666746.9884,1876,566,Right,0.9775,0.5244
1778666747.0196,1856,553,Right,0.967,0.5129
1778666747.161,1835,569,Right,0.9562,0.5269
1778666747.195,1833,566,Right,0.9547,0.5242
1778666747.333,1844,589,Right,0.9605,0.5454
1778666747.3629,1876,611,Right,0.9772,0.566
1778666747.4979,1896,617,Right,0.9877,0.5718
1778666747.5319,1818,492,Right,0.9474,0.4564
1778666747.6622,1717,376,Right,0.8944,0.3488
1778666747.7068,1410,305,Right,0.7347,0.2828
1778666747.8446,1165,228,Right,0.6072,0.2115
1778666747.8797,930,163,Center,0.4847,0.151
1778666748.0302,785,227,Center,0.409,0.2104
1778666748.0603,640,300,Left,0.3337,0.2782
1778666748.2028,693,327,Left,0.3611,0.303
1778666748.2404,687,341,Left,0.3579,0.3161
1778666748.3698,665,337,Left,0.3468,0.3122
1778666748.4045,650,350,Left,0.3386,0.325
1778666748.5395,649,358,Left,0.3381,0.3321
1778666748.5646,646,354,Left,0.3367,0.3285
1778666748.7136,640,361,Left,0.3336,0.335
1778666748.7608,633,371,Left,0.3299,0.3442
1778666748.8998,628,360,Left,0.3273,0.3337
1778666748.9303,596,349,Left,0.3106,0.3234
1778666749.0752,599,314,Left,0.3125,0.2908
1778666749.1063,754,335,Left,0.3928,0.3104
1778666749.2417,754,335,Left,0.3928,0.3104
1778666749.2738,1017,425,Center,0.5302,0.3936
1778666749.4194,1282,527,Right,0.6678,0.4882
1778666749.4489,1564,612,Right,0.8148,0.5673
1778666749.5867,1817,729,Right,0.9465,0.6754
1778666749.6187,1920,769,Right,1.0,0.7128
1778666749.7625,1920,743,Right,1.0,0.6885
1778666749.7931,1920,701,Right,1.0,0.6496
1778666749.9358,1920,675,Right,1.0,0.6255
1778666749.9685,1920,651,Right,1.0,0.6036
1778666750.1145,1920,648,Right,1.0,0.6008
1778666750.1537,1920,631,Right,1.0,0.5848
1778666750.2859,1920,616,Right,1.0,0.5705
1778666750.316,1920,627,Right,1.0,0.5808
1778666750.4608,1920,639,Right,1.0,0.5925
1778666750.4959,1920,652,Right,1.0,0.6042
1778666750.6226,1920,677,Right,1.0,0.6277
1778666750.652,1920,703,Right,1.0,0.6517
1778666750.8075,1920,705,Right,1.0,0.6528
1778666750.8536,1920,695,Right,1.0,0.6435
1778666750.9896,1920,686,Right,1.0,0.6354
1778666751.0277,1920,670,Right,1.0,0.6209
1778666751.1665,1920,654,Right,1.0,0.6062
1778666751.1987,1920,637,Right,1.0,0.5905
1778666751.329,1920,634,Right,1.0,0.5871
1778666751.3605,1920,633,Right,1.0,0.587
1778666751.4963,1920,636,Right,1.0,0.5896
1778666751.5409,1874,621,Right,0.9762,0.5757
1778666751.6782,1835,614,Right,0.956,0.5691
1778666751.7137,1835,623,Right,0.956,0.5774
1778666751.839,1835,635,Right,0.956,0.5881
1778666751.8635,1835,658,Right,0.956,0.6098
1778666752.0057,1881,673,Right,0.9798,0.624
1778666752.0378,1920,682,Right,1.0,0.6315
1778666752.1791,1893,640,Right,0.9862,0.5935
1778666752.2126,1814,617,Right,0.9452,0.5721
1778666752.3677,1725,582,Right,0.8985,0.5392
1778666752.3962,1648,563,Right,0.8588,0.5213
1778666752.528,1537,543,Right,0.8007,0.5033
1778666752.5605,1462,554,Right,0.7616,0.5131
1778666752.7005,1442,539,Right,0.7512,0.4997
1778666752.7306,1435,495,Right,0.7478,0.459
1778666752.8639,1435,495,Right,0.7478,0.459
1778666752.9026,1426,513,Right,0.7431,0.4756
1778666753.0425,1461,529,Right,0.761,0.4904
1778666753.0716,1442,525,Right,0.7514,0.4862
1778666753.2122,1419,524,Right,0.7394,0.4853
1778666753.2418,1389,562,Right,0.724,0.5212
1778666753.3811,1349,549,Right,0.7031,0.5088
1778666753.4126,1309,539,Right,0.6821,0.4997
1778666753.5526,1306,552,Right,0.6805,0.5114
1778666753.5821,1308,566,Right,0.6814,0.5241
1778666753.7423,1295,574,Right,0.6745,0.5316
1778666753.775,1285,556,Right,0.6693,0.5149
1778666753.9103,1273,538,Right,0.6635,0.499
1778666753.9438,1224,518,Right,0.6378,0.4797
1778666754.0867,1180,496,Right,0.6151,0.4594
1778666754.1173,1159,465,Right,0.6037,0.4312
1778666754.2555,1177,461,Right,0.6133,0.4275
1778666754.2885,1194,444,Right,0.6222,0.4119
1778666754.4269,1265,430,Right,0.659,0.3984
1778666754.4574,1322,406,Right,0.689,0.3762
1778666754.6111,1398,389,Right,0.7286,0.3607
1778666754.6487,1469,373,Right,0.7655,0.346
1778666754.796,1524,402,Right,0.7942,0.3727
1778666754.8281,1525,384,Right,0.7944,0.3557
1778666754.9896,1506,398,Right,0.7844,0.3692
1778666755.0207,1479,459,Right,0.7708,0.4258
1778666755.1728,1423,527,Right,0.7412,0.4883
1778666755.2066,1379,531,Right,0.7187,0.4919
1778666755.3596,1367,585,Right,0.712,0.5425
1778666755.3917,1442,610,Right,0.7513,0.5657
1778666755.5167,1483,588,Right,0.7729,0.5447
1778666755.5467,1506,562,Right,0.7847,0.5206
1778666755.6889,1513,565,Right,0.7882,0.5236
1778666755.7204,1512,567,Right,0.7878,0.5258
1778666755.8753,1461,455,Right,0.761,0.4221
1778666755.9079,1530,494,Right,0.7971,0.4578
1778666756.0502,1610,530,Right,0.839,0.4914
1778666756.0888,1703,563,Right,0.8873,0.5221
1778666756.2346,1818,592,Right,0.9471,0.5483
1778666756.2657,1920,734,Right,1.0,0.6806
1778666756.4053,1920,727,Right,1.0,0.6733
1778666756.4364,1920,732,Right,1.0,0.678
1778666756.5687,1762,584,Right,0.9181,0.5414
1778666756.6046,1690,558,Right,0.8803,0.5176
1778666756.7459,1616,538,Right,0.8419,0.499
1778666756.7769,1590,537,Right,0.8283,0.4976
1778666756.9057,1573,518,Right,0.8193,0.4798
1778666756.9518,1639,615,Right,0.8537,0.5701
1778666757.0886,1621,586,Right,0.8444,0.543
1778666757.1206,1561,505,Right,0.813,0.4681
1778666757.2565,1302,365,Right,0.6784,0.3386
1778666757.2931,1035,303,Center,0.5391,0.281
1778666757.4239,849,271,Center,0.4426,0.2512
1778666757.4595,666,253,Left,0.3471,0.2346
1778666757.6138,532,279,Left,0.2773,0.2585
1778666757.6459,567,367,Left,0.2956,0.3398
1778666757.7888,599,379,Left,0.3122,0.3514
1778666757.8269,613,396,Left,0.3195,0.3673
1778666757.9677,633,374,Left,0.3302,0.3465
1778666758.0178,781,308,Center,0.4072,0.2861
1778666758.1578,1018,314,Center,0.5307,0.2908
1778666758.1908,1271,394,Right,0.6623,0.3654
1778666758.3408,1534,450,Right,0.799,0.4169
1778666758.3789,1787,563,Right,0.931,0.5214
1778666758.5124,1907,721,Right,0.9936,0.6682
1778666758.55,1920,772,Right,1.0,0.7153
1778666758.6908,1920,744,Right,1.0,0.6891
1778666758.7319,1920,749,Right,1.0,0.6936
1778666758.8654,1920,730,Right,1.0,0.6768
1778666758.9037,1920,697,Right,1.0,0.6457
1778666759.0397,1920,692,Right,1.0,0.6412
1778666759.0778,1920,692,Right,1.0,0.6409
1778666759.2056,1920,690,Right,1.0,0.6396
1778666759.2432,1920,690,Right,1.0,0.6396
1778666759.3882,1790,598,Right,0.9327,0.5544
1778666759.4283,1664,579,Right,0.8668,0.537
1778666759.58,1539,528,Right,0.8019,0.4891
1778666759.6123,1410,502,Right,0.7347,0.4656
1778666759.7644,1283,482,Right,0.6687,0.447
1778666759.8091,1321,558,Right,0.6881,0.5174
1778666759.9506,1358,544,Right,0.7074,0.5046
1778666759.9929,1389,551,Right,0.7236,0.5106
1778666760.1318,1433,531,Right,0.7469,0.4921
1778666760.1699,1468,509,Right,0.7648,0.4718
1778666760.3177,1475,480,Right,0.7685,0.4449
1778666760.3662,1487,486,Right,0.7746,0.45
1778666760.5066,1512,496,Right,0.7875,0.4597
1778666760.5548,1516,505,Right,0.79,0.4683
1778666760.6905,1512,482,Right,0.7879,0.447
1778666760.7396,1510,466,Right,0.7865,0.4322
1778666760.8975,1496,451,Right,0.7794,0.4178
1778666760.9336,1453,413,Right,0.7568,0.3828
1778666761.0999,1419,378,Right,0.7391,0.3503
1778666761.134,1375,354,Right,0.7163,0.3279
1778666761.2739,1294,270,Right,0.6744,0.2508
1778666761.3195,1294,270,Right,0.6744,0.2508
1778666761.4563,1270,279,Right,0.6618,0.2587
1778666761.5014,1356,316,Right,0.7065,0.2928
1778666761.6509,1438,356,Right,0.749,0.3301
1778666761.695,1578,418,Right,0.822,0.3877
1778666761.8307,1746,534,Right,0.9094,0.495
1778666761.8695,1861,562,Right,0.9695,0.521
1778666762.0011,1888,580,Right,0.9835,0.5374
1778666762.0392,1920,585,Right,1.0,0.5423
1778666762.1915,1920,606,Right,1.0,0.5614
1778666762.2287,1920,606,Right,1.0,0.5614
1778666762.3741,1920,606,Right,1.0,0.5614
1778666762.4117,1687,490,Right,0.879,0.4542
1778666762.5451,1407,437,Right,0.7331,0.4047
1778666762.5731,1153,374,Right,0.6007,0.3471
1778666762.7034,891,328,Center,0.4644,0.304
1778666762.7549,630,257,Left,0.3283,0.2389
1778666762.9009,611,327,Left,0.3184,0.3035
1778666762.934,625,322,Left,0.3258,0.2986
1778666763.079,625,325,Left,0.3259,0.301
1778666763.1195,625,319,Left,0.3256,0.2962
1778666763.2665,639,316,Left,0.3331,0.2928
1778666763.3075,641,306,Left,0.3339,0.2834
1778666763.4658,653,302,Left,0.3403,0.2799
1778666763.5125,651,301,Left,0.3391,0.279
1778666763.6615,630,309,Left,0.3282,0.2863
1778666763.7142,637,322,Left,0.3319,0.2983
1778666763.8529,653,317,Left,0.3401,0.2937
1778666763.9051,663,328,Left,0.3456,0.304
1778666764.0605,678,333,Left,0.3532,0.3084
1778666764.097,730,316,Left,0.3806,0.2933
1778666764.2291,733,274,Left,0.382,0.2545
1778666764.2818,712,295,Left,0.3711,0.2738
1778666764.4191,728,305,Left,0.3794,0.2826
1778666764.4622,740,315,Left,0.3856,0.2923
1778666764.6018,740,334,Left,0.3856,0.31
1778666764.6369,755,380,Left,0.3934,0.3527
1778666764.7902,788,384,Center,0.4107,0.3556
1778666764.8282,793,379,Center,0.4131,0.351
1778666764.9723,790,369,Center,0.4115,0.3423
1778666765.0114,791,402,Center,0.412,0.3724
1778666765.1528,769,427,Center,0.4009,0.3958
1778666765.1934,750,430,Left,0.3911,0.3982
1778666765.3347,751,453,Left,0.3915,0.4201
1778666765.3764,749,466,Left,0.3902,0.4316
1778666765.5214,746,427,Left,0.3886,0.3962
1778666765.5943,746,418,Left,0.389,0.3875
1778666765.7363,758,398,Left,0.3949,0.3691
1778666765.7809,755,300,Left,0.3935,0.2783
1778666765.9204,775,222,Center,0.4038,0.2058
1778666765.954,1008,311,Center,0.525,0.2887
1778666766.0963,1250,371,Right,0.6513,0.3435
1778666766.1282,1476,436,Right,0.7691,0.4041
1778666766.2661,1701,568,Right,0.886,0.5264
1778666766.3033,1889,651,Right,0.9839,0.6034
1778666766.443,1889,628,Right,0.9839,0.5816
1778666766.4864,1709,474,Right,0.8905,0.4394
1778666766.6167,1431,376,Right,0.7455,0.3485
1778666766.6529,1192,325,Right,0.6211,0.3012
1778666766.8152,976,312,Center,0.5087,0.2898
1778666766.8607,752,260,Left,0.3919,0.2408
1778666767.0037,700,353,Left,0.3646,0.3271
1778666767.0448,756,402,Left,0.394,0.3728
1778666767.1822,768,401,Center,0.4,0.3714
1778666767.2358,775,409,Center,0.4039,0.3791
1778666767.3894,764,409,Left,0.398,0.3795
1778666767.4396,762,405,Left,0.3972,0.3755
1778666767.5899,758,415,Left,0.3952,0.3849
1778666767.625,747,428,Left,0.3891,0.3963
1778666767.7653,759,439,Left,0.3956,0.4073
1778666767.8079,760,447,Left,0.3959,0.4144
1778666767.9362,756,445,Left,0.3939,0.4127
1778666767.9758,785,388,Center,0.4094,0.3597
1778666768.1188,785,388,Center,0.4094,0.3597
1778666768.1665,1024,413,Center,0.5338,0.3826
1778666768.3035,1248,451,Right,0.6503,0.4184
1778666768.339,1483,443,Right,0.7727,0.4103
1778666768.4737,1720,463,Right,0.8962,0.4295
1778666768.5134,1920,547,Right,1.0,0.5074
1778666768.6575,1920,514,Right,1.0,0.4766
1778666768.6981,1920,496,Right,1.0,0.46
1778666768.8427,1920,539,Right,1.0,0.4998
1778666768.8798,1920,536,Right,1.0,0.4971
1778666769.0282,1920,530,Right,1.0,0.4915
1778666769.0703,1920,550,Right,1.0,0.5101
1778666769.2006,1920,536,Right,1.0,0.4963
1778666769.2392,1920,532,Right,1.0,0.4932
1778666769.3961,1920,562,Right,1.0,0.5212
1778666769.4291,1920,545,Right,1.0,0.5049
1778666769.5652,1920,524,Right,1.0,0.486
1778666769.6004,1639,474,Right,0.8539,0.4393
1778666769.7445,1369,427,Right,0.7135,0.3961
1778666769.7891,1107,387,Center,0.5767,0.3586
1778666769.9239,862,374,Center,0.4492,0.3465
1778666769.9665,612,387,Left,0.3192,0.3584
1778666770.1019,644,410,Left,0.3355,0.3798
1778666770.1385,648,410,Left,0.3377,0.3802
1778666770.2648,663,407,Left,0.3458,0.3773
1778666770.3054,669,388,Left,0.3489,0.3598
1778666770.4616,684,347,Left,0.3565,0.3215
1778666770.5108,694,373,Left,0.3617,0.3458
1778666770.6942,718,374,Left,0.374,0.3472
1778666770.7453,710,355,Left,0.3702,0.3289
1778666770.9281,683,350,Left,0.3558,0.3247
1778666770.9737,730,296,Left,0.3802,0.2743
1778666771.1127,821,252,Center,0.4279,0.2338
1778666771.1717,960,250,Center,0.5001,0.2324
1778666771.3419,1091,268,Center,0.5683,0.2483
1778666771.4055,1228,285,Right,0.6398,0.2642
1778666771.5516,1296,400,Right,0.675,0.3706
1778666771.5987,1286,425,Right,0.67,0.3936
1778666771.739,1226,439,Right,0.6386,0.4065
1778666771.7746,1170,409,Right,0.6098,0.3792
1778666771.9163,1106,399,Center,0.5764,0.3698
1778666771.9639,1042,353,Center,0.5431,0.3278
1778666772.1017,1008,352,Center,0.5254,0.3266
1778666772.1452,1001,339,Center,0.5216,0.3145
1778666772.2823,1020,347,Center,0.5317,0.3219
1778666772.3184,1082,370,Center,0.5637,0.3432
1778666772.4438,1129,381,Center,0.5885,0.3529
1778666772.4873,1166,399,Right,0.6076,0.3701
1778666772.6434,1194,412,Right,0.6222,0.3823
1778666772.692,1197,430,Right,0.6236,0.3983
1778666772.8279,1175,431,Right,0.6123,0.3993
1778666772.8755,1156,441,Right,0.6026,0.4087
1778666773.0228,1105,395,Center,0.5757,0.3658
1778666773.0574,981,309,Center,0.5111,0.2863
1778666773.1923,863,251,Center,0.4499,0.2327
1778666773.2399,771,223,Center,0.4016,0.2069
1778666773.3712,683,203,Left,0.356,0.1886
1778666773.4078,635,214,Left,0.3309,0.1986
1778666773.5486,665,273,Left,0.3465,0.2529
1778666773.5887,705,307,Left,0.3675,0.2849
1778666773.7386,711,314,Left,0.3705,0.2915
1778666773.7902,714,316,Left,0.3721,0.2932
1778666773.9291,732,331,Left,0.3816,0.3071
1778666773.9726,724,285,Left,0.3773,0.2646
1778666774.1297,713,253,Left,0.3714,0.235
1778666774.1697,709,250,Left,0.3693,0.2317
1778666774.3246,705,251,Left,0.3674,0.2325
1778666774.3587,696,256,Left,0.3626,0.2376
1778666774.4953,695,323,Left,0.3624,0.2994
1778666774.5425,694,372,Left,0.3617,0.345
1778666774.6812,691,388,Left,0.36,0.3595
1778666774.7152,690,391,Left,0.3596,0.3629
1778666774.8479,691,389,Left,0.3601,0.3604
1778666774.8859,692,381,Left,0.3607,0.353
1778666775.0362,704,359,Left,0.367,0.3326
1778666775.0783,824,360,Center,0.4297,0.3334
1778666775.2317,910,360,Center,0.4742,0.334
1778666775.2687,1024,377,Center,0.5338,0.3499
1778666775.4093,1119,395,Center,0.5832,0.3663
1778666775.4464,1219,430,Right,0.6354,0.3988
1778666775.5838,1205,444,Right,0.6281,0.412
1778666775.6264,1237,468,Right,0.6444,0.4337
1778666775.767,1242,479,Right,0.6469,0.4444
1778666775.8016,1276,518,Right,0.6646,0.4797
1778666775.9383,1267,548,Right,0.6603,0.5077
1778666775.9889,1257,582,Right,0.655,0.539
1778666776.1238,1228,593,Right,0.6396,0.5491
1778666776.1723,1197,596,Right,0.6238,0.5522
1778666776.3156,1159,578,Right,0.6041,0.5357
1778666776.3497,1153,569,Right,0.6006,0.5277
1778666776.4892,1156,556,Right,0.6022,0.5156
1778666776.53,1174,560,Right,0.6116,0.5194
1778666776.6607,1190,568,Right,0.6201,0.5262
1778666776.7037,1207,575,Right,0.6287,0.5326
1778666776.8337,1221,578,Right,0.6364,0.5354
1778666776.878,1220,581,Right,0.6359,0.5382
1778666777.0178,1212,583,Right,0.6313,0.5406
1778666777.0705,1217,590,Right,0.6339,0.5466
1778666777.2182,1180,596,Right,0.615,0.5522
1778666777.2537,1180,606,Right,0.6149,0.5617
1778666777.4076,1196,582,Right,0.6233,0.5392
1778666777.4443,1196,559,Right,0.6229,0.5177
1778666777.5887,1183,532,Right,0.6163,0.4934
1778666777.6298,1210,500,Right,0.6303,0.4634
1778666777.7703,1200,468,Right,0.6255,0.4337
1778666777.8169,1172,457,Right,0.6105,0.4234
1778666777.9582,1149,468,Center,0.5988,0.4337
1778666777.9938,1062,424,Center,0.5535,0.3929
1778666778.1401,1013,380,Center,0.5278,0.3523
1778666778.1804,917,371,Center,0.4776,0.3436
1778666778.3119,834,366,Center,0.4349,0.339
1778666778.345,757,355,Left,0.3944,0.3296
1778666778.4995,746,374,Left,0.3889,0.3469
1778666778.5351,689,409,Left,0.3589,0.3796
1778666778.687,672,406,Left,0.3502,0.3761
1778666778.729,680,406,Left,0.3543,0.3764
1778666778.8734,684,388,Left,0.3564,0.3598
1778666778.9155,664,385,Left,0.3463,0.3572
1778666779.0512,663,343,Left,0.3455,0.3185
1778666779.0919,722,262,Left,0.3762,0.2432
1778666779.2271,958,324,Center,0.4993,0.3007
1778666779.2707,1203,370,Right,0.6268,0.3427
1778666779.396,1467,433,Right,0.7643,0.4012
1778666779.4341,1721,506,Right,0.8968,0.4685
1778666779.5879,1920,616,Right,1.0,0.5705
1778666779.618,1920,587,Right,1.0,0.5435
1778666779.7815,1920,573,Right,1.0,0.5307
1778666779.8251,1797,518,Right,0.9364,0.4804
1778666779.9654,1671,464,Right,0.8704,0.4303
1778666780.0141,1549,435,Right,0.8071,0.4031
1778666780.1565,1441,403,Right,0.7506,0.3741
1778666780.1996,1328,396,Right,0.6917,0.367
1778666780.3486,1338,419,Right,0.6972,0.3887
1778666780.3856,1374,442,Right,0.7161,0.4097
1778666780.5286,1413,465,Right,0.7361,0.4314
1778666780.5817,1432,486,Right,0.746,0.4505
1778666780.7341,1439,481,Right,0.7497,0.4455
1778666780.7833,1414,460,Right,0.7366,0.4261
1778666780.9087,1348,456,Right,0.7024,0.4225
1778666780.9442,1272,423,Right,0.6625,0.3924
1778666781.0917,1207,394,Right,0.629,0.3652
1778666781.1307,1148,354,Center,0.598,0.3278
1778666781.278,1127,329,Center,0.587,0.3053
1778666781.3166,1125,304,Center,0.5862,0.2823
1778666781.4636,1125,284,Center,0.5863,0.2631
1778666781.5066,1115,303,Center,0.5812,0.2808
1778666781.6577,1114,332,Center,0.5803,0.308
1778666781.6977,1119,362,Center,0.5833,0.3353
1778666781.8405,1121,394,Center,0.5842,0.3655
1778666781.8891,1134,430,Center,0.5909,0.3986
1778666782.0254,1160,429,Right,0.6044,0.3979
1778666782.0614,1276,444,Right,0.6646,0.4114
1778666782.2126,1377,468,Right,0.7173,0.4341
1778666782.2627,1529,506,Right,0.7964,0.4692
1778666782.4009,1675,555,Right,0.8727,0.5141
1778666782.4389,1813,577,Right,0.9443,0.5347
1778666782.5937,1864,586,Right,0.9713,0.543
1778666782.6384,1915,585,Right,0.9979,0.5425
1778666782.7838,1920,570,Right,1.0,0.528
1778666782.8269,1920,547,Right,1.0,0.5071
1778666782.9808,1920,552,Right,1.0,0.5114
1778666783.0165,1920,559,Right,1.0,0.5185
1778666783.1473,1920,568,Right,1.0,0.5269
1778666783.1855,1920,581,Right,1.0,0.5385
1778666783.3251,1920,590,Right,1.0,0.5465
1778666783.3616,1919,598,Right,1.0,0.5539
1778666783.5016,1919,605,Right,1.0,0.5606
1778666783.5447,1919,612,Right,1.0,0.5675
1778666783.684,1919,618,Right,1.0,0.5728
1778666783.732,1918,620,Right,0.9991,0.5745
1778666783.8732,1918,619,Right,0.9991,0.5739
1778666783.9078,1908,618,Right,0.9942,0.5728
1778666784.0489,1900,617,Right,0.99,0.5714
1778666784.0875,1900,612,Right,0.99,0.5673
1778666784.2318,1899,607,Right,0.9892,0.5623
1778666784.2761,1890,603,Right,0.9848,0.5588
1778666784.4153,1808,585,Right,0.9419,0.5426
1778666784.4604,1680,537,Right,0.8753,0.4976
1778666784.6016,1541,499,Right,0.8028,0.4623
1778666784.6402,1392,456,Right,0.7255,0.423
1778666784.784,1245,441,Right,0.6489,0.4088
1778666784.8366,1181,440,Right,0.6154,0.4074
1778666784.9731,1156,463,Right,0.6025,0.429
1778666785.0191,1124,477,Center,0.5859,0.4422
1778666785.1717,1102,498,Center,0.5742,0.4615
1778666785.2077,1111,495,Center,0.579,0.4584
1778666785.3615,1121,490,Center,0.5842,0.4544
1778666785.4057,1134,491,Center,0.5907,0.4549
1778666785.5496,1158,493,Right,0.6033,0.4571
1778666785.5977,1168,398,Right,0.6086,0.3688
1778666785.7395,1160,298,Right,0.6043,0.2766
1778666785.7745,1160,290,Right,0.6042,0.2692
1778666785.9125,1158,295,Right,0.6035,0.2735
1778666785.9621,1161,317,Right,0.6052,0.2936
1778666786.1279,1179,438,Right,0.6143,0.4063
1778666786.175,1198,521,Right,0.6242,0.4826
1778666786.3297,1228,517,Right,0.6398,0.4793
1778666786.3825,1261,503,Right,0.657,0.4658
1778666786.5315,1282,471,Right,0.6678,0.4368
1778666786.5817,1291,443,Right,0.6726,0.411
1778666786.7279,1314,455,Right,0.6847,0.4218
1778666786.7635,1320,463,Right,0.688,0.4293
1778666786.9227,1327,469,Right,0.6914,0.4345
1778666786.9583,1339,475,Right,0.6975,0.4401
1778666787.1107,1360,473,Right,0.7088,0.4382
1778666787.1557,1348,473,Right,0.7024,0.4385
1778666787.2961,1332,472,Right,0.6939,0.4372
1778666787.3342,1337,466,Right,0.6968,0.4315
1778666787.4709,1330,459,Right,0.6932,0.4258
1778666787.5132,1329,460,Right,0.6926,0.4267
1778666787.6726,1338,460,Right,0.6969,0.426
1778666787.7167,1366,450,Right,0.7117,0.4173
1778666787.8545,1370,446,Right,0.7138,0.4139
1778666787.9077,1376,447,Right,0.717,0.4139
1778666788.0367,1381,440,Right,0.7197,0.4077
1778666788.0712,1362,432,Right,0.7095,0.4002
1778666788.2299,1323,432,Right,0.6896,0.4004
1778666788.2731,1279,432,Right,0.6665,0.4008
1778666788.4339,1246,427,Right,0.6492,0.3961
1778666788.48,1212,423,Right,0.6316,0.3925
1778666788.6297,1207,421,Right,0.629,0.3901
1778666788.6673,1166,400,Right,0.6078,0.3709
1778666788.8012,1142,391,Center,0.5952,0.3627
1778666788.8403,1150,419,Center,0.5993,0.3882
1778666788.9841,1146,429,Center,0.5969,0.3974
1778666789.0242,1140,461,Center,0.5942,0.4274
1778666789.1574,1161,473,Right,0.6051,0.4386
1778666789.197,1180,477,Right,0.6149,0.4424
1778666789.341,1167,445,Right,0.608,0.4125
1778666789.379,1141,431,Center,0.5947,0.3994
1778666789.5425,1143,394,Center,0.5956,0.365
1778666789.5872,1130,399,Center,0.589,0.3699
1778666789.7278,1116,402,Center,0.5814,0.3724
1778666789.7664,1103,407,Center,0.575,0.377
1778666789.9203,1117,415,Center,0.582,0.3848
1778666789.9564,1098,425,Center,0.5722,0.3942
1778666790.0952,1104,433,Center,0.575,0.401
1778666790.1387,1125,440,Center,0.5863,0.4079
1778666790.2797,1145,447,Center,0.5964,0.4139
1778666790.3189,1167,448,Right,0.6079,0.4153
1778666790.4626,1188,447,Right,0.6188,0.4148
1778666790.5097,1206,451,Right,0.6285,0.418
1778666790.6489,1204,454,Right,0.6273,0.4208
1778666790.6849,1196,459,Right,0.6231,0.425
1778666790.841,1192,466,Right,0.6212,0.4319
1778666790.887,1177,482,Right,0.6133,0.4464
1778666791.0392,1166,495,Right,0.6075,0.4583
1778666791.0769,1160,508,Right,0.6047,0.471
1778666791.2202,1161,520,Right,0.6051,0.4815
1778666791.2623,1148,526,Center,0.598,0.4878
1778666791.4138,1148,525,Center,0.598,0.4862
1778666791.4464,1151,514,Center,0.5999,0.4767
1778666791.5782,1145,501,Center,0.5964,0.4646
1778666791.624,1153,453,Right,0.601,0.4197
1778666791.7669,1180,432,Right,0.6147,0.4005
1778666791.8045,1195,387,Right,0.6228,0.3592
1778666791.9511,1204,351,Right,0.6273,0.3256
1778666791.9882,1221,359,Right,0.636,0.333
1778666792.1322,1221,406,Right,0.6363,0.3763
1778666792.1833,1199,419,Right,0.6245,0.3884
1778666792.3357,1187,461,Right,0.6184,0.4278
1778666792.3734,1158,460,Right,0.6036,0.4268
1778666792.5102,1128,417,Center,0.5875,0.3864
1778666792.5573,1115,376,Center,0.5809,0.3482
1778666792.7006,1116,345,Center,0.5813,0.3203
1778666792.7431,1117,315,Center,0.5822,0.292
1778666792.88,1155,327,Right,0.6018,0.3028
1778666792.9332,1193,339,Right,0.6218,0.3141
1778666793.0717,1213,358,Right,0.6322,0.3324
1778666793.1148,1163,293,Right,0.6058,0.2722
1778666793.2523,1099,224,Center,0.5728,0.2082
1778666793.2885,938,161,Center,0.4888,0.1498
1778666793.4399,769,91,Center,0.4008,0.0843
1778666793.491,624,83,Left,0.3251,0.0774
1778666793.637,554,143,Left,0.2887,0.1329
1778666793.6771,518,208,Left,0.2698,0.1932
1778666793.8336,567,266,Left,0.2958,0.2465
1778666793.8811,614,331,Left,0.3199,0.3066
1778666794.0385,631,322,Left,0.3287,0.2982
1778666794.0852,665,337,Left,0.3467,0.3121
1778666794.2418,676,350,Left,0.3522,0.3242
1778666794.2879,695,285,Left,0.3622,0.2643
1778666794.4279,797,291,Center,0.4151,0.2695
1778666794.4729,925,311,Center,0.4819,0.2881
1778666794.6136,1016,331,Center,0.5295,0.307
1778666794.6502,1110,360,Center,0.5784,0.3341
1778666794.776,1193,463,Right,0.6215,0.4293
1778666794.8156,1213,487,Right,0.6319,0.4517
1778666794.9513,1198,495,Right,0.6243,0.4589
1778666794.9869,1200,490,Right,0.6254,0.4546
1778666795.146,1203,472,Right,0.627,0.4377
1778666795.1885,1209,455,Right,0.6302,0.4218
1778666795.3431,1207,446,Right,0.6291,0.4136
1778666795.3907,1236,435,Right,0.6442,0.4028
1778666795.5478,1250,397,Right,0.6511,0.3681
1778666795.5909,1240,417,Right,0.646,0.3868
1778666795.7321,1226,435,Right,0.6387,0.4033
1778666795.7861,1232,451,Right,0.6421,0.4185
1778666795.9309,1234,440,Right,0.6431,0.4081
1778666795.9615,1293,496,Right,0.6738,0.4597
1778666796.0889,1366,501,Right,0.7116,0.4641
1778666796.1225,1412,485,Right,0.7359,0.4495
1778666796.2501,1462,474,Right,0.7619,0.4391
1778666796.2791,1493,517,Right,0.7781,0.4788
1778666796.4123,1477,488,Right,0.7698,0.4522
1778666796.4495,1469,491,Right,0.7653,0.4547
1778666796.5909,1503,505,Right,0.7833,0.4679
1778666796.635,1494,510,Right,0.7782,0.4723
1778666796.7761,1493,492,Right,0.7778,0.4561
1778666796.8063,1469,485,Right,0.7652,0.4494
1778666796.945,1445,448,Right,0.7527,0.4152
1778666796.975,1391,454,Right,0.7246,0.4209
1778666797.1129,1364,468,Right,0.7107,0.434
1778666797.145,1336,447,Right,0.6961,0.4146
1778666797.285,1332,456,Right,0.6938,0.423
1778666797.3217,1328,476,Right,0.692,0.4408
1778666797.4582,1348,468,Right,0.7024,0.4342
1778666797.5037,1342,437,Right,0.6993,0.4048
1778666797.6275,1331,440,Right,0.6937,0.4074
1778666797.6617,1337,437,Right,0.6969,0.4053
1778666797.7995,1343,418,Right,0.6998,0.3874
1778666797.8331,1334,404,Right,0.6951,0.3744
1778666797.9849,1337,413,Right,0.6966,0.3833
1778666798.0221,1340,424,Right,0.698,0.3934
1778666798.1649,1325,438,Right,0.6901,0.4061
1778666798.2095,1311,460,Right,0.6828,0.4264
1778666798.3441,1302,479,Right,0.6784,0.4438
1778666798.3812,1298,499,Right,0.6764,0.4622
1778666798.5251,1302,487,Right,0.6785,0.4514
1778666798.5686,1308,481,Right,0.6813,0.4461
1778666798.7051,1317,479,Right,0.6863,0.4443
1778666798.7397,1333,478,Right,0.6945,0.4428
1778666798.8756,1348,476,Right,0.7021,0.4408
1778666798.9067,1374,476,Right,0.7157,0.4408
1778666799.0476,1406,467,Right,0.7327,0.4325
1778666799.0771,1444,474,Right,0.7523,0.4389
1778666799.2171,1480,480,Right,0.771,0.4448
1778666799.2488,1528,483,Right,0.7963,0.4475
1778666799.3727,1545,512,Right,0.8048,0.4746
1778666799.4078,1536,545,Right,0.8004,0.5051
1778666799.5413,1508,550,Right,0.7856,0.5094
1778666799.5718,1458,510,Right,0.7597,0.4728
1778666799.7147,1397,506,Right,0.7278,0.4694
1778666799.7454,1362,481,Right,0.7098,0.4458
1778666799.9239,1347,459,Right,0.7016,0.4258
1778666799.9564,1321,456,Right,0.6882,0.4224
1778666800.0937,1310,466,Right,0.6825,0.432
1778666800.1248,1249,452,Right,0.6507,0.4193
1778666800.2814,1179,459,Right,0.6143,0.4259
1778666800.3259,1089,460,Center,0.5677,0.4264
1778666800.4678,1055,468,Center,0.5496,0.4339
1778666800.5142,1013,493,Center,0.5278,0.4566
1778666800.6558,1053,510,Center,0.5486,0.4727
1778666800.6968,1079,538,Center,0.5621,0.4986
1778666800.8224,1127,536,Center,0.5873,0.4969
1778666800.8557,1121,519,Center,0.584,0.4808
1778666800.994,1122,519,Center,0.5844,0.4814
1778666801.0293,1096,519,Center,0.5712,0.4809
1778666801.1759,1101,507,Center,0.5735,0.4698
1778666801.2134,1132,546,Center,0.5898,0.5063
1778666801.3397,1181,551,Right,0.6155,0.5105
1778666801.3698,1229,552,Right,0.6404,0.5112
1778666801.4966,1272,551,Right,0.6625,0.5108
1778666801.5292,1298,552,Right,0.6763,0.5114
1778666801.6629,1296,530,Right,0.6752,0.491
1778666801.6984,1294,532,Right,0.6743,0.4931
1778666801.8513,1293,529,Right,0.6736,0.4907
1778666801.8818,1282,526,Right,0.6679,0.4877
1778666802.0526,1270,522,Right,0.6615,0.4837
1778666802.0867,1212,416,Right,0.6314,0.3853
1778666802.2185,1201,358,Right,0.6259,0.3318
1778666802.2575,1195,379,Right,0.6226,0.351
1778666802.3973,1200,408,Right,0.6252,0.3786
1778666802.4299,1195,403,Right,0.6225,0.3733
1778666802.5698,1237,498,Right,0.6444,0.4616
1778666802.6003,1196,547,Right,0.623,0.5069
1778666802.7369,1151,518,Center,0.5999,0.4802
1778666802.7682,1123,483,Center,0.5853,0.4478
1778666802.9116,1104,490,Center,0.5754,0.4542
1778666802.9547,1071,483,Center,0.5579,0.4475
1778666803.0952,1071,477,Center,0.5582,0.4418
1778666803.1427,1074,473,Center,0.5596,0.4383
1778666803.2905,1066,476,Center,0.5553,0.4417
1778666803.3271,1066,476,Center,0.5553,0.4417
1778666803.4641,1066,476,Center,0.5553,0.4417
1778666803.4976,1214,503,Right,0.6323,0.4665
1778666803.6171,1386,538,Right,0.722,0.4984
1778666803.6583,1563,579,Right,0.8143,0.5369
1778666803.8046,1737,629,Right,0.9048,0.583
1778666803.8379,1904,641,Right,0.992,0.5937
1778666803.9957,1918,625,Right,0.999,0.5791
1778666804.027,1896,605,Right,0.9878,0.5602
1778666804.1651,1834,588,Right,0.9553,0.5448
1778666804.1987,1766,555,Right,0.9202,0.5148
1778666804.326,1741,553,Right,0.9071,0.5125
1778666804.3558,1682,539,Right,0.8761,0.4998
1778666804.4893,1632,531,Right,0.8505,0.4924
1778666804.5215,1484,439,Right,0.7731,0.4069
1778666804.6761,1351,378,Right,0.704,0.3503
1778666804.7158,1184,266,Right,0.6167,0.247
1778666804.853,1022,173,Center,0.5323,0.1609
1778666804.8963,878,79,Center,0.4577,0.0737
1778666805.034,890,56,Center,0.4636,0.0528
1778666805.0715,967,88,Center,0.5039,0.0817
1778666805.2219,1045,194,Center,0.5444,0.1801
1778666805.2704,1091,268,Center,0.5687,0.2483
1778666805.4406,1142,350,Center,0.5949,0.3248
1778666805.4769,1172,427,Right,0.6107,0.3962
1778666805.6076,1104,347,Center,0.5751,0.3217
1778666805.6471,1214,369,Right,0.6328,0.3418
1778666805.795,1389,416,Right,0.7238,0.3854
1778666805.8334,1555,459,Right,0.8101,0.4251
1778666805.9836,1724,509,Right,0.8983,0.4719
1778666806.0197,1915,614,Right,0.9978,0.569
1778666806.1682,1920,589,Right,1.0,0.5462
1778666806.2013,1907,581,Right,0.9935,0.5384
1778666806.3426,1907,576,Right,0.9935,0.5337
1778666806.3813,1907,568,Right,0.9935,0.5268
1778666806.5161,1907,594,Right,0.9935,0.5504
1778666806.5566,1883,600,Right,0.9809,0.5561
1778666806.7049,1872,617,Right,0.9754,0.5722
1778666806.7419,1869,623,Right,0.9734,0.5769
1778666806.8842,1812,626,Right,0.9438,0.5801
1778666806.9347,1763,605,Right,0.9183,0.5602
1778666807.0707,1739,628,Right,0.9062,0.5817
1778666807.1178,1750,601,Right,0.9118,0.5572
1778666807.2676,1740,590,Right,0.9063,0.5463
1778666807.3087,1770,583,Right,0.9223,0.5401
1778666807.4487,1794,592,Right,0.9347,0.5486
1778666807.4988,1806,585,Right,0.9407,0.5418
1778666807.6372,1775,594,Right,0.9248,0.5502
1778666807.6747,1751,593,Right,0.9125,0.5492
1778666807.8239,1751,609,Right,0.9123,0.5639
1778666807.861,1747,612,Right,0.91,0.5674
1778666808.0084,1762,604,Right,0.9181,0.56
1778666808.0546,1804,602,Right,0.9398,0.5581
1778666808.2045,1837,609,Right,0.9572,0.5643
1778666808.243,1665,561,Right,0.8675,0.5196
1778666808.3965,1552,511,Right,0.8086,0.4732
1778666808.4421,1486,393,Right,0.7745,0.3646
1778666808.5997,1395,275,Right,0.7268,0.2552
1778666808.6327,1399,289,Right,0.7291,0.2676
1778666808.7873,1598,337,Right,0.8327,0.3126
1778666808.8237,1741,422,Right,0.9069,0.3915
1778666808.9705,1827,551,Right,0.9516,0.5108
1778666809.0213,1920,679,Right,1.0,0.6295
1778666809.1799,1920,674,Right,1.0,0.6246
1778666809.2241,1910,661,Right,0.9949,0.6125
1778666809.3883,1883,601,Right,0.9812,0.5565
1778666809.4485,1840,477,Right,0.9584,0.442
1778666809.585,1807,478,Right,0.9416,0.4433
1778666809.6201,1796,470,Right,0.9359,0.4355
1778666809.7696,1806,482,Right,0.941,0.447
1778666809.8178,1827,510,Right,0.9518,0.4725
1778666809.9534,1871,635,Right,0.9746,0.5886
1778666810.0056,1903,626,Right,0.9914,0.5802
1778666810.1492,1905,625,Right,0.9927,0.5794
1778666810.1863,1905,630,Right,0.9927,0.5841
1778666810.3433,1911,657,Right,0.9956,0.6085
1778666810.3859,1886,626,Right,0.9826,0.5797
1778666810.5292,1846,606,Right,0.9617,0.5618
1778666810.5763,1820,598,Right,0.9484,0.5543
1778666810.7423,1789,575,Right,0.9318,0.5327
1778666810.8037,1789,553,Right,0.9318,0.5127
1778666810.9388,1813,583,Right,0.9447,0.5399
1778666810.9835,1792,503,Right,0.9334,0.4665
1778666811.1133,1747,510,Right,0.91,0.4725
1778666811.1545,1756,523,Right,0.9151,0.4846
1778666811.292,1728,527,Right,0.9004,0.4888
1778666811.3316,1728,524,Right,0.9005,0.4858
1778666811.4793,1790,627,Right,0.9327,0.5814
1778666811.5269,1861,650,Right,0.9694,0.602
1778666811.6677,1862,659,Right,0.9698,0.6102
1778666811.7043,1889,655,Right,0.9841,0.607
1778666811.8693,1887,658,Right,0.9832,0.6099
1778666811.9004,1880,662,Right,0.9795,0.6137
1778666812.0401,1885,651,Right,0.9818,0.6035
1778666812.0887,1895,638,Right,0.9873,0.5911
1778666812.2266,1888,629,Right,0.9837,0.5827
1778666812.2712,1857,619,Right,0.9676,0.5737
1778666812.4004,1832,609,Right,0.9546,0.5641
1778666812.4369,1647,481,Right,0.8579,0.4456
1778666812.5891,1463,399,Right,0.762,0.3699
1778666812.6386,1279,337,Right,0.6664,0.3122
1778666812.8047,1103,283,Center,0.5748,0.2625
1778666812.8505,943,264,Center,0.4914,0.245
1778666812.9853,980,369,Center,0.5106,0.3418
1778666813.0224,1021,431,Center,0.5321,0.3993
1778666813.1798,1059,480,Center,0.5519,0.445
1778666813.2237,1119,528,Center,0.5829,0.4896
1778666813.3839,1157,509,Right,0.603,0.4717
1778666813.4279,1153,486,Right,0.601,0.4504
1778666813.5717,1150,464,Center,0.5992,0.4299
1778666813.6038,1139,434,Center,0.5934,0.4021
1778666813.7384,1110,398,Center,0.5785,0.3688
1778666813.783,1081,404,Center,0.5633,0.3747
1778666813.9098,1054,416,Center,0.5494,0.3853
1778666813.9488,1036,428,Center,0.54,0.3966
1778666814.0968,1020,440,Center,0.5317,0.4083
1778666814.1319,1063,451,Center,0.5537,0.418
1778666814.2858,1115,449,Center,0.5811,0.4164
1778666814.3313,1145,427,Center,0.5967,0.3957
1778666814.4725,1160,379,Right,0.6042,0.3517
1778666814.5097,1200,361,Right,0.6251,0.3349
1778666814.6432,1194,357,Right,0.6219,0.3309
1778666814.6803,1157,349,Right,0.6028,0.3236
1778666814.8322,1131,356,Center,0.5892,0.3298
1778666814.8803,1096,366,Center,0.5712,0.3391
1778666815.0187,1065,384,Center,0.555,0.356
1778666815.0594,1064,371,Center,0.5543,0.344
1778666815.2046,1098,370,Center,0.5723,0.3433
1778666815.2568,1145,389,Center,0.5968,0.361
1778666815.4056,1167,425,Right,0.608,0.3936
1778666815.4528,1298,424,Right,0.6762,0.3932
1778666815.6,1412,470,Right,0.7357,0.436
1778666815.6396,1544,535,Right,0.8045,0.4959
1778666815.7981,1677,537,Right,0.8735,0.4973
1778666815.8296,1818,552,Right,0.9474,0.5119
1778666815.97,1760,533,Right,0.917,0.4943
1778666816.0157,1714,470,Right,0.8927,0.4361
1778666816.156,1699,413,Right,0.8852,0.3833
1778666816.2022,1699,453,Right,0.8852,0.4203
1778666816.3585,1731,472,Right,0.9018,0.4371
1778666816.4005,1829,515,Right,0.9531,0.4776
1778666816.5395,1875,578,Right,0.9766,0.5355
1778666816.5886,1858,633,Right,0.968,0.5864
1778666816.7201,1840,599,Right,0.9587,0.5549
1778666816.7546,1656,530,Right,0.8629,0.4907
1778666816.9009,1511,483,Right,0.7871,0.4473
1778666816.9479,1436,502,Right,0.7482,0.4657
1778666817.1057,1368,415,Right,0.7126,0.3843
1778666817.1475,1278,455,Right,0.666,0.4214
1778666817.3075,1389,546,Right,0.7234,0.506
1778666817.3455,1410,603,Right,0.7345,0.5587
1778666817.496,1399,584,Right,0.729,0.5416
1778666817.5431,1395,643,Right,0.7268,0.5958
1778666817.7012,1396,604,Right,0.7273,0.5594
1778666817.7425,1355,562,Right,0.7058,0.5207
1778666817.9011,1417,570,Right,0.7384,0.528
1778666817.9387,1438,567,Right,0.7491,0.5254
1778666818.0844,1456,567,Right,0.7584,0.5254
1778666818.1271,1437,535,Right,0.7486,0.4957
1778666818.2704,1443,502,Right,0.7519,0.4653
1778666818.3215,1391,414,Right,0.7247,0.3835
1778666818.4949,1359,362,Right,0.7083,0.3353
1778666818.6663,1253,316,Right,0.6527,0.2928
1778666818.6984,1197,265,Right,0.6238,0.2462
1778666818.8404,1126,214,Center,0.5866,0.1984
1778666818.8738,1056,170,Center,0.5502,0.1576
1778666819.0085,997,106,Center,0.5198,0.099
1778666819.0365,1014,63,Center,0.5283,0.0585
1778666819.1638,1021,62,Center,0.5323,0.0582
1778666819.1989,1067,85,Center,0.556,0.0788
1778666819.3457,1138,139,Center,0.5928,0.1294
1778666819.3817,1203,177,Right,0.6267,0.1644
1778666819.5095,1272,191,Right,0.6628,0.1771
1778666819.5421,1320,224,Right,0.6876,0.2075
1778666819.6771,1320,239,Right,0.688,0.2219
1778666819.7128,1322,255,Right,0.6887,0.2369
1778666819.8749,1335,301,Right,0.6955,0.2795
1778666819.9176,1343,326,Right,0.7,0.3019
1778666820.0605,1364,343,Right,0.7104,0.3181
1778666820.1057,1385,372,Right,0.7216,0.3448
1778666820.247,1382,390,Right,0.7199,0.3619
1778666820.2831,1395,396,Right,0.7268,0.3675
1778666820.4172,1428,445,Right,0.7442,0.4123
1778666820.4613,1454,479,Right,0.7577,0.4436
1778666820.6012,1478,484,Right,0.7699,0.4487
1778666820.6503,1453,408,Right,0.757,0.3783
1778666820.7993,1403,435,Right,0.7309,0.4037
1778666820.851,1344,448,Right,0.7001,0.4157
1778666821.0019,1285,461,Right,0.6697,0.4274
1778666821.05,1203,462,Right,0.6266,0.4287
1778666821.2054,1190,544,Right,0.6202,0.504
1778666821.2525,1176,518,Right,0.6126,0.48
1778666821.393,1149,489,Center,0.5987,0.4535
1778666821.4296,1134,460,Center,0.5908,0.4259
1778666821.5811,1152,454,Right,0.6003,0.4207
1778666821.6312,1292,502,Right,0.6731,0.4653
1778666821.7861,1433,527,Right,0.7468,0.4887
1778666821.8308,1561,563,Right,0.8133,0.522
1778666821.9698,1693,599,Right,0.8821,0.5555
1778666822.0145,1846,642,Right,0.9619,0.5951
1778666822.1565,1852,632,Right,0.965,0.5858
1778666822.2036,1856,649,Right,0.9668,0.6009
1778666822.3595,1879,649,Right,0.9788,0.6012
1778666822.4056,1897,671,Right,0.9882,0.6216
1778666822.5622,1886,680,Right,0.9823,0.6301
1778666822.6043,1681,547,Right,0.8756,0.5073
1778666822.7462,1404,414,Right,0.7317,0.3841
1778666822.7912,1111,313,Center,0.5791,0.2903
1778666822.9391,822,166,Center,0.4283,0.1542
1778666822.9797,585,98,Left,0.3048,0.0908
1778666823.1263,543,159,Left,0.2832,0.1477
1778666823.1725,580,226,Left,0.3022,0.2101
1778666823.3315,621,269,Left,0.3238,0.2495
1778666823.366,666,355,Left,0.347,0.3288
1778666823.5046,665,366,Left,0.3468,0.339
1778666823.5356,665,384,Left,0.3465,0.3559
1778666823.675,664,392,Left,0.3459,0.363
1778666823.708,660,412,Left,0.3439,0.3818
1778666823.854,649,408,Left,0.3383,0.3784
1778666823.8881,651,392,Left,0.3394,0.3632
1778666824.0249,655,373,Left,0.3413,0.3457
1778666824.0605,668,382,Left,0.3483,0.3543
1778666824.1784,683,371,Left,0.356,0.3438
1778666824.218,686,361,Left,0.3575,0.3345
1778666824.3678,675,364,Left,0.3518,0.3372
1778666824.416,662,362,Left,0.3449,0.3354
1778666824.5749,652,365,Left,0.3398,0.3385
1778666824.6195,657,367,Left,0.3426,0.3401
1778666824.7587,677,373,Left,0.3529,0.3454
1778666824.8027,692,377,Left,0.3607,0.3491
1778666824.9451,712,390,Left,0.371,0.3617
1778666824.9802,708,372,Left,0.369,0.3452
1778666825.1202,688,363,Left,0.3585,0.3362
1778666825.1579,670,353,Left,0.3491,0.3272
1778666825.3037,663,341,Left,0.3456,0.3165
1778666825.3428,764,299,Left,0.398,0.2772
1778666825.4737,823,229,Center,0.429,0.2125
1778666828.2385,943,160,Center,0.4912,0.1483
1778666828.283,1117,140,Center,0.5822,0.13
1778666828.4329,1252,158,Right,0.6525,0.1466
1778666828.4639,1211,170,Right,0.6312,0.1576
1778666828.6116,1259,221,Right,0.656,0.2052
1778666828.6527,1272,324,Right,0.6627,0.3005
1778666828.7941,1236,375,Right,0.6442,0.3474
1778666828.8424,1106,355,Center,0.5761,0.3295
1778666828.9709,1140,516,Center,0.5942,0.4781
1778666832.3556,1140,516,Center,0.5942,0.4781
1778666832.3928,1055,498,Center,0.5497,0.462
1778666832.5474,928,446,Center,0.4834,0.4138
1778666832.5885,812,391,Center,0.4231,0.3628
1778666832.7664,816,330,Center,0.4254,0.3064
1778666833.4206,705,169,Left,0.3677,0.1565
1778666833.5715,696,176,Left,0.3626,0.1634
1778666833.6126,720,203,Left,0.3751,0.1882
1778666833.759,722,209,Left,0.3763,0.1937
1778666833.8073,715,279,Left,0.3727,0.2587
1778666833.9391,735,317,Left,0.383,0.294
1778666833.9797,741,354,Left,0.3861,0.3286
1778666834.128,731,351,Left,0.3809,0.3258
1778666834.1793,807,302,Center,0.4207,0.2796
1778666834.331,938,339,Center,0.489,0.3141
1778666834.3771,1027,358,Center,0.5354,0.3322
1778666834.5278,1103,378,Center,0.5747,0.3507
1778666834.5634,1192,427,Right,0.621,0.3962
1778666834.7167,1192,542,Right,0.6213,0.5027
1778666834.7605,1168,538,Right,0.6086,0.4987
1778666834.9074,1197,521,Right,0.6235,0.4825
1778666834.9576,1249,538,Right,0.6509,0.499
1778666835.0873,1241,415,Right,0.6466,0.3846
1778666835.1238,1239,357,Right,0.6458,0.3311
1778666835.2606,1247,377,Right,0.6495,0.3496
1778666835.3014,1245,391,Right,0.6485,0.3629
1778666835.4266,1233,370,Right,0.6424,0.343
1778666835.4703,1273,463,Right,0.6633,0.4292
1778666835.6278,1313,497,Right,0.684,0.4606
1778666835.6649,1345,462,Right,0.7008,0.4281
1778666835.8103,1383,453,Right,0.7208,0.42
1778666835.8518,1417,451,Right,0.7385,0.4184
1778666836.0011,1440,450,Right,0.7502,0.4168
1778666836.0467,1472,440,Right,0.7671,0.408
1778666836.1864,1487,464,Right,0.7748,0.4297
1778666836.234,1467,479,Right,0.7644,0.4436
1778666836.38,1439,481,Right,0.7497,0.4456
1778666836.4136,1396,487,Right,0.7276,0.4518
1778666836.5558,1337,497,Right,0.6966,0.4608
1778666836.5939,1313,475,Right,0.6842,0.4401
1778666836.7358,1309,455,Right,0.6819,0.4217
1778666836.7783,1294,464,Right,0.6745,0.4305
1778666836.9136,1310,470,Right,0.6824,0.4357
1778666836.9493,1340,485,Right,0.6984,0.4491
1778666837.1034,1343,503,Right,0.6999,0.4663
1778666837.1546,1321,515,Right,0.6883,0.4775
1778666837.2933,1348,515,Right,0.7024,0.4776
1778666837.3419,1346,525,Right,0.701,0.4864
1778666837.4859,1327,508,Right,0.6914,0.4712
1778666837.5329,1297,500,Right,0.676,0.4633
1778666837.6769,1296,506,Right,0.6752,0.4694
1778666837.7139,1271,513,Right,0.6622,0.4757
1778666837.8866,1248,514,Right,0.6501,0.4764
1778666837.9261,1255,525,Right,0.654,0.4868
1778666838.0512,1252,526,Right,0.6521,0.4875
1778666838.0908,1252,513,Right,0.6522,0.4756
1778666838.2273,1264,483,Right,0.6584,0.448
1778666838.2624,1300,478,Right,0.6775,0.4429
1778666838.4156,1321,474,Right,0.6883,0.4393
1778666838.4515,1346,468,Right,0.7011,0.434
1778666838.5963,1366,474,Right,0.7115,0.4392
1778666838.6326,1334,486,Right,0.6948,0.4506
1778666838.7731,1293,473,Right,0.6735,0.4387
1778666838.818,1241,478,Right,0.6465,0.443
1778666838.9415,1191,495,Right,0.6206,0.4589
1778666838.9796,1116,501,Center,0.5813,0.4645
1778666839.1313,1098,500,Center,0.5724,0.4639
1778666839.1685,1086,487,Center,0.566,0.4515
1778666839.314,1053,473,Center,0.5487,0.4383
1778666839.353,1054,440,Center,0.5491,0.4081
1778666839.5049,1060,426,Center,0.5522,0.395
1778666839.5415,1081,413,Center,0.5632,0.3825
1778666839.689,1113,442,Center,0.5801,0.4095
1778666839.7256,1154,455,Right,0.6012,0.4219
1778666839.8714,1185,472,Right,0.6174,0.4376
1778666839.9105,1236,502,Right,0.6441,0.4653
1778666840.0509,1236,506,Right,0.6438,0.4694
1778666840.086,1232,495,Right,0.642,0.4591
1778666840.2228,1245,490,Right,0.6485,0.4537
1778666840.2693,1184,470,Right,0.6168,0.4352
1778666840.3987,1090,359,Center,0.568,0.3327
1778666840.4342,1009,275,Center,0.5257,0.2551
1778666840.5958,908,175,Center,0.4732,0.1623
1778666840.6329,822,96,Center,0.4283,0.0891
1778666840.7798,806,23,Center,0.4203,0.0218
1778666840.8249,815,98,Center,0.4246,0.0914
1778666840.9684,822,189,Center,0.4282,0.1757
1778666841.017,844,276,Center,0.4398,0.2565
1778666841.1576,855,351,Center,0.4454,0.3256
1778666841.1967,851,453,Center,0.4434,0.4195
1778666841.3505,858,457,Center,0.4473,0.424
1778666841.393,853,455,Center,0.4445,0.4222
1778666841.5357,841,459,Center,0.4382,0.4251
1778666841.5738,832,452,Center,0.4338,0.4187
1778666841.7196,827,435,Center,0.4311,0.4035
1778666841.7578,810,437,Center,0.4219,0.4055
1778666841.9033,806,433,Center,0.4202,0.4012
1778666841.9418,799,425,Center,0.4163,0.3943
1778666842.0842,784,425,Center,0.4086,0.3937
1778666842.1279,767,419,Left,0.3996,0.3884
1778666842.2636,761,418,Left,0.3969,0.3871
1778666842.3036,760,412,Left,0.3961,0.382
1778666842.4407,770,373,Center,0.4012,0.3463
1778666842.4864,860,368,Center,0.4484,0.3414
1778666842.6276,974,378,Center,0.5073,0.3501
1778666842.6627,1066,383,Center,0.5555,0.3551
1778666842.8001,1163,391,Right,0.6062,0.362
1778666842.8468,1248,459,Right,0.6501,0.4251
1778666842.9828,1250,495,Right,0.6514,0.459
1778666843.034,1221,525,Right,0.6362,0.4863
1778666843.1855,1225,529,Right,0.6383,0.49
1778666843.232,1209,528,Right,0.6299,0.4892
1778666843.376,1206,527,Right,0.6284,0.4888
1778666843.4227,1198,534,Right,0.6243,0.495
1778666843.5792,1212,532,Right,0.6316,0.493
1778666843.6253,1222,545,Right,0.6365,0.5055
1778666843.7653,1236,564,Right,0.6441,0.5224
1778666843.816,1256,554,Right,0.6547,0.5134
1778666843.9484,1282,535,Right,0.6678,0.4956
1778666843.983,1279,520,Right,0.6662,0.482
1778666844.1145,1268,498,Right,0.6608,0.4616
1778666844.1585,1175,451,Right,0.6124,0.4178
1778666844.2894,1296,482,Right,0.6753,0.4469
1778666844.3259,1416,518,Right,0.7379,0.4802
1778666844.4838,1557,554,Right,0.8112,0.5131
1778666844.5184,1683,587,Right,0.8771,0.5442
1778666844.6651,1903,655,Right,0.9915,0.6072
1778666844.7012,1878,642,Right,0.9782,0.5951
1778666844.8395,1825,625,Right,0.9509,0.5792
1778666844.8916,1775,608,Right,0.9248,0.5638
1778666845.0324,1727,611,Right,0.8996,0.5664
1778666845.0755,1533,486,Right,0.7985,0.4501
1778666845.2106,1533,486,Right,0.7985,0.4501
1778666845.2492,1263,416,Right,0.6581,0.3858
1778666845.3916,1027,344,Center,0.5349,0.3193
1778666845.4293,819,307,Center,0.4267,0.2851
1778666845.5771,644,274,Left,0.3357,0.2544
1778666845.6146,583,367,Left,0.304,0.3404
1778666845.7802,619,410,Left,0.3226,0.3803
1778666845.8219,645,434,Left,0.3363,0.4025
1778666845.965,641,421,Left,0.3342,0.3903
1778666846.0015,622,404,Left,0.324,0.3749
1778666846.1408,627,382,Left,0.3268,0.3545
1778666846.1749,632,357,Left,0.3294,0.3306
1778666846.3097,644,351,Left,0.3359,0.3258
1778666846.3608,651,344,Left,0.3391,0.3191
1778666846.5097,658,339,Left,0.3428,0.3139
1778666846.5613,660,360,Left,0.3438,0.3335
1778666846.7006,663,357,Left,0.3456,0.331
1778666846.7386,664,370,Left,0.3462,0.3433
1778666846.8903,674,382,Left,0.3511,0.3544
1778666846.927,691,408,Left,0.3604,0.378
1778666847.0887,717,407,Left,0.3739,0.3772
1778666847.1293,754,429,Left,0.3929,0.3979
1778666847.2876,777,435,Center,0.4049,0.4035
1778666847.3252,819,425,Center,0.4268,0.3941
1778666847.471,812,416,Center,0.4232,0.3855
1778666847.5016,806,395,Center,0.42,0.3665
1778666847.6338,800,387,Center,0.4169,0.3587
1778666847.6688,800,387,Center,0.417,0.3591
1778666847.8126,777,408,Center,0.4051,0.3783
1778666847.8482,783,424,Center,0.408,0.3929
1778666847.9911,786,454,Center,0.4095,0.4205
1778666848.0216,776,453,Center,0.4043,0.42
1778666848.1575,774,446,Center,0.4031,0.4135
1778666848.1905,769,439,Center,0.4009,0.407
1778666848.3255,757,429,Left,0.3943,0.3977
1778666848.3638,766,420,Left,0.399,0.3895
1778666848.5049,775,433,Center,0.404,0.4015
1778666848.538,766,426,Left,0.3992,0.3952
1778666848.6772,763,419,Left,0.3976,0.3881
1778666848.7112,777,405,Center,0.4049,0.3751
1778666848.8611,770,387,Center,0.4013,0.3585
1778666848.8951,761,365,Left,0.3964,0.3382
1778666849.0357,768,361,Center,0.4001,0.3346
1778666849.0677,769,360,Center,0.401,0.3339
1778666849.2062,780,360,Center,0.4063,0.3337
1778666849.2459,781,360,Center,0.4071,0.3337
1778666849.3717,784,364,Center,0.4087,0.3376
1778666849.4068,785,367,Center,0.4089,0.3402
1778666849.5496,788,366,Center,0.4109,0.3391
1778666849.5812,775,359,Center,0.4041,0.3329
1778666849.7337,771,352,Center,0.4017,0.3262
1778666849.7698,775,342,Center,0.4038,0.3175
1778666849.9223,773,361,Center,0.4028,0.3348
1778666849.9534,779,377,Center,0.4061,0.3492
1778666850.0944,788,397,Center,0.4105,0.3683
1778666850.1259,795,424,Center,0.4143,0.3928
1778666850.2708,794,452,Center,0.4137,0.4188
1778666850.3098,800,454,Center,0.4169,0.4206
1778666850.4583,796,459,Center,0.4149,0.4251
1778666850.5079,785,460,Center,0.4093,0.4265
1778666850.6452,774,455,Center,0.4033,0.4219
1778666850.6873,760,449,Left,0.3959,0.4166
1778666850.8343,746,446,Left,0.3888,0.4131
1778666850.8788,734,443,Left,0.3828,0.4109
1778666851.0493,734,448,Left,0.3825,0.4154
1778666851.0864,737,452,Left,0.3839,0.4187
1778666851.2348,743,456,Left,0.3872,0.4224
1778666851.2839,764,458,Left,0.3981,0.4242
1778666851.4246,784,459,Center,0.4087,0.4254
1778666851.4702,806,455,Center,0.42,0.4217
1778666851.6397,800,446,Center,0.4171,0.413
1778666851.6974,792,442,Center,0.4125,0.4097
1778666851.8768,785,445,Center,0.4092,0.4127
1778666851.949,774,434,Center,0.4035,0.4026
1778666852.0928,775,428,Center,0.404,0.3967
1778666852.1259,801,444,Center,0.4172,0.4117
1778666852.2936,835,457,Center,0.4351,0.4239
1778666852.3433,860,443,Center,0.448,0.4106
1778666852.485,869,401,Center,0.453,0.3715
1778666852.5281,770,317,Center,0.4015,0.2942
1778666852.6752,760,219,Left,0.3962,0.2031
1778666852.7343,583,245,Left,0.3038,0.227
1778666852.8983,399,284,Left,0.2079,0.2636
1778666852.9403,234,303,Left,0.122,0.281
1778666853.0928,161,321,Left,0.0839,0.2978
1778666853.1429,0,378,Left,0.0,0.3503
1778666853.277,0,302,Left,0.0,0.2798
1778666853.3261,0,275,Left,0.0,0.2549
1778666853.4517,0,302,Left,0.0,0.2803
1778666853.4939,0,381,Left,0.0,0.3536
1778666853.6487,0,404,Left,0.0,0.3742
1778666853.685,137,357,Left,0.0715,0.3313
1778666853.8331,286,264,Left,0.1493,0.2453
1778666853.8687,499,276,Left,0.2603,0.2561
1778666854.002,705,263,Left,0.3676,0.2442
1778666854.0365,910,257,Center,0.4744,0.2386
1778666854.1809,962,335,Center,0.5013,0.3103
1778666854.229,986,415,Center,0.5139,0.3851
1778666854.3702,952,414,Center,0.496,0.384
1778666854.4054,929,413,Center,0.4844,0.3833
1778666854.5587,928,427,Center,0.4835,0.3963
1778666854.5939,954,425,Center,0.497,0.3936
1778666854.7367,996,422,Center,0.519,0.3908
1778666854.7728,1025,411,Center,0.534,0.3808
1778666854.9103,1049,414,Center,0.5466,0.3839
1778666854.9619,1023,419,Center,0.5333,0.3887
1778666855.0987,989,418,Center,0.5153,0.3876
1778666855.1427,874,340,Center,0.4553,0.3155
1778666898.112,856,348,Center,0.4462,0.3223
1778666898.2728,827,405,Center,0.431,0.3752
1778666898.5138,810,383,Center,0.4221,0.3551
1778666898.6475,790,382,Center,0.4118,0.3545
1778666899.2221,876,479,Center,0.4567,0.4437
1778666899.3643,871,475,Center,0.4538,0.4402
1778666899.4014,834,412,Center,0.4347,0.3815
1778666899.5309,801,425,Center,0.4177,0.3938
1778666899.5689,802,434,Center,0.4181,0.4025
1778666899.7076,776,437,Center,0.4043,0.4047
1778666899.7441,763,440,Left,0.3975,0.4081
1778666899.875,793,451,Center,0.4135,0.4179
1778666899.912,847,483,Center,0.4415,0.4481
1778666900.0504,866,500,Center,0.4515,0.4638
1778666900.086,871,510,Center,0.4539,0.4722
1778666900.2204,856,511,Center,0.4463,0.4733
1778666900.2784,838,498,Center,0.4368,0.4616
1778666900.6358,846,477,Center,0.4411,0.4418
1778666900.6751,857,449,Center,0.4469,0.4161
1778666900.8208,846,419,Center,0.441,0.3889
1778666900.8518,853,424,Center,0.4447,0.3926
1778666900.967,871,446,Center,0.4541,0.4132
1778666901.0095,858,426,Center,0.447,0.3951
1778666901.1484,850,431,Center,0.4428,0.3995
1778666901.1785,876,441,Center,0.4566,0.4092
1778666901.3139,892,440,Center,0.4647,0.4074
1778666901.349,898,439,Center,0.4682,0.4074
1778666901.4908,901,466,Center,0.4694,0.4317
1778666901.5429,920,469,Center,0.4792,0.4346
1778666901.698,947,458,Center,0.4934,0.4243
1778666901.7441,959,446,Center,0.4999,0.4134
1778666901.9085,966,401,Center,0.5036,0.3721
1778666901.9426,962,305,Center,0.5012,0.2828
1778666902.0862,908,235,Center,0.4732,0.2182
1778666902.1188,856,158,Center,0.446,0.1463
1778666902.2485,840,75,Center,0.4376,0.0697
1778666902.429,771,116,Center,0.402,0.1077
1778666902.4782,729,202,Left,0.3802,0.1875
1778666902.6307,731,261,Left,0.381,0.2423
1778666902.6687,697,331,Left,0.3633,0.307
1778666902.8056,678,399,Left,0.3536,0.3696
1778666902.8471,666,352,Left,0.3471,0.3265
1778666902.988,649,261,Left,0.3385,0.2422
1778666903.0241,672,188,Left,0.3502,0.1744
1778666903.1616,708,118,Left,0.3693,0.1097
1778666903.3427,710,107,Left,0.3702,0.0993
1778666903.5336,787,205,Center,0.41,0.19
1778666904.327,843,249,Center,0.4396,0.2313
1778666904.493,865,283,Center,0.4507,0.2629
1778666904.5441,863,360,Center,0.4497,0.3335
1778666904.7147,862,379,Center,0.449,0.3517
1778666904.7478,838,299,Center,0.4368,0.2776
1778666904.87,826,301,Center,0.4303,0.2789
1778666904.9046,783,320,Center,0.4082,0.2966
1778666905.0478,778,298,Center,0.4056,0.276
1778666905.0929,777,283,Center,0.405,0.2625
1778666905.2448,797,287,Center,0.4155,0.2664
1778666905.2729,860,346,Center,0.4484,0.3206
1778666905.4218,945,363,Center,0.4926,0.3365
1778666905.4608,1007,373,Center,0.5249,0.3455
1778666905.6011,1073,374,Center,0.5594,0.3464
1778666905.6402,1115,357,Center,0.5812,0.3306
1778666905.7638,1109,301,Center,0.5779,0.2788
1778666905.8078,1057,275,Center,0.5508,0.2553
1778666905.9492,1024,273,Center,0.5337,0.2528
1778666905.9827,978,247,Center,0.5099,0.2292
1778666906.1175,955,249,Center,0.4979,0.2307
1778666906.1485,935,287,Center,0.4873,0.2662
1778666906.2952,937,289,Center,0.4884,0.2684
1778666906.3258,934,304,Center,0.4869,0.2819
1778666906.6909,933,342,Center,0.4864,0.317
1778666906.7206,943,354,Center,0.4915,0.3278
1778666907.7772,935,347,Center,0.4873,0.3217
1778666907.9187,945,390,Center,0.4925,0.3616
1778666907.9607,958,405,Center,0.4992,0.3752
1778666908.1025,967,396,Center,0.5038,0.3672
1778666908.1376,946,377,Center,0.4931,0.3499
1778666908.2664,955,378,Center,0.4976,0.3502
1778666908.2964,953,348,Center,0.4969,0.3228
1778666908.4438,954,317,Center,0.4973,0.2942
1778666908.4799,934,290,Center,0.4869,0.2687
1778666908.6281,934,259,Center,0.4865,0.2406
1778666908.6626,927,227,Center,0.4832,0.2107
1778666908.9669,926,231,Center,0.4827,0.2141
1778666909.0011,921,247,Center,0.4802,0.2293
1778666909.1419,948,287,Center,0.4939,0.2665
1778666909.169,927,332,Center,0.4832,0.3076
1778666909.3157,903,344,Center,0.4708,0.319
1778666909.3474,881,354,Center,0.4592,0.3287
1778666909.4798,854,354,Center,0.4453,0.3281
1778666909.5199,825,345,Center,0.4299,0.3195
1778666909.6601,823,349,Center,0.4289,0.3236
1778666909.7065,840,358,Center,0.4375,0.3316
1778666909.8451,838,351,Center,0.4368,0.3257
1778666909.8798,873,356,Center,0.455,0.3298
1778666910.0275,904,360,Center,0.4713,0.3336
1778666910.0636,938,395,Center,0.4888,0.3661
1778666910.212,961,427,Center,0.5007,0.3962
1778666910.2595,982,448,Center,0.5119,0.4155
1778666910.4511,993,459,Center,0.5175,0.4255
1778666910.4862,971,484,Center,0.5062,0.4485
1778666910.6355,945,442,Center,0.4926,0.4097
1778666910.6716,914,409,Center,0.4761,0.3795
1778666910.8036,895,398,Center,0.4663,0.3688
1778666910.8478,867,371,Center,0.4518,0.3435
1778666910.9953,875,370,Center,0.4559,0.3434
1778666911.0299,885,394,Center,0.4611,0.3652
1778666911.1626,873,410,Center,0.4552,0.38
1778666911.1999,873,416,Center,0.4549,0.3859
1778666911.3468,869,437,Center,0.453,0.4049
1778666911.3828,878,414,Center,0.4574,0.3835
1778666911.7762,885,403,Center,0.461,0.3741
1778666911.8066,888,395,Center,0.4627,0.3665
1778666911.9851,967,380,Center,0.504,0.3526
1778666912.1235,1058,377,Center,0.5514,0.3495
1778666912.1565,1066,466,Center,0.5553,0.432
1778666912.2839,1011,469,Center,0.5267,0.4349
1778666912.3249,1048,479,Center,0.5461,0.4442
1778666912.4895,979,500,Center,0.5102,0.4632
1778666912.6946,918,506,Center,0.4786,0.469
1778666912.7369,916,442,Center,0.4774,0.4099
1778666912.8676,978,462,Center,0.5099,0.4287
1778666912.9082,941,474,Center,0.4906,0.439
1778666913.0525,940,474,Center,0.4901,0.4397
1778666913.0912,932,479,Center,0.4857,0.4442
1778666913.2336,913,467,Center,0.4755,0.4333
1778666913.2717,882,421,Center,0.4595,0.3903
1778666913.4116,883,409,Center,0.4602,0.3794
1778666913.4496,861,384,Center,0.4487,0.3559
1778666913.5901,817,341,Center,0.4259,0.3167
1778666913.6305,815,354,Center,0.4248,0.3287
1778666913.786,822,354,Center,0.4282,0.3279
1778666913.8201,868,344,Center,0.4524,0.3187
1778666913.9594,899,379,Center,0.4687,0.3514
1778666913.9895,933,426,Center,0.4863,0.3951
1778666914.1358,973,427,Center,0.5068,0.3956
1778666914.1768,990,443,Center,0.5159,0.4105
1778666914.3269,958,432,Center,0.4992,0.4004
1778666914.3655,929,408,Center,0.4841,0.3783
1778666914.5031,903,390,Center,0.4708,0.3611
1778666914.5647,861,387,Center,0.4485,0.3584
1778666914.7007,848,418,Center,0.4418,0.3877
1778666914.7317,837,453,Center,0.436,0.42
1778666914.8686,863,481,Center,0.4498,0.4455
1778666914.9007,894,501,Center,0.4658,0.4642
1778666915.0418,917,499,Center,0.478,0.4625
1778666915.0734,944,486,Center,0.4919,0.4501
1778666915.2142,974,470,Center,0.5077,0.4357
1778666915.2457,985,476,Center,0.5132,0.4409
1778666915.3835,992,488,Center,0.5171,0.4523
1778666915.417,1002,509,Center,0.522,0.4714
1778666915.5565,1002,503,Center,0.5221,0.4664
1778666915.5921,1009,506,Center,0.5259,0.4687
1778666915.7302,1006,484,Center,0.5244,0.4486
1778666915.7753,1024,461,Center,0.5337,0.4276
1778666915.8985,1041,433,Center,0.5427,0.4012
1778666915.9311,1038,428,Center,0.5411,0.3969
1778666916.0759,1033,417,Center,0.5385,0.3862
1778666916.1074,1038,417,Center,0.5408,0.3865
1778666916.2489,1013,412,Center,0.5279,0.3821
1778666916.2935,1008,399,Center,0.5254,0.3699
1778666916.417,1023,399,Center,0.5329,0.37
1778666916.4516,1020,393,Center,0.5314,0.3645
1778666916.5788,1026,406,Center,0.5344,0.3768
1778666916.6125,1045,408,Center,0.5443,0.3781
1778666916.7473,1042,417,Center,0.5429,0.3861
1778666916.7819,1036,424,Center,0.5397,0.3926
1778666916.9172,1041,436,Center,0.5422,0.4042
1778666916.9504,1033,416,Center,0.5383,0.386
1778666917.0842,1018,414,Center,0.5302,0.3839
1778666917.1152,996,411,Center,0.519,0.3808
1778666917.2368,976,409,Center,0.5085,0.3791
1778666917.2749,957,404,Center,0.4987,0.3743
1778666917.4117,946,399,Center,0.4929,0.37
1778666917.4417,939,394,Center,0.4893,0.3651
1778666917.5851,940,388,Center,0.4897,0.3596
1778666917.6137,943,377,Center,0.4915,0.3493
1778666917.7536,945,369,Center,0.4925,0.3425
1778666917.7892,943,360,Center,0.4913,0.334
1778666917.9248,970,350,Center,0.5057,0.3244
1778666917.9559,991,340,Center,0.5162,0.3152
1778666918.0971,1009,335,Center,0.5255,0.3108
1778666918.1296,1022,331,Center,0.5326,0.3068
1778666918.2601,1038,329,Center,0.5409,0.3048
1778666918.3037,1022,368,Center,0.5326,0.341
