timestamp,screen_x,screen_y,direction,h_ratio,v_ratio
1778954262.6049,815,392,Center,0.4248,0.3633
1778954263.232,844,395,Center,0.4397,0.3658
1778954263.2706,843,401,Center,0.4392,0.3722
1778954263.4822,851,403,Center,0.4435,0.374
1778954263.5198,866,403,Center,0.4515,0.3733
1778954263.705,889,405,Center,0.4633,0.3752
1778954263.7429,921,387,Center,0.4798,0.3585
1778954264.0603,963,375,Center,0.502,0.3476
1778954264.0993,1005,372,Center,0.5238,0.3451
1778954264.3633,1027,374,Center,0.5351,0.3467
1778954264.4018,1016,380,Center,0.5292,0.3526
1778954264.5904,983,406,Center,0.5125,0.3765
1778954264.6265,947,422,Center,0.4936,0.3915
1778954264.7898,890,431,Center,0.464,0.3994
1778954264.827,857,433,Center,0.4465,0.4011
1778954264.9848,860,427,Center,0.4483,0.3954
1778954265.0257,855,417,Center,0.4457,0.3862
1778954265.1985,855,405,Center,0.4455,0.3751
1778954265.2388,873,384,Center,0.4552,0.3556
1778954265.3831,863,366,Center,0.4497,0.3393
1778954265.4187,850,350,Center,0.443,0.3246
1778954265.5703,846,337,Center,0.4408,0.313
1778954265.6066,837,326,Center,0.4362,0.3027
1778954265.8083,824,324,Center,0.4295,0.3006
1778954265.8437,827,322,Center,0.4308,0.2989
1778954266.0117,828,322,Center,0.4314,0.2982
1778954266.0475,829,321,Center,0.4322,0.2977
1778954266.214,832,322,Center,0.4338,0.2984
1778954266.247,838,324,Center,0.4367,0.3009
1778954266.3999,843,327,Center,0.4395,0.3035
1778954266.4405,849,329,Center,0.4427,0.305
1778954266.6066,855,331,Center,0.4454,0.3071
1778954266.6451,858,337,Center,0.4473,0.3128
1778954266.7916,900,351,Center,0.469,0.3252
1778954266.8273,949,359,Center,0.4944,0.3332
1778954266.9755,1064,387,Center,0.5547,0.3591
1778954267.0147,1218,426,Right,0.6346,0.3952
1778954267.1538,1369,460,Right,0.7132,0.4261
1778954267.2215,1358,417,Right,0.7078,0.3867
1778954267.3784,1276,350,Right,0.6647,0.3248
1778954267.413,1146,313,Center,0.5972,0.2906
1778954267.563,999,256,Center,0.5207,0.2379
1778954267.5971,839,237,Center,0.4371,0.2196
1778954267.7601,804,261,Center,0.4189,0.2424
1778954267.7903,822,334,Center,0.4285,0.3093
1778954267.9514,822,349,Center,0.4283,0.3235
1778954267.9878,801,378,Center,0.4176,0.3505
1778954268.1449,803,359,Center,0.4187,0.3327
1778954268.1795,817,391,Center,0.4257,0.3621
1778954268.3345,841,420,Center,0.4382,0.3891
1778954268.3643,882,435,Center,0.4596,0.4029
1778954268.5338,920,459,Center,0.4793,0.4254
1778954268.5649,953,466,Center,0.4964,0.4324
1778954268.7218,961,456,Center,0.5008,0.4228
1778954268.7513,969,438,Center,0.5051,0.4056
1778954268.8963,944,433,Center,0.4918,0.4015
1778954268.931,930,432,Center,0.4847,0.4004
1778954269.1097,909,456,Center,0.4735,0.4231
1778954269.1406,906,467,Center,0.4722,0.433
1778954269.3208,899,476,Center,0.4687,0.4411
1778954269.3554,919,491,Center,0.4789,0.4551
1778954269.5056,925,485,Center,0.482,0.4494
1778954269.535,945,483,Center,0.4925,0.4474
1778954269.6753,951,483,Center,0.4954,0.4473
1778954269.711,959,472,Center,0.4996,0.4372
1778954269.8643,957,458,Center,0.4989,0.4241
1778954269.8956,964,447,Center,0.5024,0.4141
1778954270.0651,957,447,Center,0.4988,0.4139
1778954270.0957,958,437,Center,0.499,0.4048
1778954270.2403,965,431,Center,0.5026,0.3995
1778954270.274,975,430,Center,0.5083,0.3983
1778954270.4076,987,414,Center,0.5145,0.3836
1778954270.4416,1002,375,Center,0.522,0.348
1778954270.5875,1022,375,Center,0.5323,0.3481
1778954270.6152,1032,373,Center,0.5378,0.3463
1778954270.7803,1032,373,Center,0.5379,0.3454
1778954270.8188,1044,382,Center,0.5438,0.3544
1778954270.9583,1086,398,Center,0.5659,0.369
1778954270.9859,1127,372,Center,0.5871,0.3452
1778954271.1347,1153,359,Right,0.6005,0.3328
1778954271.1659,1177,333,Right,0.6131,0.309
1778954271.3037,1180,317,Right,0.6147,0.2936
1778954271.3353,1151,302,Center,0.5998,0.2798
1778954271.4741,1116,323,Center,0.5813,0.2997
1778954271.5032,1088,321,Center,0.567,0.2975
1778954271.6506,1061,352,Center,0.5527,0.3268
1778954271.6835,1037,370,Center,0.5406,0.3429
1778954271.8264,1022,370,Center,0.5327,0.343
1778954271.8604,1012,354,Center,0.5274,0.328
1778954272.0052,1021,338,Center,0.532,0.3136
1778954272.0356,1029,307,Center,0.5364,0.2844
1778954272.1782,1040,286,Center,0.5419,0.265
1778954272.2137,1049,295,Center,0.5465,0.2736
1778954272.3711,1057,297,Center,0.5509,0.2757
1778954272.4051,1045,309,Center,0.5447,0.2869
1778954272.5451,1041,316,Center,0.5422,0.2935
1778954272.5752,1034,320,Center,0.539,0.2964
1778954272.7203,1025,313,Center,0.5342,0.29
1778954272.7539,1014,309,Center,0.5282,0.2861
1778954272.9097,1016,310,Center,0.5296,0.2875
1778954272.9409,1019,315,Center,0.5312,0.2924
1778954273.0876,1024,322,Center,0.5335,0.2986
1778954273.1186,1032,327,Center,0.538,0.3034
1778954273.2594,1026,332,Center,0.5348,0.3075
1778954273.2941,1021,336,Center,0.5321,0.312
1778954273.4325,1016,338,Center,0.5294,0.3135
1778954273.4629,1010,338,Center,0.5261,0.3131
1778954273.6349,1002,335,Center,0.522,0.3107
1778954273.6691,1009,326,Center,0.5259,0.3024
1778954273.824,1015,315,Center,0.5287,0.2917
1778954273.8609,1020,305,Center,0.5315,0.283
1778954274.0101,1022,299,Center,0.5327,0.2771
1778954274.0421,1020,294,Center,0.5315,0.2728
1778954274.211,1015,295,Center,0.5286,0.2739
1778954274.2434,1012,303,Center,0.5274,0.2813
1778954274.3905,1018,308,Center,0.5304,0.2858
1778954274.4227,1030,314,Center,0.5367,0.2912
1778954274.5618,1044,324,Center,0.5442,0.3003
1778954274.5943,1061,331,Center,0.5531,0.3071
1778954274.7387,1078,334,Center,0.5618,0.3094
1778954274.7713,1078,339,Center,0.5616,0.3142
1778954274.9178,1079,343,Center,0.5624,0.3183
1778954274.9483,1080,347,Center,0.5626,0.3214
1778954275.107,1081,352,Center,0.5634,0.3262
1778954275.137,1083,357,Center,0.5642,0.3312
1778954275.2905,1093,360,Center,0.5696,0.3341
1778954275.3236,1099,364,Center,0.5724,0.3378
1778954275.4741,1106,368,Center,0.5764,0.3416
1778954275.5105,1111,374,Center,0.5791,0.3463
1778954275.645,1116,377,Center,0.5815,0.3497
1778954275.6771,1125,383,Center,0.586,0.3551
1778954275.8413,1133,388,Center,0.5903,0.3599
1778954275.8695,1140,392,Center,0.5943,0.3636
1778954276.0095,1140,395,Center,0.594,0.3664
1778954276.0389,1131,395,Center,0.5894,0.3666
1778954276.194,1118,393,Center,0.5828,0.3643
1778954276.2254,1091,392,Center,0.5687,0.3638
1778954276.3755,1066,392,Center,0.5554,0.3634
1778954276.4071,1051,397,Center,0.5478,0.368
1778954276.5645,1045,373,Center,0.5447,0.3459
1778954276.5999,1043,352,Center,0.5434,0.3267
1778954276.7429,1041,329,Center,0.5423,0.3052
1778954276.7777,1040,304,Center,0.5422,0.2822
1778954276.9237,1037,304,Center,0.5402,0.2816
1778954276.9534,1031,333,Center,0.5371,0.3085
1778954277.0921,1018,358,Center,0.5305,0.3321
1778954277.1237,1015,383,Center,0.5292,0.3549
1778954277.2877,1008,408,Center,0.5252,0.378
1778954277.3184,1001,401,Center,0.5217,0.3719
1778954277.4635,1007,397,Center,0.5248,0.3682
1778954277.4985,1015,395,Center,0.5287,0.3663
1778954277.6459,1026,393,Center,0.5345,0.364
1778954277.6765,1038,390,Center,0.5407,0.3613
1778954277.8185,1048,390,Center,0.546,0.362
1778954277.8509,1044,394,Center,0.5439,0.365
1778954277.9928,1049,396,Center,0.5464,0.3672
1778954278.0263,1056,399,Center,0.5503,0.3703
1778954278.1799,1122,398,Center,0.5848,0.369
1778954278.2183,1221,385,Right,0.6362,0.3572
1778954278.3778,1344,393,Right,0.7001,0.3639
1778954278.4121,1430,382,Right,0.7448,0.3543
1778954278.5625,1527,403,Right,0.7954,0.3741
1778954278.6021,1547,409,Right,0.8058,0.3795
1778954278.7859,1550,443,Right,0.8076,0.4108
1778954278.8217,1534,435,Right,0.7993,0.4037
1778954278.9906,1538,478,Right,0.8013,0.4432
1778954279.028,1543,465,Right,0.8041,0.4315
1778954279.1906,1558,475,Right,0.812,0.4401
1778954279.2298,1566,479,Right,0.8159,0.4436
1778954279.396,1438,414,Right,0.7493,0.3833
1778954279.4366,1288,320,Right,0.671,0.2971
1778954279.6269,1144,315,Center,0.5959,0.2923
1778954279.6665,1009,294,Center,0.5256,0.273
1778954279.8741,877,255,Center,0.4571,0.2368
1778954280.0174,872,319,Center,0.4545,0.2961
1778954280.0544,881,385,Center,0.4591,0.3569
1778954280.481,881,393,Center,0.459,0.3646
1778954280.5102,877,413,Center,0.4573,0.3832
1778954280.6788,877,464,Center,0.4568,0.4304
1778954280.7091,871,484,Center,0.4538,0.4483
1778954280.8713,876,469,Center,0.4563,0.4348
1778954280.901,872,459,Center,0.4543,0.4259
1778954281.0477,873,452,Center,0.4548,0.4191
1778954281.0843,858,416,Center,0.4471,0.3857
1778954281.2566,850,395,Center,0.4428,0.3666
1778954281.2905,856,397,Center,0.446,0.3684
1778954281.4525,866,411,Center,0.4515,0.3806
1778954281.4814,895,400,Center,0.4666,0.3712
1778954281.6439,926,393,Center,0.4826,0.3641
1778954281.6734,961,380,Center,0.5008,0.3522
1778954281.8333,989,400,Center,0.5153,0.3713
1778954281.8632,1010,380,Center,0.5261,0.3522
1778954281.9951,1023,383,Center,0.5331,0.3553
1778954282.0276,1026,376,Center,0.5345,0.3488
1778954282.1789,1031,376,Center,0.537,0.3487
1778954282.2101,1026,350,Center,0.5344,0.3242
1778954282.3606,1007,360,Center,0.5248,0.3338
1778954282.3945,983,346,Center,0.5124,0.3208
1778954282.5419,976,344,Center,0.5085,0.3194
1778954282.5741,977,348,Center,0.5091,0.3226
1778954282.7066,986,353,Center,0.5139,0.3277
1778954282.7409,981,351,Center,0.511,0.3256
1778954282.8772,976,374,Center,0.5086,0.3465
1778954282.909,962,396,Center,0.5011,0.3667
1778954283.0649,928,409,Center,0.4836,0.3794
1778954283.0966,904,415,Center,0.4713,0.3851
1778954283.2372,915,413,Center,0.4768,0.3824
1778954283.2721,915,410,Center,0.4768,0.3804
1778954283.4084,925,414,Center,0.4821,0.3834
1778954283.4367,957,390,Center,0.4985,0.3612
1778954283.6055,989,372,Center,0.5156,0.3448
1778954283.6366,1031,367,Center,0.537,0.3402
1778954283.7886,1081,357,Center,0.5631,0.3309
1778954283.8226,1122,338,Center,0.5847,0.3132
1778954283.9607,1156,345,Right,0.6026,0.3201
1778954283.9917,1152,343,Right,0.6003,0.3178
1778954284.1336,1102,324,Center,0.574,0.3006
1778954284.1641,1042,341,Center,0.5429,0.3159
1778954284.3398,1013,348,Center,0.5279,0.323
1778954284.3727,984,345,Center,0.5125,0.3196
1778954284.5197,990,366,Center,0.5161,0.3396
1778954284.5544,1031,414,Center,0.5373,0.3841
1778954284.7275,1010,413,Center,0.5265,0.3829
1778954284.7565,961,438,Center,0.5007,0.4062
1778954284.9056,946,380,Center,0.4927,0.3522
1778954284.9358,777,515,Center,0.4052,0.4769
1778954285.0835,697,625,Left,0.3631,0.5788
1778954285.1177,540,753,Left,0.2815,0.698
1778954285.2592,384,868,Left,0.2002,0.8041
1778954285.2921,189,864,Left,0.0987,0.8
1778954285.4289,140,864,Left,0.073,0.8
1778954285.6134,193,864,Left,0.1008,0.8
1778954285.6426,532,864,Left,0.2775,0.8
1778954285.8028,732,864,Left,0.3814,0.8
1778954285.8323,957,930,Center,0.4985,0.8612
1778954286.0132,1169,763,Right,0.609,0.707
1778954286.046,1205,619,Right,0.628,0.5738
1778954286.1865,1070,481,Center,0.5576,0.4456
1778954286.2205,1064,344,Center,0.5544,0.319
1778954286.3661,1059,357,Center,0.5519,0.331
1778954286.3952,1064,388,Center,0.5543,0.3602
1778954286.5365,1030,393,Center,0.5369,0.3644
1778954286.5696,1040,378,Center,0.5418,0.3506
1778954286.7103,1016,390,Center,0.5296,0.3611
1778954286.7397,946,400,Center,0.4931,0.3706
1778954286.8879,890,404,Center,0.4636,0.3747
1778954286.9201,859,406,Center,0.4474,0.3769
1778954287.0623,820,424,Center,0.4271,0.393
1778954287.1015,833,408,Center,0.4339,0.3783
1778954287.2526,871,386,Center,0.4539,0.3582
1778954287.2838,920,363,Center,0.4794,0.3366
1778954287.4454,972,350,Center,0.5064,0.3241
1778954287.4715,984,338,Center,0.5129,0.3134
1778954287.6388,1009,332,Center,0.5258,0.3076
1778954287.6706,1052,337,Center,0.5481,0.3126
1778954287.832,1056,365,Center,0.5502,0.3383
1778954287.8671,979,374,Center,0.51,0.3471
1778954288.0038,966,308,Center,0.5035,0.2855
1778954288.035,1143,455,Center,0.5954,0.422
1778954288.1986,1133,598,Center,0.5905,0.5545
1778954288.2275,1096,535,Center,0.571,0.4961
1778954288.3794,1128,500,Center,0.5878,0.4634
1778954288.411,1162,498,Right,0.6057,0.4615
1778954288.5806,990,294,Center,0.516,0.2723
1778954288.642,968,146,Center,0.5043,0.1353
1778954288.7945,966,199,Center,0.5033,0.1849
1778954288.8599,957,231,Center,0.4988,0.2142
1778954289.0028,935,322,Center,0.4873,0.2988
1778954289.0322,1028,371,Center,0.5358,0.3442
1778954289.5304,984,406,Center,0.5129,0.3768
1778954289.5662,996,445,Center,0.5188,0.4122
1778954289.706,1038,373,Center,0.541,0.3461
1778954289.7395,1030,282,Center,0.5365,0.2616
1778954290.1206,995,297,Center,0.5186,0.2755
1778954290.2643,1057,281,Center,0.5505,0.261
1778954290.2961,1080,252,Center,0.5626,0.2337
1778954290.4296,1075,321,Center,0.5602,0.2978
1778954290.4573,1089,375,Center,0.5676,0.348
1778954290.6149,1050,366,Center,0.5474,0.3389
1778954290.646,1049,343,Center,0.5465,0.3184
1778954290.8009,1023,314,Center,0.5329,0.2909
1778954290.8345,1009,306,Center,0.5257,0.2835
1778954290.9812,985,312,Center,0.5133,0.289
1778954291.0096,925,301,Center,0.482,0.2791
1778954291.164,874,295,Center,0.4554,0.2732
1778954291.1943,865,295,Center,0.4509,0.2737
1778954291.3363,859,294,Center,0.4476,0.2731
1778954291.37,890,297,Center,0.464,0.2755
1778954291.5036,932,332,Center,0.4857,0.3079
1778954291.535,985,361,Center,0.5131,0.3351
1778954291.6864,1020,391,Center,0.5315,0.3628
1778954291.7187,1048,436,Center,0.5462,0.4046
1778954291.8598,1037,457,Center,0.5405,0.424
1778954291.8866,1013,438,Center,0.5279,0.4059
1778954292.0366,979,425,Center,0.5101,0.3944
1778954292.0709,955,415,Center,0.4975,0.3845
1778954292.2152,981,380,Center,0.5112,0.3519
1778954292.2554,1114,389,Center,0.5804,0.3609
1778954293.3537,1184,336,Right,0.6168,0.3114
1778954293.3889,1203,345,Right,0.6266,0.3202
1778954293.537,1244,345,Right,0.648,0.32
1778954293.5693,1219,341,Right,0.6349,0.3164
1778954293.713,1103,313,Center,0.5746,0.2907
1778954293.7494,1048,364,Center,0.546,0.3378
1778954293.9104,1045,357,Center,0.5446,0.3313
1778954293.9462,1010,332,Center,0.5264,0.3075
1778954294.0926,986,319,Center,0.5137,0.2956
1778954294.1298,953,309,Center,0.4966,0.2868
1778954294.2798,937,306,Center,0.4882,0.2836
1778954294.3187,920,296,Center,0.4797,0.2747
1778954294.4763,907,317,Center,0.4729,0.2941
1778954294.51,909,338,Center,0.4735,0.3134
1778954294.6714,911,348,Center,0.4749,0.3229
1778954294.7071,875,317,Center,0.4558,0.2939
1778954294.8645,828,352,Center,0.4316,0.3264
1778954294.927,781,375,Center,0.4072,0.3474
1778954295.0981,812,516,Center,0.4229,0.4783
1778954295.1314,790,666,Center,0.4118,0.6168
1778954295.3085,830,705,Center,0.4328,0.6531
1778954295.3359,876,635,Center,0.4566,0.5883
1778954295.4776,968,570,Center,0.5045,0.5279
1778954295.5086,982,411,Center,0.5119,0.3811
1778954295.661,1048,256,Center,0.5459,0.2377
1778954295.6917,1086,254,Center,0.5659,0.236
1778954295.8344,1113,287,Center,0.5802,0.2661
1778954295.8706,1101,326,Center,0.5739,0.302
1778954296.02,1081,344,Center,0.5635,0.3189
1778954296.0518,1063,359,Center,0.5538,0.3325
1778954296.2305,1098,394,Center,0.5722,0.3657
1778954296.2664,1141,418,Center,0.5946,0.3879
1778954296.4396,1231,452,Right,0.6415,0.4186
1778954296.4959,1243,490,Right,0.6474,0.4543
1778954296.6488,1229,507,Right,0.6406,0.4695
1778954296.6788,1146,498,Center,0.597,0.4618
1778954296.8216,1278,408,Right,0.6657,0.378
1778954296.8524,1292,304,Right,0.6733,0.2822
1778954297.3707,1269,232,Right,0.6611,0.2154
1778954297.405,1229,210,Right,0.6404,0.1951
1778954297.542,1240,173,Right,0.6461,0.1602
1778954297.5737,1043,228,Center,0.5434,0.2116
1778954297.7151,936,317,Center,0.4878,0.2938
1778954297.7527,916,330,Center,0.4773,0.3064
1778954297.9109,967,319,Center,0.5037,0.2955
1778954297.9467,964,321,Center,0.5025,0.2973
1778954298.1126,945,338,Center,0.4922,0.3134
1778954298.1453,894,336,Center,0.4658,0.3114
1778954298.2966,876,363,Center,0.4563,0.3366
1778954298.3301,848,386,Center,0.4421,0.3576
1778954298.4702,833,408,Center,0.4341,0.3786
1778954298.5337,830,414,Center,0.4326,0.3841
1778954298.7172,856,414,Center,0.4461,0.3838
1778954298.8834,937,414,Center,0.4885,0.3837
1778954298.9218,1019,549,Center,0.5311,0.5086
1778954299.0826,1065,554,Center,0.5549,0.5135
1778954299.1191,1080,539,Center,0.5629,0.4993
1778954299.2703,1063,515,Center,0.5541,0.4774
1778954299.3098,991,496,Center,0.5167,0.4601
1778954299.4772,901,351,Center,0.4697,0.3255
1778954299.5155,852,337,Center,0.4443,0.3124
1778954299.672,838,351,Center,0.437,0.3252
1778954299.7027,831,365,Center,0.4331,0.3388
1778954299.8533,849,370,Center,0.4422,0.3431
1778954299.8854,883,390,Center,0.4601,0.3615
1778954300.0375,933,403,Center,0.4864,0.3737
1778954300.0757,995,409,Center,0.5184,0.379
1778954300.2387,1052,425,Center,0.5483,0.3941
1778954300.2777,1081,450,Center,0.5633,0.4171
1778954300.4228,1093,453,Center,0.5695,0.4201
1778954300.4553,1072,429,Center,0.5587,0.3977
1778954300.6286,1039,415,Center,0.5412,0.385
1778954300.6584,1013,398,Center,0.5277,0.3694
1778954300.7928,979,377,Center,0.5101,0.3492
1778954300.8273,956,343,Center,0.4981,0.318
1778954300.9821,977,345,Center,0.5091,0.3202
1778954301.0131,1024,342,Center,0.5337,0.3173
1778954301.5332,1217,481,Right,0.6342,0.446
1778954302.2949,1085,410,Center,0.5652,0.3796
1778954302.3252,1054,429,Center,0.5493,0.3974
1778954302.4866,1003,500,Center,0.5228,0.4637
1778954302.5153,952,546,Center,0.4961,0.5062
1778954302.6607,756,426,Left,0.394,0.3947
1778954302.696,882,492,Center,0.4599,0.4557
1778954302.8335,915,475,Center,0.477,0.4403
1778954302.8663,926,410,Center,0.4826,0.38
1778954303.0143,917,371,Center,0.478,0.344
1778954303.0459,907,348,Center,0.4725,0.3231
1778954303.1998,907,355,Center,0.4724,0.329
1778954303.2393,914,358,Center,0.4764,0.3321
1778954303.3823,921,366,Center,0.4799,0.3393
1778954303.4115,920,360,Center,0.4796,0.334
1778954303.564,914,372,Center,0.4764,0.3446
1778954303.5933,903,379,Center,0.4706,0.3518
1778954303.7467,885,391,Center,0.4611,0.3621
1778954303.7799,867,390,Center,0.4518,0.3618
1778954303.9352,881,416,Center,0.4594,0.386
1778954303.9685,908,424,Center,0.4733,0.3927
1778954304.1128,957,432,Center,0.4989,0.4007
1778954304.1489,1011,443,Center,0.527,0.4104
1778954304.2904,1065,447,Center,0.5548,0.414
1778954304.3314,1066,450,Center,0.5557,0.4169
1778954304.5049,1112,391,Center,0.5796,0.3624
1778954304.6808,921,302,Center,0.4799,0.2803
1778954304.7132,902,215,Center,0.47,0.1993
1778954305.8289,1061,129,Center,0.553,0.1201
1778954306.5212,1024,136,Center,0.5334,0.126
1778954306.5546,930,185,Center,0.4846,0.1718
1778954306.7088,1095,233,Center,0.5708,0.2163
1778954306.7383,1077,312,Center,0.5611,0.2896
1778954306.8861,907,398,Center,0.4729,0.369
1778954306.9142,948,352,Center,0.494,0.326
1778954307.0686,966,345,Center,0.5035,0.3202
1778954307.0963,956,351,Center,0.4981,0.3254
1778954307.2693,936,339,Center,0.4875,0.3148
1778954307.2963,889,328,Center,0.4632,0.3044
1778954307.468,857,323,Center,0.4464,0.2998
1778954307.5027,859,307,Center,0.4475,0.2844
1778954307.6707,854,314,Center,0.4448,0.2911
1778954307.7095,844,309,Center,0.44,0.2869
1778954307.864,856,303,Center,0.446,0.2809
1778954307.8985,863,331,Center,0.4498,0.3073
1778954308.0609,867,351,Center,0.4519,0.3252
1778954308.0932,864,361,Center,0.4503,0.3345
1778954308.241,900,370,Center,0.4689,0.3432
1778954308.2818,918,377,Center,0.4785,0.3491
1778954308.4203,941,363,Center,0.4901,0.3362
1778954308.459,955,349,Center,0.4976,0.3238
1778954308.6035,964,278,Center,0.5026,0.2583
1778954308.6376,956,220,Center,0.4983,0.2045
1778954308.798,1023,252,Center,0.533,0.2339
1778954308.8358,1119,297,Center,0.5832,0.2756
1778954308.9848,1173,314,Right,0.611,0.2909
1778954309.0246,1137,373,Center,0.5924,0.3463
1778954309.1743,1092,431,Center,0.5691,0.3991
1778954309.2087,971,433,Center,0.5058,0.401
1778954309.3615,850,401,Center,0.4428,0.3715
1778954309.3978,791,431,Center,0.4122,0.3991
1778954309.5408,828,488,Center,0.4313,0.452
1778954309.5809,858,531,Center,0.447,0.4922
1778954309.7264,888,535,Center,0.4625,0.4962
1778954309.7628,898,544,Center,0.4681,0.5043
1778954309.9066,932,492,Center,0.4855,0.4557
1778954309.9426,947,476,Center,0.4937,0.4413
1778954310.094,962,507,Center,0.5014,0.4696
1778954310.1333,970,519,Center,0.5056,0.4811
1778954310.2852,998,517,Center,0.52,0.4792
1778954310.3251,997,531,Center,0.5195,0.4917
1778954310.4885,1000,557,Center,0.521,0.5163
1778954310.524,994,547,Center,0.5181,0.5073
1778954310.755,1009,533,Center,0.5256,0.4935
1778954310.7909,993,541,Center,0.5173,0.5011
1778954310.9581,975,560,Center,0.5083,0.519
1778954310.9969,983,555,Center,0.5123,0.5145
1778954311.1481,1007,549,Center,0.5246,0.5091
1778954311.1838,1013,565,Center,0.528,0.5232
1778954311.3483,1029,593,Center,0.5362,0.5493
1778954311.3852,1035,624,Center,0.5392,0.5786
1778954311.5334,1028,632,Center,0.5356,0.5857
1778954311.5703,1031,633,Center,0.5374,0.5862
1778954311.7226,1042,629,Center,0.5431,0.5827
1778954311.7588,1021,640,Center,0.5318,0.5934
1778954311.9703,979,599,Center,0.5104,0.5551
1778954312.1336,950,546,Center,0.4953,0.5062
1778954312.2756,894,489,Center,0.466,0.4534
1778954312.3133,849,439,Center,0.4424,0.4069
1778954316.8221,833,375,Center,0.4342,0.3478
1778954316.8514,858,361,Center,0.4471,0.3344
1778954317.0111,964,346,Center,0.5022,0.3213
1778954317.0409,1190,329,Right,0.6201,0.3055
1778954317.1853,1372,325,Right,0.7151,0.3009
1778954317.2197,1429,333,Right,0.7447,0.3085
1778954317.3601,1625,357,Right,0.8468,0.3312
1778954317.3898,1615,365,Right,0.8414,0.3386
1778954317.939,1395,400,Right,0.7271,0.3711
1778954318.1008,1207,419,Right,0.6287,0.3888
1778954318.1605,1185,436,Right,0.6173,0.4039
1778954318.3116,996,443,Center,0.5191,0.4103
1778954318.3508,914,433,Center,0.4763,0.4011
1778954318.5075,933,399,Center,0.486,0.3702
1778954318.5494,965,404,Center,0.5027,0.3745
1778954318.7025,922,402,Center,0.4806,0.3729
1778954318.7385,901,391,Center,0.4697,0.3622
1778954318.9055,887,416,Center,0.4624,0.3858
1778954318.9407,883,442,Center,0.46,0.4098
1778954319.0981,867,441,Center,0.4517,0.4092
1778954319.1331,879,413,Center,0.4579,0.3829
1778954319.2796,884,397,Center,0.4606,0.368
1778954319.3204,891,385,Center,0.4644,0.357
1778954319.4606,881,362,Center,0.4589,0.3353
1778954319.4953,890,345,Center,0.464,0.3203
1778954319.6499,908,348,Center,0.4729,0.3223
1778954319.6835,942,363,Center,0.4909,0.3368
1778954319.8367,962,360,Center,0.5014,0.3336
1778954319.873,1005,394,Center,0.5238,0.3651
1778954320.0253,1029,411,Center,0.5363,0.3806
1778954320.0629,1056,437,Center,0.5504,0.4054
1778954320.2361,1087,446,Center,0.5665,0.4136
1778954320.2753,1127,483,Center,0.5874,0.4481
1778954320.424,1150,468,Center,0.5994,0.4342
1778954320.4584,1159,459,Right,0.6041,0.425
1778954320.601,1147,445,Center,0.5978,0.4128
1778954320.6423,1106,452,Center,0.5764,0.4189
1778954320.7922,1064,443,Center,0.5545,0.4108
1778954320.8272,1035,459,Center,0.5395,0.4258
1778954320.9788,1016,477,Center,0.5295,0.4418
1778954321.014,1023,464,Center,0.5332,0.4304
1778954321.162,1046,430,Center,0.545,0.3989
1778954321.1978,1087,396,Center,0.5664,0.3668
1778954321.3636,1081,360,Center,0.5634,0.334
1778954321.4008,1045,334,Center,0.5445,0.3097
1778954321.735,992,347,Center,0.5167,0.3216
1778954321.9042,929,339,Center,0.4842,0.3143
1778954322.3706,870,332,Center,0.4532,0.3077
1778954322.5286,847,354,Center,0.4415,0.3282
1778954322.9189,890,363,Center,0.4639,0.3363
1778954323.0738,947,362,Center,0.4935,0.3354
1778954323.6067,961,383,Center,0.5007,0.355
1778954323.7759,963,400,Center,0.502,0.3704
1778954324.1607,961,390,Center,0.5009,0.3613
1778954324.3543,926,370,Center,0.4825,0.3431
1778954324.7676,920,357,Center,0.4794,0.3306
1778954324.9207,928,360,Center,0.4838,0.3341
1778954325.3348,950,366,Center,0.4951,0.3397
1778954325.4831,967,353,Center,0.5038,0.327
1778954325.9448,990,380,Center,0.5159,0.3525
1778954326.5693,940,352,Center,0.49,0.3262
1778954326.7187,948,319,Center,0.4943,0.2956
1778954327.3208,923,350,Center,0.4811,0.3247
1778954327.7303,923,350,Center,0.4811,0.3247
1778954328.3806,1116,407,Center,0.5815,0.3769
1778954328.5097,1271,372,Right,0.6624,0.3449
1778954329.1175,1360,413,Right,0.7084,0.3827
1778954329.5848,1437,444,Right,0.7488,0.4117
1778954329.7439,1506,415,Right,0.7847,0.3846
1778954330.1383,1387,386,Right,0.7228,0.3578
1778954330.2884,1236,419,Right,0.6441,0.3884
1778954330.7226,1185,418,Right,0.6173,0.3876
1778954330.8688,1091,377,Center,0.5687,0.3494
1778954331.2817,1030,347,Center,0.537,0.3215
1778954331.8136,765,476,Left,0.3988,0.4413
1778954331.9894,765,476,Left,0.3988,0.4413
1778954332.5143,734,473,Left,0.3827,0.4388
1778954332.9147,713,492,Left,0.3714,0.4561
1778954333.0744,698,518,Left,0.3639,0.4803
1778954333.4486,897,465,Center,0.4672,0.4309
1778954333.6009,1281,249,Right,0.6672,0.2309
1778954333.9557,1496,192,Right,0.7792,0.1779
1778954334.6418,1383,167,Right,0.7205,0.1552
1778954335.0313,1319,228,Right,0.6874,0.2119
1778954335.1699,1108,284,Center,0.5775,0.2631
1778954335.5415,929,352,Center,0.4841,0.3265
1778954335.6807,758,365,Left,0.3949,0.3384
1778954336.066,934,348,Center,0.4866,0.3228
1778954336.2186,1048,309,Center,0.5464,0.2866
1778954336.7829,1060,323,Center,0.5522,0.2992
1778954337.4165,1027,315,Center,0.5351,0.2925
1778954337.8691,1025,276,Center,0.5341,0.2559
1778954338.0264,962,294,Center,0.5012,0.2725
1778954338.4191,922,278,Center,0.4803,0.258
1778954338.6527,915,276,Center,0.4768,0.2557
1778954339.0647,918,292,Center,0.4785,0.2712
1778954339.212,903,362,Center,0.4708,0.3353
1778954339.5747,905,373,Center,0.4716,0.3454
1778954339.7197,927,368,Center,0.4831,0.3413
1778954340.1395,928,377,Center,0.4837,0.3494
1778954340.2746,939,375,Center,0.4894,0.3473
1778954340.6584,915,392,Center,0.477,0.3638
1778954340.7952,908,397,Center,0.4733,0.3677
1778954341.1683,884,418,Center,0.4605,0.3875
1778954341.3177,901,435,Center,0.4693,0.4028
1778954341.7613,897,453,Center,0.4674,0.4202
1778954341.8983,923,437,Center,0.4809,0.4051
1778954342.4049,942,425,Center,0.4911,0.3941
1778954342.5508,949,413,Center,0.4946,0.3825
1778954342.9303,920,385,Center,0.4792,0.3568
1778954343.0784,946,352,Center,0.4929,0.3266
1778954343.5043,930,363,Center,0.4844,0.3368
1778954343.6894,928,358,Center,0.4835,0.3322
1778954344.0659,923,345,Center,0.4811,0.3198
1778954344.2031,917,336,Center,0.4777,0.3119
1778954344.6416,883,327,Center,0.4602,0.3032
1778954344.7905,877,326,Center,0.4569,0.302
1778954345.1595,857,331,Center,0.4468,0.3067
1778954345.2779,865,333,Center,0.4508,0.309
1778954345.7275,877,340,Center,0.457,0.3155
1778954345.8892,868,359,Center,0.4522,0.3329
1778954346.2904,872,346,Center,0.4544,0.3205
1778954346.6063,866,340,Center,0.4513,0.3152
1778954346.9819,893,341,Center,0.4654,0.3166
1778954347.1054,914,349,Center,0.4763,0.3237
1778954347.4836,938,357,Center,0.4886,0.3309
1778954347.6149,945,373,Center,0.4922,0.3457
1778954348.0585,970,387,Center,0.5055,0.3589
1778954348.3404,934,356,Center,0.4865,0.3303
1778954348.7089,915,350,Center,0.4766,0.3248
1778954348.8529,896,359,Center,0.467,0.3324
1778954349.235,874,342,Center,0.4555,0.3167
1778954349.3919,831,337,Center,0.433,0.3123
1778954349.7566,836,374,Center,0.4358,0.3469
1778954349.8991,844,399,Center,0.4396,0.3698
1778954350.2906,856,398,Center,0.4463,0.3692
1778954350.4142,874,413,Center,0.4553,0.3829
1778954350.7778,903,427,Center,0.4705,0.396
1778954350.9115,905,437,Center,0.4714,0.4047
1778954351.3548,895,431,Center,0.4662,0.3994
1778954351.7947,889,415,Center,0.4634,0.3846
1778954352.3862,887,413,Center,0.4624,0.3833
1778954352.5176,914,403,Center,0.4763,0.374
1778954352.9099,920,404,Center,0.4792,0.3743
1778954353.0546,946,412,Center,0.4932,0.3821
1778954353.4816,960,412,Center,0.5002,0.3815
1778954353.61,940,413,Center,0.4897,0.383
1778954353.9751,917,405,Center,0.4777,0.3751
1778954354.1173,903,370,Center,0.4707,0.3428
1778954354.4757,890,329,Center,0.4638,0.3052
1778954354.6088,869,311,Center,0.453,0.2881
1778954355.0544,877,282,Center,0.4571,0.262
1778954355.2187,864,261,Center,0.4505,0.242
1778954355.6269,862,255,Center,0.4493,0.2366
1778954355.7697,866,264,Center,0.4511,0.2448
1778954356.1328,876,292,Center,0.4565,0.2712
1778954356.2623,894,310,Center,0.4656,0.2879
1778954356.6751,898,350,Center,0.4679,0.3246
1778954356.8383,963,367,Center,0.502,0.34
1778954357.3439,968,400,Center,0.5045,0.3712
1778954357.753,950,405,Center,0.4949,0.3759
1778954358.0743,927,403,Center,0.4828,0.3738
1778954358.5885,915,380,Center,0.4771,0.3519
1778954358.7334,847,375,Center,0.4416,0.3479
1778954359.1688,848,365,Center,0.442,0.338
1778954359.3077,899,351,Center,0.4684,0.3251
1778954359.7279,950,354,Center,0.4951,0.3283
1778954359.9864,954,362,Center,0.4969,0.3352
1778954360.4489,970,378,Center,0.5057,0.3508
1778954360.6419,941,368,Center,0.4901,0.3408
1778954361.0086,908,370,Center,0.4731,0.3432
1778954361.1546,847,378,Center,0.4416,0.3509
1778954361.5273,852,384,Center,0.4443,0.356
1778954361.6743,827,358,Center,0.431,0.3318
1778954362.056,824,343,Center,0.4295,0.3185
1778954362.1938,804,329,Center,0.4188,0.3054
1778954362.5688,818,313,Center,0.4264,0.2907
1778954362.7067,801,316,Center,0.4177,0.2928
1778954363.5052,799,335,Center,0.4164,0.311
1778954364.0126,842,351,Center,0.4387,0.3255
1778954364.1598,882,379,Center,0.4598,0.3517
1778954364.5523,908,408,Center,0.4734,0.3782
1778954364.7155,961,390,Center,0.5006,0.3612
1778954365.0776,970,399,Center,0.5055,0.3702
1778954365.2109,929,383,Center,0.4841,0.3547
1778954365.6273,895,360,Center,0.4664,0.3339
1778954365.7596,870,320,Center,0.4534,0.2967
1778954366.1637,832,311,Center,0.4335,0.2881
1778954366.3026,846,289,Center,0.4411,0.2683
1778954366.7054,853,302,Center,0.4444,0.2801
1778954366.8657,861,309,Center,0.4488,0.2865
1778954367.2806,856,321,Center,0.4462,0.2977
1778954367.4644,867,329,Center,0.4517,0.3049
1778954367.9004,897,334,Center,0.4673,0.3095
1778954368.0493,900,336,Center,0.4689,0.3116
1778954368.4553,903,330,Center,0.4707,0.306
1778954368.6038,922,335,Center,0.4804,0.3104
1778954369.0005,915,350,Center,0.4767,0.3244
1778954369.1322,871,364,Center,0.4539,0.3372
1778954369.6947,880,365,Center,0.4585,0.3387
1778954369.9399,909,372,Center,0.4737,0.3452
1778954370.333,928,390,Center,0.4838,0.3617
1778954370.5189,958,383,Center,0.4993,0.3554
1778954370.9103,973,377,Center,0.5069,0.3496
1778954371.0518,983,389,Center,0.5123,0.3607
1778954371.4303,950,403,Center,0.4952,0.3738
1778954371.5728,943,405,Center,0.4915,0.3756
1778954371.9987,922,405,Center,0.4806,0.3759
1778954372.1665,947,413,Center,0.4933,0.3832
1778954372.5389,958,401,Center,0.499,0.372
1778954372.7003,972,377,Center,0.5063,0.3495
1778954373.0628,945,340,Center,0.4926,0.3151
1778954373.2119,927,314,Center,0.4832,0.2916
1778954373.6283,888,285,Center,0.4627,0.2642
1778954373.7848,867,289,Center,0.4518,0.268
1778954374.2296,864,316,Center,0.4505,0.2928
1778954377.4696,877,319,Center,0.457,0.2959
1778954377.8471,892,332,Center,0.465,0.3078
1778954377.9888,910,366,Center,0.4741,0.3391
1778954378.394,910,354,Center,0.4743,0.3282
1778954378.5762,900,348,Center,0.4691,0.3226
1778954379.0056,893,357,Center,0.4654,0.3313
1778954379.1813,877,362,Center,0.4568,0.3356
1778954379.5554,855,347,Center,0.4455,0.3219
1778954379.7096,910,366,Center,0.4742,0.3391
1778954380.0948,932,331,Center,0.4858,0.3071
1778954380.2476,919,343,Center,0.4791,0.3183
1778954380.822,977,318,Center,0.5094,0.2946
1778954381.4788,1032,326,Center,0.5378,0.302
1778954381.743,1002,302,Center,0.522,0.2797
1778954382.1376,968,319,Center,0.5042,0.296
1778954382.2958,981,299,Center,0.5114,0.2773
1778954382.7119,931,315,Center,0.4854,0.2918
1778954382.8715,888,325,Center,0.4628,0.3016
1778954383.3652,865,326,Center,0.4509,0.3023
1778954383.7583,891,308,Center,0.4643,0.286
1778954385.1781,891,278,Center,0.4641,0.2581
1778954385.7191,877,274,Center,0.4572,0.2544
1778954386.9764,894,253,Center,0.4657,0.2345
1778954387.3019,867,253,Center,0.4516,0.2349
1778954388.4931,839,292,Center,0.4372,0.2713
1778954389.0752,832,354,Center,0.4336,0.3285
1778954389.5807,871,387,Center,0.454,0.3584
1778954389.8785,865,400,Center,0.4506,0.371
1778954390.3129,979,431,Center,0.51,0.3992
1778954390.5652,1054,425,Center,0.5492,0.3942
1778954391.4286,1078,427,Center,0.562,0.3958
1778954392.3699,1057,437,Center,0.5506,0.4051
1778954392.5056,1040,460,Center,0.542,0.4262
1778954392.9486,953,467,Center,0.4964,0.4331
1778954393.2409,906,439,Center,0.4721,0.4072
1778954393.38,897,407,Center,0.4674,0.3777
1778954393.7353,906,388,Center,0.4721,0.36
1778954393.8611,926,376,Center,0.4827,0.349
1778954394.2549,943,384,Center,0.4912,0.3556
1778954394.4267,934,427,Center,0.4865,0.396
1778954394.903,882,457,Center,0.4599,0.4237
1778954395.0717,852,499,Center,0.444,0.4627
1778954395.6484,840,507,Center,0.4379,0.4701
1778954395.8087,832,501,Center,0.4338,0.464
1778954396.438,847,487,Center,0.4413,0.451
1778954396.5952,888,483,Center,0.4628,0.4475
1778954397.0051,918,471,Center,0.4782,0.4366
1778954397.1575,907,483,Center,0.4726,0.4481
1778954397.557,906,493,Center,0.4721,0.4571
1778954397.7027,899,493,Center,0.4683,0.4569
1778954398.2241,903,506,Center,0.4707,0.469
1778954398.5969,895,500,Center,0.4662,0.4632
1778954398.7247,900,493,Center,0.4691,0.4565
1778954399.1389,871,469,Center,0.4539,0.435
1778954399.319,852,483,Center,0.4438,0.4475
1778954399.7162,853,462,Center,0.4443,0.4282
1778954399.8496,833,447,Center,0.434,0.4147
1778954400.2337,831,431,Center,0.4332,0.3997
1778954400.4022,858,440,Center,0.4474,0.4077
1778954400.8408,856,445,Center,0.4459,0.4125
1778954400.9861,844,460,Center,0.4397,0.4268
1778954401.5936,879,435,Center,0.4578,0.4034
1778954401.7557,938,431,Center,0.4888,0.3996
1778954402.1742,968,422,Center,0.5043,0.3916
1778954402.331,999,402,Center,0.5208,0.3731
1778954402.7468,1044,391,Center,0.5441,0.3621
1778954402.8875,1054,412,Center,0.5493,0.382
1778954403.3115,1014,420,Center,0.5282,0.3896
1778954403.4395,962,421,Center,0.5015,0.3903
1778954403.9056,934,415,Center,0.4865,0.3843
1778954404.0411,906,422,Center,0.4724,0.3908
1778954404.5775,900,425,Center,0.4692,0.3939
1778954404.7689,894,427,Center,0.4657,0.3959
1778954405.177,907,433,Center,0.4726,0.4018
1778954405.3492,911,447,Center,0.4748,0.4141
1778954405.7676,899,445,Center,0.4685,0.4129
1778954405.9429,884,441,Center,0.4605,0.409
1778954406.4017,898,432,Center,0.4682,0.4003
1778954406.5488,897,433,Center,0.4673,0.4016
1778954407.0517,919,441,Center,0.479,0.4091
1778954407.2248,945,454,Center,0.4927,0.4204
1778954407.6633,953,455,Center,0.4966,0.4216
1778954407.8077,931,470,Center,0.4849,0.4355
1778954408.1736,925,457,Center,0.482,0.4235
1778954408.3416,933,465,Center,0.4864,0.4315
1778954408.7609,921,448,Center,0.48,0.4149
1778954408.8996,935,452,Center,0.4871,0.4194
1778954409.281,919,441,Center,0.4791,0.4088
1778954409.4123,932,444,Center,0.4857,0.4113
1778954409.8043,906,432,Center,0.472,0.4
1778954409.9407,877,441,Center,0.4572,0.4084
1778954410.304,844,436,Center,0.4397,0.4043
1778954410.4332,852,427,Center,0.444,0.3956
1778954411.028,859,420,Center,0.4477,0.3896
1778954411.1629,867,403,Center,0.4521,0.3736
1778954412.1369,880,391,Center,0.4586,0.3624
1778954412.6454,869,389,Center,0.4527,0.3606
1778954413.1573,873,384,Center,0.4548,0.3561
1778954413.3151,857,381,Center,0.4465,0.353
1778954413.7165,822,413,Center,0.4282,0.3827
1778954413.8576,800,412,Center,0.417,0.3816
1778954414.3073,805,399,Center,0.4195,0.3698
1778954414.4658,807,410,Center,0.4207,0.3803
1778954414.9065,787,415,Center,0.4103,0.3847
1778954415.1146,780,398,Center,0.4067,0.3686
1778954415.5433,787,407,Center,0.4099,0.3773
1778954415.6878,792,442,Center,0.4128,0.4093
1778954416.0857,783,462,Center,0.4082,0.4279
1778954416.2097,793,490,Center,0.4131,0.4539
1778954416.6047,802,472,Center,0.4179,0.4377
1778954416.7668,831,462,Center,0.4329,0.4282
1778954417.1303,844,462,Center,0.4398,0.4285
1778954417.5691,867,434,Center,0.4517,0.4022
1778954418.1467,876,402,Center,0.4566,0.3725
1778954418.3128,881,400,Center,0.4593,0.3712
1778954418.7338,895,423,Center,0.4666,0.3923
1778954418.8785,948,424,Center,0.4941,0.3926
1778954419.2667,962,449,Center,0.5013,0.4166
1778954419.5481,981,455,Center,0.5113,0.4217
1778954419.959,998,453,Center,0.5199,0.4199
1778954420.1075,953,450,Center,0.4968,0.4176
1778954420.524,894,420,Center,0.4661,0.389
1778954420.7431,887,407,Center,0.462,0.3771
1778954421.0979,899,421,Center,0.4683,0.3898
1778954421.2347,909,448,Center,0.4735,0.4153
1778954421.596,959,432,Center,0.4997,0.4002
1778954421.7663,969,432,Center,0.5048,0.4003
1778954422.1697,937,416,Center,0.4882,0.3853
1778954422.345,915,397,Center,0.477,0.3681
1778954422.7914,913,384,Center,0.4756,0.3563
1778954422.985,918,402,Center,0.4784,0.3729
1778954423.419,915,422,Center,0.4768,0.3911
1778954423.5807,940,455,Center,0.4897,0.4221
1778954423.963,920,460,Center,0.4796,0.4263
1778954424.1178,921,475,Center,0.4802,0.4399
1778954424.574,897,465,Center,0.4673,0.4307
1778954424.7722,891,449,Center,0.4644,0.4163
1778954425.3564,861,420,Center,0.4485,0.3891
1778954425.5136,870,439,Center,0.4535,0.4069
1778954425.9603,858,416,Center,0.4472,0.3853
1778954426.1725,847,422,Center,0.4416,0.3915
1778954426.5381,864,428,Center,0.4505,0.397
1778954426.7441,896,446,Center,0.4668,0.4135
1778954428.65,908,420,Center,0.4733,0.389
1778954428.8456,917,434,Center,0.4776,0.4025
1778954429.2085,922,421,Center,0.4807,0.3904
1778954429.3787,910,414,Center,0.4742,0.3841
1778954429.7604,893,399,Center,0.4652,0.3695
1778954429.9074,872,410,Center,0.4543,0.38
1778954430.4229,882,388,Center,0.4597,0.3597
1778954430.5431,902,406,Center,0.4698,0.3763
1778954430.943,902,425,Center,0.47,0.394
1778954431.0782,889,414,Center,0.4632,0.3837
1778954431.4841,897,418,Center,0.4677,0.3871
1778954431.6161,889,401,Center,0.4632,0.3718
1778954431.9771,877,389,Center,0.4568,0.3607
1778954432.1749,885,381,Center,0.461,0.3536
1778954432.5507,919,402,Center,0.4788,0.3728
1778954432.6881,915,382,Center,0.4767,0.3538
1778954433.0718,898,383,Center,0.4682,0.3555
1778954433.2221,883,371,Center,0.4599,0.3439
1778954433.9415,872,363,Center,0.4543,0.3365
1778954434.092,851,353,Center,0.4437,0.3272
1778954434.5235,852,366,Center,0.4441,0.339
1778954434.6687,852,400,Center,0.4441,0.3704
1778954435.1135,865,418,Center,0.4507,0.3878
1778954435.247,891,424,Center,0.4645,0.393
1778954435.5928,913,431,Center,0.476,0.3992
1778954435.7361,934,437,Center,0.4866,0.4054
1778954436.376,929,446,Center,0.4839,0.4135
1778954436.5423,896,438,Center,0.467,0.4063
1778954437.0865,865,446,Center,0.451,0.4139
1778954437.2664,841,458,Center,0.4383,0.4245
1778954437.6801,815,452,Center,0.4249,0.419
1778954437.8629,834,457,Center,0.4349,0.4233
1778954438.3364,852,445,Center,0.4438,0.4121
1778954438.5034,830,428,Center,0.4326,0.3972
1778954438.9564,843,414,Center,0.4393,0.384
1778954439.117,852,402,Center,0.444,0.3729
1778954439.5756,852,386,Center,0.444,0.3581
1778954439.9578,858,403,Center,0.4472,0.374
1778954440.5167,877,420,Center,0.4572,0.3898
1778954440.6846,874,436,Center,0.4554,0.4043
1778954441.1023,866,470,Center,0.4515,0.4361
1778954441.2739,851,463,Center,0.4434,0.4289
1778954441.6356,887,477,Center,0.4623,0.4423
1778954441.783,937,485,Center,0.488,0.4494
1778954442.1696,935,474,Center,0.487,0.4395
1778954442.3461,975,429,Center,0.5083,0.398
1778954442.8765,1025,430,Center,0.5343,0.399
1778954443.0346,1036,403,Center,0.5397,0.3737
1778954443.4718,1042,375,Center,0.543,0.3479
1778954443.6144,1081,369,Center,0.5632,0.3419
1778954444.1301,1057,379,Center,0.5508,0.3511
1778954444.2796,1017,399,Center,0.53,0.3699
1778954444.6934,966,412,Center,0.5032,0.3821
1778954444.9318,908,431,Center,0.4731,0.3992
1778954445.5161,873,435,Center,0.455,0.4029
1778954445.7068,867,443,Center,0.4516,0.4104
1778954446.1388,853,435,Center,0.4447,0.403
1778954446.2845,864,434,Center,0.4501,0.4024
1778954446.6982,885,443,Center,0.461,0.4108
1778954446.8833,875,427,Center,0.4557,0.3956
1778954447.2507,890,415,Center,0.464,0.3844
1778954447.4197,922,389,Center,0.4807,0.3609
1778954447.8026,938,375,Center,0.4887,0.3472
1778954448.1426,957,358,Center,0.4989,0.3316
1778954448.673,994,384,Center,0.518,0.3559
1778954448.809,963,409,Center,0.5017,0.3793
1778954449.1616,952,444,Center,0.4959,0.4113
1778954449.3361,946,455,Center,0.4928,0.4215
1778954449.7816,960,445,Center,0.5005,0.4127
1778954449.9132,980,454,Center,0.5106,0.4207
1778954450.4069,1009,439,Center,0.5259,0.4072
1778954450.6045,1012,410,Center,0.5271,0.3797
1778954451.0471,992,388,Center,0.5167,0.3601
1778954451.1806,983,388,Center,0.512,0.3593
1778954451.5607,971,359,Center,0.5062,0.333
1778954451.7129,970,357,Center,0.5054,0.3311
1778954452.1368,961,357,Center,0.5005,0.3311
1778954452.2801,958,364,Center,0.4994,0.3373
1778954452.7215,905,363,Center,0.4717,0.3363
1778954452.8779,860,363,Center,0.4482,0.3367
1778954453.421,845,372,Center,0.4405,0.345
1778954453.7761,858,381,Center,0.4474,0.3537
1778954454.2576,858,388,Center,0.4472,0.3597
1778954454.4171,855,402,Center,0.4454,0.3727
1778954454.8415,854,423,Center,0.4452,0.3917
1778954455.008,848,423,Center,0.442,0.3918
1778954455.4163,825,431,Center,0.4301,0.3994
1778954455.5566,828,443,Center,0.4313,0.4104
1778954455.918,879,444,Center,0.4583,0.4117
1778954456.1668,877,407,Center,0.4569,0.3772
1778954456.7169,874,432,Center,0.4553,0.4009
1778954456.8991,881,426,Center,0.4593,0.3953
1778954457.3162,881,431,Center,0.4589,0.3994
1778954457.4459,862,426,Center,0.4493,0.3946
1778954457.8164,850,452,Center,0.4427,0.419
1778954457.9487,866,429,Center,0.4513,0.3972
1778954458.343,860,353,Center,0.448,0.3275
1778954458.487,867,328,Center,0.4518,0.3043
1778954458.8665,852,327,Center,0.4439,0.3036
1778954459.0764,874,332,Center,0.4552,0.3074
1778954459.4606,855,322,Center,0.4457,0.2986
1778954459.5998,864,406,Center,0.4505,0.3765
1778954459.9567,874,436,Center,0.4555,0.4045
1778954460.1247,887,427,Center,0.4623,0.3961
1778954460.4895,871,413,Center,0.4539,0.3828
1778954460.6473,868,430,Center,0.4522,0.3986
1778954461.0263,849,435,Center,0.4426,0.4035
1778954461.1857,825,442,Center,0.4298,0.4098
1778954461.7065,813,463,Center,0.4239,0.4288
1778954461.8563,846,475,Center,0.4407,0.4398
1778954462.2648,844,462,Center,0.44,0.4283
1778954462.6257,886,450,Center,0.4616,0.417
1778954463.1402,905,436,Center,0.4719,0.4046
1778954463.2887,926,413,Center,0.4823,0.3828
1778954463.6969,913,399,Center,0.4758,0.3699
1778954463.8797,924,398,Center,0.4814,0.3692
1778954464.2366,895,392,Center,0.4664,0.3631
1778954464.376,881,383,Center,0.4594,0.355
1778954464.7403,843,393,Center,0.4391,0.3645
1778954464.8967,854,412,Center,0.4451,0.3816
1778954465.3423,906,423,Center,0.4721,0.3921
1778954465.4831,954,429,Center,0.497,0.3977
1778954465.8672,1002,428,Center,0.5222,0.3964
1778954466.0207,1070,439,Center,0.5576,0.407
1778954466.3868,1116,413,Center,0.5814,0.3832
1778954466.5153,1114,391,Center,0.5807,0.3626
1778954466.9272,1084,362,Center,0.5648,0.3356
1778954467.0592,1044,345,Center,0.5438,0.3201
1778954467.4788,999,325,Center,0.5207,0.3013
1778954467.6166,943,337,Center,0.4915,0.3125
1778954467.9999,901,341,Center,0.4697,0.3158
1778954468.147,871,359,Center,0.454,0.333
1778954468.6317,886,361,Center,0.4618,0.3351
1778954468.7719,864,375,Center,0.4502,0.3472
1778954469.1893,846,391,Center,0.4411,0.3629
1778954469.3109,820,413,Center,0.4275,0.3829
1778954470.0034,852,404,Center,0.4438,0.3743
1778954470.158,872,416,Center,0.4545,0.386
1778954470.5471,890,429,Center,0.4636,0.3979
1778954470.7004,891,418,Center,0.4645,0.3875
1778954471.0572,892,412,Center,0.465,0.382
1778954471.2119,900,430,Center,0.469,0.3989
1778954471.5738,874,432,Center,0.4555,0.4001
1778954471.7361,881,386,Center,0.4591,0.3581
1778954472.2015,879,366,Center,0.4579,0.3395
1778954472.3826,871,369,Center,0.4541,0.3425
1778954472.79,834,374,Center,0.4345,0.3466
1778954473.0106,803,377,Center,0.4187,0.3492
1778954473.4137,775,405,Center,0.4038,0.3751
1778954473.6947,766,433,Left,0.3991,0.4013
1778954474.0808,791,436,Center,0.4122,0.4037
1778954474.2521,804,441,Center,0.4189,0.409
1778954474.6487,810,437,Center,0.4222,0.405
1778954474.8001,825,423,Center,0.4301,0.3925
1778954475.1972,836,407,Center,0.4356,0.3777
1778954475.3537,842,393,Center,0.439,0.3647
1778954475.7826,846,378,Center,0.441,0.3505
1778954475.9129,862,374,Center,0.4494,0.347
1778954476.2887,865,387,Center,0.4508,0.359
1778954476.4188,872,404,Center,0.4542,0.3745
1778954476.865,905,417,Center,0.4716,0.3869
1778954477.0026,925,434,Center,0.4821,0.4024
1778954477.3535,943,453,Center,0.4915,0.4195
1778954477.487,943,465,Center,0.4912,0.431
1778954477.9019,946,437,Center,0.4927,0.4049
1778954478.0425,877,414,Center,0.4573,0.3842
1778954478.5287,834,391,Center,0.4348,0.3625
1778954478.6955,792,370,Center,0.4126,0.3432
1778954479.1038,778,344,Center,0.4053,0.3188
1778954479.2658,767,375,Left,0.3999,0.348
1778954479.6286,786,398,Center,0.4094,0.3685
1778954479.7843,794,416,Center,0.4137,0.3858
1778954480.1588,800,438,Center,0.417,0.4056
1778954480.3079,783,477,Center,0.4078,0.4423
1778954480.7201,777,489,Center,0.4052,0.4534
1778954480.8518,775,471,Center,0.4039,0.4364
1778954481.2122,771,473,Center,0.4019,0.438
1778954481.5955,765,446,Left,0.3985,0.4133
1778954482.1554,788,412,Center,0.4107,0.382
1778954482.3343,802,305,Center,0.4178,0.2832
1778954482.7178,814,305,Center,0.4242,0.2828
1778954482.8598,853,285,Center,0.4447,0.2648
1778954483.2428,897,282,Center,0.4673,0.2613
1778954483.3761,943,280,Center,0.4914,0.2594
1778954483.7857,982,352,Center,0.5119,0.3259
1778954483.9626,1016,340,Center,0.5294,0.3151
1778954484.4613,996,323,Center,0.5191,0.2998
1778954484.745,968,349,Center,0.5042,0.3238
1778954485.1936,971,379,Center,0.5059,0.3516
1778954485.3363,982,381,Center,0.512,0.3529
1778954485.7232,962,396,Center,0.5013,0.3671
1778954485.871,942,414,Center,0.4907,0.3839
1778954486.41,943,420,Center,0.4914,0.3894
1778954486.5598,896,399,Center,0.4669,0.3698
1778954486.9338,985,427,Center,0.5132,0.3955
1778954487.0744,1024,444,Center,0.5338,0.4114
1778954487.451,1158,466,Right,0.6031,0.4324
1778954487.6388,1284,480,Right,0.6693,0.4446
1778954488.0753,1383,507,Right,0.7206,0.4695
1778954488.2272,1355,484,Right,0.706,0.449
1778954488.674,1432,508,Right,0.7463,0.4708
1778954488.8462,1448,519,Right,0.7545,0.4809
1778954489.246,1301,456,Right,0.678,0.4225
1778954489.4011,1184,429,Right,0.6171,0.3979
1778954489.8525,1068,437,Center,0.5565,0.4055
1778954490.091,949,385,Center,0.4947,0.357
1778954490.5615,822,341,Center,0.4285,0.3158
1778954490.7054,858,355,Center,0.4469,0.3287
1778954491.1661,890,334,Center,0.464,0.3098
1778954491.3525,895,328,Center,0.4664,0.3043
1778954491.7526,899,331,Center,0.4686,0.3069
1778954491.9403,890,369,Center,0.4636,0.3417
1778954492.3799,872,376,Center,0.4543,0.349
1778954492.7227,849,406,Center,0.4424,0.3761
1778954493.2708,854,421,Center,0.4451,0.39
1778954493.4162,850,448,Center,0.4428,0.4153
1778954493.8149,862,443,Center,0.4492,0.4108
1778954493.9616,866,468,Center,0.4515,0.4337
1778954494.386,900,464,Center,0.4688,0.4301
1778954494.5942,913,453,Center,0.4756,0.4204
1778954494.9849,902,437,Center,0.4702,0.4048
1778954495.2029,890,437,Center,0.4638,0.4054
1778954495.6726,895,401,Center,0.4662,0.3719
1778954495.9003,883,411,Center,0.4599,0.3806
1778954496.2737,877,435,Center,0.4573,0.403
1778954496.4275,918,427,Center,0.4786,0.396
1778954496.9186,932,403,Center,0.4858,0.3736
1778954497.0627,941,435,Center,0.4902,0.4035
1778954497.4729,930,437,Center,0.4845,0.4047
1778954497.6123,927,382,Center,0.4831,0.3539
1778954498.0367,893,366,Center,0.4656,0.3394
1778954498.1797,880,354,Center,0.4586,0.328
1778954498.8181,861,350,Center,0.4487,0.3245
1778954498.9727,858,348,Center,0.4473,0.3229
1778954499.6209,870,360,Center,0.4532,0.3342
1778954499.8879,885,370,Center,0.4612,0.3429
1778954500.2704,897,393,Center,0.4675,0.3641
1778954500.4119,908,377,Center,0.4734,0.3499
1778954500.7572,928,357,Center,0.4835,0.331
1778954500.8941,907,364,Center,0.4727,0.3379
1778954501.2908,906,369,Center,0.4719,0.3425
1778954501.4938,922,355,Center,0.4803,0.3288
1778954502.0235,931,356,Center,0.485,0.33
1778954502.1878,933,342,Center,0.4862,0.317
1778954502.6713,928,354,Center,0.4837,0.3279
1778954502.8088,920,368,Center,0.4795,0.3411
1778954503.1642,889,375,Center,0.4632,0.3478
1778954503.3505,893,376,Center,0.4652,0.3487
1778954503.7351,895,383,Center,0.4666,0.3549
1778954503.8802,921,376,Center,0.4797,0.3486
1778954504.2747,914,381,Center,0.4761,0.3534
1778954504.4187,924,386,Center,0.4813,0.3577
1778954504.8082,914,379,Center,0.4761,0.3516
1778954504.9938,908,379,Center,0.4731,0.3516
1778954505.3622,895,364,Center,0.4662,0.3372
1778954505.5141,912,337,Center,0.4752,0.3122
1778954505.9471,920,320,Center,0.4797,0.2965
1778954506.1007,914,341,Center,0.4762,0.3164
1778954506.4713,886,319,Center,0.4619,0.2961
1778954506.6166,890,325,Center,0.4638,0.3018
1778954507.0592,857,312,Center,0.4468,0.2897
1778954507.2308,842,342,Center,0.4389,0.3169
1778954507.6457,859,314,Center,0.4479,0.2913
1778954507.7854,883,339,Center,0.4599,0.3143
1778954508.1521,873,347,Center,0.455,0.3218
1778954508.3218,884,373,Center,0.4606,0.3455
1778954508.7149,885,355,Center,0.461,0.3289
1778954508.8488,891,366,Center,0.4643,0.3397
1778954509.2024,913,373,Center,0.4758,0.3458
1778954509.3513,902,351,Center,0.4699,0.3258
1778954509.7454,920,354,Center,0.4792,0.3285
1778954510.0887,917,363,Center,0.4778,0.3367
1778954510.5528,888,367,Center,0.463,0.3405
1778954510.7191,892,367,Center,0.4648,0.34
1778954511.1191,945,379,Center,0.4922,0.3513
1778954511.2585,959,384,Center,0.4997,0.3558
1778954511.639,1003,385,Center,0.5228,0.3568
1778954511.7877,1046,400,Center,0.545,0.3711
1778954512.1712,1073,388,Center,0.5589,0.3602
1778954512.3466,1027,386,Center,0.5353,0.3576
1778954512.7665,1017,390,Center,0.5301,0.362
1778954512.9247,972,397,Center,0.5065,0.3676
1778954513.3377,930,387,Center,0.4846,0.3588
1778954513.4977,881,404,Center,0.4589,0.3744
1778954513.9147,890,409,Center,0.4636,0.3794
1778954514.0697,869,389,Center,0.453,0.3609
1778954514.4487,876,363,Center,0.4567,0.337
1778954514.6161,899,343,Center,0.4687,0.3184
1778954514.9898,894,329,Center,0.4657,0.3054
1778954515.1276,907,315,Center,0.4728,0.2925
1778954515.7529,921,306,Center,0.48,0.2835
1778954516.0332,936,300,Center,0.4876,0.2782
1778954516.423,925,301,Center,0.4821,0.2792
1778954516.5844,968,313,Center,0.5042,0.2902
1778954516.9454,984,341,Center,0.5127,0.3164
1778954517.1017,981,379,Center,0.5112,0.3512
1778954517.4783,977,393,Center,0.5089,0.3645
1778954517.6537,973,403,Center,0.5071,0.3739
1778954518.0647,933,420,Center,0.4864,0.3898
1778954518.2138,900,385,Center,0.4688,0.3572
1778954518.5966,969,374,Center,0.505,0.3464
1778954518.8206,984,327,Center,0.5129,0.3033
1778954519.2328,988,331,Center,0.515,0.3072
1778954519.3912,992,320,Center,0.5171,0.2966
1778954519.8507,996,353,Center,0.5193,0.3277
1778954520.0081,917,349,Center,0.4779,0.324
1778954520.4397,871,385,Center,0.4538,0.3572
1778954520.6325,897,380,Center,0.4674,0.3519
1778954521.4494,916,385,Center,0.4775,0.3571
1778954521.7111,934,401,Center,0.4869,0.3719
1778954522.0893,955,412,Center,0.4975,0.382
1778954522.2271,1008,403,Center,0.5254,0.3737
1778954522.6932,1007,385,Center,0.5247,0.3569
1778954522.8427,1011,350,Center,0.5267,0.3247
1778954523.2028,994,314,Center,0.518,0.2915
1778954523.3358,978,295,Center,0.5099,0.2738
1778954523.7862,946,319,Center,0.4927,0.2957
1778954523.9458,908,336,Center,0.4733,0.3117
1778954524.3424,898,357,Center,0.4679,0.3314
1778954524.4903,931,365,Center,0.485,0.338
1778954524.851,941,378,Center,0.4905,0.35
1778954524.9957,942,369,Center,0.4907,0.3424
1778954525.6378,945,393,Center,0.4922,0.3647
1778954525.9653,922,416,Center,0.4804,0.3852
1778954526.4035,915,404,Center,0.4768,0.3741
1778954526.5635,913,391,Center,0.4758,0.3628
1778954526.9326,924,401,Center,0.4817,0.3716
1778954527.0553,942,358,Center,0.4909,0.3321
1778954527.4618,958,320,Center,0.4994,0.2965
1778954527.6435,936,318,Center,0.488,0.2948
1778954527.9978,906,320,Center,0.4719,0.297
1778954528.1316,910,312,Center,0.4744,0.289
1778954528.5323,910,343,Center,0.4744,0.3182
1778954528.6766,904,362,Center,0.471,0.3359
1778954529.0499,856,383,Center,0.446,0.3551
1778954529.2018,859,387,Center,0.4477,0.3591
1778954529.6084,794,385,Center,0.4136,0.3572
1778954529.7636,763,368,Left,0.3976,0.3413
1778954530.2112,766,377,Left,0.3994,0.3499
1778954530.3594,781,358,Center,0.4069,0.3323
1778954530.7869,818,344,Center,0.4261,0.3193
1778954530.9807,913,345,Center,0.476,0.3203
1778954531.4539,944,354,Center,0.4918,0.328
1778954531.6236,950,352,Center,0.4952,0.3265
1778954531.9854,977,383,Center,0.5091,0.3552
1778954532.1098,997,378,Center,0.5193,0.3503
1778954532.4973,988,382,Center,0.5151,0.3544
1778954532.6305,955,380,Center,0.4976,0.3525
1778954533.0567,890,391,Center,0.4638,0.3625
1778954533.1894,868,378,Center,0.4523,0.3506
1778954533.5572,800,401,Center,0.417,0.3715
1778954533.6859,748,411,Left,0.3901,0.381
1778954534.3295,743,403,Left,0.3874,0.3732
1778954534.5605,771,382,Center,0.4016,0.3542
1778954535.0462,795,406,Center,0.4141,0.3762
1778954535.254,829,421,Center,0.4323,0.3899
1778954535.6602,856,405,Center,0.4462,0.3752
1778954535.8459,883,409,Center,0.4599,0.3792
1778954536.2562,900,403,Center,0.4691,0.3733
1778954536.4353,887,389,Center,0.4621,0.3603
1778954536.777,874,383,Center,0.4555,0.3549
1778954536.9081,852,367,Center,0.4439,0.3402
1778954537.2335,875,349,Center,0.4558,0.3235
1778954537.3709,890,341,Center,0.4636,0.3162
1778954537.7643,897,314,Center,0.4672,0.2916
1778954537.8926,892,282,Center,0.4651,0.2619
1778954538.2888,907,290,Center,0.4726,0.2689
1778954538.4839,877,301,Center,0.4569,0.2789
1778954538.8757,862,308,Center,0.4494,0.2856
1778954539.0219,853,306,Center,0.4443,0.2838
1778954539.6264,889,311,Center,0.4632,0.2885
1778954539.9264,857,306,Center,0.4465,0.2842
1778954540.366,844,324,Center,0.4397,0.3007
1778954540.5255,821,337,Center,0.4281,0.3126
1778954540.9505,856,473,Center,0.4462,0.4387
1778954541.1037,827,527,Center,0.431,0.4881
1778954541.5399,873,548,Center,0.4551,0.5078
1778954541.6986,895,561,Center,0.4663,0.5195
1778954542.1498,920,573,Center,0.4792,0.5312
1778954542.3076,905,469,Center,0.4714,0.4348
1778954542.6518,914,417,Center,0.4764,0.3869
1778954542.8002,908,414,Center,0.4733,0.3836
1778954543.2358,925,407,Center,0.4819,0.377
1778954543.3862,954,389,Center,0.4973,0.3608
1778954543.7657,940,350,Center,0.4899,0.3245
1778954543.9071,946,359,Center,0.4931,0.3333
1778954544.3047,949,359,Center,0.4946,0.3328
1778954544.4241,945,363,Center,0.4927,0.3368
1778954544.8071,912,356,Center,0.4751,0.3304
1778954544.9492,964,363,Center,0.5024,0.3363
1778954545.3351,994,353,Center,0.5182,0.3273
1778954545.4795,1025,356,Center,0.5344,0.3298
1778954545.8347,1053,343,Center,0.5488,0.3178
1778954546.0501,1084,362,Center,0.5648,0.3358
1778954546.4789,1058,358,Center,0.5515,0.3322
1778954546.6713,1028,386,Center,0.5355,0.3578
1778954547.0813,1002,386,Center,0.5219,0.3578
1778954547.2433,932,378,Center,0.4855,0.3502
1778954547.9463,906,322,Center,0.4719,0.2986
1778954548.2104,848,316,Center,0.4421,0.2927
1778954548.5783,847,297,Center,0.4413,0.2758
1778954548.6954,841,296,Center,0.4385,0.2744
1778954549.0686,867,299,Center,0.4516,0.2776
1778954549.2792,861,340,Center,0.4489,0.3153
1778954549.6748,905,363,Center,0.4714,0.3366
1778954549.8215,883,353,Center,0.46,0.3269
1778954550.2079,858,344,Center,0.4474,0.3186
1778954550.3423,856,349,Center,0.4462,0.3237
1778954550.7698,868,361,Center,0.4523,0.3344
1778954550.9052,874,380,Center,0.4556,0.3525
1778954551.3172,873,412,Center,0.4549,0.3822
1778954551.6195,861,406,Center,0.4489,0.3764
1778954552.0216,846,402,Center,0.4411,0.3724
1778954552.1721,810,381,Center,0.4221,0.353
1778954552.5847,804,379,Center,0.4188,0.3515
1778954552.7164,824,355,Center,0.4296,0.329
1778954553.3735,851,366,Center,0.4436,0.3391
1778954553.6681,872,358,Center,0.4544,0.3321
1778954554.0862,891,363,Center,0.4642,0.337
1778954554.2468,871,351,Center,0.4541,0.3259
1778954554.6008,847,356,Center,0.4417,0.33
1778954554.7534,879,361,Center,0.4581,0.3343
1778954555.1331,913,369,Center,0.4759,0.3426
1778954555.2725,959,377,Center,0.4996,0.3493
1778954555.6551,959,300,Center,0.4999,0.2782
1778954555.818,974,276,Center,0.5078,0.2563
1778954556.1808,928,277,Center,0.4834,0.257
1778954556.4549,888,293,Center,0.4626,0.2721
1778954556.8527,844,295,Center,0.4396,0.2734
1778954557.0091,832,381,Center,0.4335,0.3532
1778954557.5658,810,417,Center,0.422,0.387
1778954557.7145,817,429,Center,0.426,0.3979
1778954558.0877,847,424,Center,0.4415,0.3927
1778954558.341,882,438,Center,0.4595,0.4065
1778954558.7937,893,421,Center,0.4654,0.39
1778954558.9344,927,396,Center,0.4828,0.3673
1778954559.3428,935,366,Center,0.4872,0.3392
1778954559.4924,922,372,Center,0.4806,0.3447
1778954559.863,912,364,Center,0.4751,0.3371
1778954560.0091,945,373,Center,0.4923,0.346
1778954560.4368,936,380,Center,0.4877,0.3525
1778954560.8453,919,388,Center,0.4789,0.3597
1778954561.2149,909,392,Center,0.4737,0.3633
1778954561.3743,899,404,Center,0.4683,0.3748
1778954561.751,886,393,Center,0.4617,0.3644
1778954561.8838,908,390,Center,0.4731,0.3613
1778954562.2903,950,395,Center,0.4952,0.3661
1778954562.4375,978,371,Center,0.5097,0.3439
1778954562.9103,1006,343,Center,0.5244,0.3181
1778954563.066,1036,381,Center,0.5398,0.3532
1778954563.4867,998,416,Center,0.5202,0.3858
1778954563.6389,951,426,Center,0.4956,0.3945
1778954564.0109,921,412,Center,0.4801,0.3821
1778954564.163,910,408,Center,0.4744,0.3781
1778954564.531,854,359,Center,0.4453,0.3327
1778954564.6715,847,347,Center,0.4413,0.3217
1778954565.0625,846,327,Center,0.4407,0.3035
1778954565.2112,840,350,Center,0.438,0.3246
1778954565.5853,814,362,Center,0.4243,0.3353
1778954565.7178,818,371,Center,0.4261,0.3438
1778954566.09,824,342,Center,0.4292,0.3167
1778954566.2201,840,375,Center,0.4377,0.3472
1778954566.5839,874,396,Center,0.4555,0.3668
1778954566.7338,909,399,Center,0.4739,0.3696
1778954567.1565,971,413,Center,0.5062,0.3833
1778954567.3158,1026,431,Center,0.5346,0.3998
1778954567.7816,1031,408,Center,0.5374,0.3778
1778954568.3004,1005,397,Center,0.5237,0.3682
1778954569.0037,988,413,Center,0.5148,0.3829
1778954569.1553,957,437,Center,0.4989,0.4055
1778954569.5931,920,425,Center,0.4797,0.3941
1778954569.7645,916,431,Center,0.4775,0.4
1778954570.1666,925,430,Center,0.482,0.3988
1778954570.311,935,424,Center,0.487,0.3926
1778954570.6752,924,397,Center,0.4813,0.3678
1778954570.8253,923,396,Center,0.4812,0.3673
1778954571.1762,911,391,Center,0.4745,0.3625
1778954571.3177,888,376,Center,0.4629,0.349
1778954571.8768,856,366,Center,0.446,0.3391
1778954572.0142,865,366,Center,0.4507,0.3394
1778954572.4437,873,376,Center,0.4552,0.3488
1778954572.5883,895,385,Center,0.4665,0.3569
1778954573.2291,885,387,Center,0.4614,0.3592
1778954573.4909,884,393,Center,0.4607,0.3647
1778954573.8597,883,402,Center,0.4602,0.3725
1778954573.9865,896,384,Center,0.4671,0.3563
1778954574.4764,928,371,Center,0.4838,0.344
1778954574.6679,980,365,Center,0.5109,0.3381
1778954575.0843,985,360,Center,0.5132,0.3342
1778954575.2581,974,354,Center,0.5078,0.3282
1778954575.6559,966,360,Center,0.5032,0.3334
1778954575.7949,948,357,Center,0.4942,0.331
1778954576.188,923,370,Center,0.4809,0.3434
1778954576.3407,931,372,Center,0.4853,0.3447
1778954576.7466,932,380,Center,0.4857,0.3521
1778954576.8745,916,404,Center,0.4771,0.3744
1778954577.2522,895,429,Center,0.4662,0.3976
1778954577.384,891,430,Center,0.4645,0.3987
1778954577.7862,886,438,Center,0.4615,0.4056
1778954577.9271,879,413,Center,0.458,0.383
1778954578.3134,888,419,Center,0.4626,0.3881
1778954578.6982,891,424,Center,0.4641,0.3932
1778954579.214,884,426,Center,0.4608,0.3947
1778954579.3397,884,403,Center,0.4608,0.374
1778954579.8328,897,413,Center,0.4674,0.383
1778954580.065,890,392,Center,0.4637,0.3639
1778954580.4761,907,380,Center,0.4728,0.3523
1778954580.6237,914,370,Center,0.4763,0.3429
1778954581.0553,946,379,Center,0.4931,0.3515
1778954581.2537,951,359,Center,0.4955,0.3331
1778954581.6951,971,338,Center,0.506,0.3135
1778954581.8386,979,319,Center,0.5102,0.2962
1778954582.2347,986,335,Center,0.5137,0.3102
1778954582.3816,957,350,Center,0.4988,0.325
1778954582.7512,929,389,Center,0.4843,0.3602
1778954582.917,895,424,Center,0.4667,0.393
1778954583.2787,850,449,Center,0.4427,0.4166
1778954583.4844,826,440,Center,0.4304,0.4078
1778954583.9032,827,434,Center,0.431,0.4019
1778954584.0481,835,433,Center,0.435,0.4014
1778954584.4808,835,435,Center,0.4349,0.4028
1778954584.6861,834,430,Center,0.4347,0.3984
1778954585.2877,854,415,Center,0.4452,0.3843
1778954585.6411,871,398,Center,0.4541,0.3691
1778954586.1252,909,380,Center,0.4738,0.3524
1778954586.328,940,365,Center,0.4899,0.3386
1778954586.7186,957,363,Center,0.4989,0.3362
1778954587.0026,947,374,Center,0.4933,0.3467
1778954587.4058,930,381,Center,0.4848,0.3533
1778954587.5625,881,386,Center,0.4589,0.3579
1778954587.9502,858,399,Center,0.4472,0.3696
1778954588.0973,852,407,Center,0.4438,0.3773
1778954588.4593,872,403,Center,0.4542,0.3732
1778954588.6273,881,398,Center,0.4589,0.3693
1778954589.0018,915,383,Center,0.4768,0.3554
1778954589.1643,914,379,Center,0.4763,0.3512
1778954589.5372,922,377,Center,0.4805,0.3497
1778954589.7001,921,399,Center,0.4801,0.3699
1778954590.0904,918,422,Center,0.4783,0.3911
1778954590.2222,912,451,Center,0.4754,0.4184
1778954590.6149,875,583,Center,0.456,0.5405
1778954590.7785,854,610,Center,0.445,0.565
1778954591.3196,845,582,Center,0.4403,0.5397
1778954591.467,849,543,Center,0.4422,0.5032
1778954591.8764,830,504,Center,0.4326,0.4674
1778954592.0322,878,345,Center,0.4574,0.3202
1778954592.529,889,326,Center,0.4633,0.3026
1778954592.6771,906,342,Center,0.4721,0.3167
1778954593.1141,870,361,Center,0.4535,0.3346
1778954593.3306,857,356,Center,0.4464,0.3305
1778954593.7375,842,350,Center,0.439,0.3245
1778954593.9658,881,319,Center,0.4589,0.2954
1778954594.3441,868,327,Center,0.4521,0.3031
1778954594.4896,927,329,Center,0.4833,0.3055
1778954594.8939,974,375,Center,0.5075,0.3476
1778954595.0486,994,416,Center,0.5179,0.3855
1778954595.4374,976,435,Center,0.5085,0.4031
1778954595.5787,973,408,Center,0.5068,0.3782
1778954596.0132,922,377,Center,0.4803,0.3492
1778954596.1424,897,342,Center,0.4672,0.3175
1778954596.5361,885,334,Center,0.4613,0.3095
1778954596.8187,867,345,Center,0.4519,0.3201
1778954597.2466,853,330,Center,0.4444,0.3062
1778954597.6198,865,361,Center,0.4506,0.3348
1778954598.1467,868,358,Center,0.4522,0.3318
1778954598.2985,861,343,Center,0.4486,0.3182
1778954598.6819,899,320,Center,0.4686,0.297
1778954598.8364,941,337,Center,0.4903,0.3128
1778954599.2353,932,358,Center,0.4854,0.3322
1778954599.382,949,397,Center,0.4946,0.3681
1778954599.7741,945,414,Center,0.4924,0.3839
1778954599.9063,918,430,Center,0.4782,0.3985
1778954600.2898,888,449,Center,0.4628,0.4164
1778954600.4999,899,439,Center,0.4684,0.4072
1778954600.9652,861,435,Center,0.4488,0.4037
1778954601.1469,852,447,Center,0.4438,0.4143
1778954601.5353,832,460,Center,0.4333,0.4263
1778954601.6774,817,472,Center,0.4257,0.4375
1778954602.0345,787,455,Center,0.4104,0.4219
1778954602.2151,777,425,Center,0.405,0.394
1778954602.7312,798,395,Center,0.4159,0.366
1778954603.1086,822,361,Center,0.4284,0.3343
1778954603.5925,840,336,Center,0.4378,0.3116
1778954603.7762,908,345,Center,0.4729,0.32
1778954604.1832,957,365,Center,0.4986,0.3381
1778954604.3201,984,382,Center,0.513,0.3544
1778954604.6925,980,399,Center,0.5106,0.37
1778954604.8338,984,401,Center,0.5125,0.3717
1778954605.2028,929,401,Center,0.4843,0.3721
1778954605.3599,892,398,Center,0.4646,0.3687
1778954605.7201,853,399,Center,0.4446,0.3696
1778954605.8406,855,408,Center,0.4455,0.3781
1778954606.221,835,402,Center,0.4353,0.3724
1778954606.3499,846,402,Center,0.4407,0.3729
1778954606.7339,855,405,Center,0.4454,0.3751
1778954606.8687,850,413,Center,0.4428,0.3833
1778954607.2116,824,421,Center,0.4292,0.3903
1778954607.3495,808,413,Center,0.421,0.3832
1778954607.7109,800,399,Center,0.4168,0.3702
1778954607.9682,790,397,Center,0.4116,0.3676
1778954608.3566,783,377,Center,0.408,0.3497
1778954608.8376,794,352,Center,0.4139,0.3261
1778954609.4708,840,366,Center,0.4377,0.3398
1778954609.6493,836,376,Center,0.4356,0.3483
1778954610.1023,863,375,Center,0.4499,0.3474
1778954610.2537,872,382,Center,0.4547,0.3537
1778954610.6707,880,366,Center,0.4587,0.3398
1778954610.8332,817,346,Center,0.4257,0.3212
1778954611.2055,824,351,Center,0.4293,0.325
1778954611.3782,821,329,Center,0.4278,0.3054
1778954611.7315,1027,344,Center,0.5352,0.3187
1778954611.8698,1182,405,Right,0.616,0.3751
1778954612.2437,1399,441,Right,0.7287,0.4089
1778954612.4409,1570,469,Right,0.8178,0.4351
1778954612.886,1496,424,Right,0.7794,0.3934
1778954613.0467,1252,368,Right,0.6521,0.3413
1778954613.5117,1053,286,Center,0.5487,0.2657
1778954613.6617,852,245,Center,0.4438,0.2272
1778954614.2676,676,194,Left,0.3522,0.1797
1778954614.55,730,258,Left,0.3806,0.2391
1778954614.9578,748,270,Left,0.39,0.2502
1778954615.1119,751,425,Left,0.3912,0.3938
1778954615.4908,772,490,Center,0.4023,0.4541
1778954615.6513,808,526,Center,0.4212,0.4876
1778954616.0449,798,516,Center,0.4157,0.4787
1778954616.2117,841,544,Center,0.4382,0.5043
1778954616.5999,880,436,Center,0.4588,0.4041
1778954616.7476,889,414,Center,0.4634,0.3836
1778954617.2136,864,419,Center,0.4505,0.388
1778954617.4057,871,436,Center,0.454,0.4044
1778954617.8045,877,422,Center,0.457,0.391
1778954617.9459,867,440,Center,0.452,0.408
1778954618.3469,874,407,Center,0.4553,0.3772
1778954618.5099,886,379,Center,0.462,0.351
1778954618.9282,904,373,Center,0.4709,0.3461
1778954619.1682,878,394,Center,0.4576,0.3656
1778954619.5675,875,355,Center,0.4558,0.3287
1778954619.7401,865,334,Center,0.451,0.31
1778954620.4536,864,313,Center,0.4501,0.2901
1778954620.781,865,302,Center,0.451,0.2804
1778954621.1502,862,282,Center,0.449,0.2617
1778954621.3001,878,286,Center,0.4578,0.2651
1778954621.6744,878,308,Center,0.4578,0.2856
1778954621.8243,865,332,Center,0.4506,0.3076
1778954622.2255,839,333,Center,0.4374,0.3087
1778954622.3687,816,337,Center,0.4251,0.3128
1778954622.7524,833,361,Center,0.4341,0.3345
1778954622.896,860,377,Center,0.4484,0.3499
1778954623.3615,883,377,Center,0.4602,0.3493
1778954623.4994,926,397,Center,0.4828,0.3685
1778954623.8816,973,398,Center,0.5071,0.3688
1778954624.0196,969,379,Center,0.5051,0.3518
1778954624.3605,959,377,Center,0.4995,0.35
1778954624.4957,946,382,Center,0.4929,0.3538
1778954624.9835,925,351,Center,0.4821,0.3252
1778954625.1206,913,336,Center,0.4757,0.3112
1778954625.4678,944,325,Center,0.4917,0.3009
1778954625.5965,947,324,Center,0.4937,0.3009
1778954626.0132,967,323,Center,0.5038,0.2991
1778954626.1629,986,336,Center,0.5138,0.3112
1778954626.5234,1039,351,Center,0.5413,0.3254
1778954626.9057,1064,361,Center,0.5543,0.3347
1778954627.3651,1118,351,Center,0.5827,0.3252
1778954627.4948,1141,369,Center,0.5945,0.3422
1778954627.8523,1168,366,Right,0.6086,0.339
1778954627.9858,1174,367,Right,0.6115,0.3402
1778954628.3575,1156,370,Right,0.6026,0.3429
1778954628.5005,1113,368,Center,0.5798,0.3414
1778954629.0324,1103,340,Center,0.5748,0.315
1778954629.1969,1083,337,Center,0.5643,0.3123
1778954629.672,1035,330,Center,0.5394,0.3061
1778954629.8139,987,328,Center,0.5143,0.3043
1778954630.3524,973,332,Center,0.5072,0.3076
1778954630.4846,955,351,Center,0.4977,0.3252
1778954631.0441,945,368,Center,0.4927,0.3413
1778954631.1791,962,385,Center,0.5013,0.3566
1778954631.6451,1006,389,Center,0.5241,0.3607
1778954631.7799,1036,388,Center,0.5396,0.3598
1778954632.1588,1068,379,Center,0.5565,0.3518
1778954632.285,1088,374,Center,0.5667,0.347
1778954632.7029,1074,386,Center,0.5596,0.3579
1778954632.8392,1020,397,Center,0.5313,0.3683
1778954633.3298,982,412,Center,0.5117,0.3823
1778954633.4775,970,426,Center,0.5057,0.3951
1778954633.8706,966,408,Center,0.5032,0.3787
1778954633.997,981,394,Center,0.5113,0.3651
1778954634.3996,1010,384,Center,0.5262,0.3564
1778954634.5687,1031,368,Center,0.537,0.3412
1778954635.0089,1043,352,Center,0.5435,0.3268
1778954635.1446,1041,379,Center,0.5425,0.351
1778954635.7866,1062,384,Center,0.5533,0.3564
1778954636.0364,1076,379,Center,0.5608,0.3518
1778954636.4522,1117,391,Center,0.582,0.3624
1778954636.7258,1142,404,Center,0.5949,0.3748
1778954637.1189,1188,405,Right,0.6189,0.3751
1778954637.3728,1216,403,Right,0.6334,0.3732
1778954638.0002,1193,416,Right,0.6214,0.3858
1778954638.1433,1117,425,Center,0.5821,0.3938
1778954638.7237,1029,419,Center,0.5361,0.3885
1778954638.8717,961,404,Center,0.501,0.3745
1778954639.2624,874,403,Center,0.4554,0.3737
1778954639.4178,842,403,Center,0.4388,0.3737
1778954639.8109,863,396,Center,0.4499,0.3671
1778954639.956,858,388,Center,0.4473,0.36
1778954640.3378,849,414,Center,0.4425,0.3838
1778954640.4825,869,400,Center,0.4528,0.3705
1778954640.8739,870,384,Center,0.4532,0.3558
1778954641.078,857,372,Center,0.4466,0.3451
1778954641.5031,865,370,Center,0.4509,0.3428
1778954641.6796,857,340,Center,0.4468,0.3149
1778954642.1106,835,333,Center,0.435,0.3087
1778954642.2799,842,352,Center,0.4388,0.3267
1778954642.6851,819,347,Center,0.4269,0.3214
1778954642.8285,831,324,Center,0.4331,0.3
1778954643.2331,826,318,Center,0.4304,0.2952
1778954643.6406,817,339,Center,0.426,0.3141
1778954644.2433,808,332,Center,0.421,0.3082
1778954644.3772,818,352,Center,0.4261,0.3262
1778954644.7616,829,390,Center,0.4318,0.3619
1778954644.9179,856,399,Center,0.4461,0.3695
1778954645.3346,851,367,Center,0.4435,0.3401
1778954645.5059,858,327,Center,0.447,0.3035
1778954645.9199,770,385,Center,0.4014,0.357
1778954646.1876,723,399,Left,0.3768,0.3703
1778954646.5909,647,453,Left,0.3375,0.4198
1778954646.7712,656,500,Left,0.3418,0.4636
1778954647.1757,683,541,Left,0.3558,0.5011
1778954647.3609,769,505,Center,0.4009,0.4685
1778954647.8782,797,513,Center,0.4153,0.4752
1778954648.0544,868,495,Center,0.4522,0.4586
1778954648.4455,885,489,Center,0.4611,0.4536
1778954648.572,872,526,Center,0.4545,0.487
1778954648.9448,878,528,Center,0.4574,0.4898
1778954649.0925,908,497,Center,0.4731,0.4604
1778954649.574,905,478,Center,0.4716,0.4431
1778954649.8807,902,474,Center,0.4702,0.4389
1778954650.264,915,447,Center,0.4768,0.414
1778954650.4807,956,431,Center,0.4984,0.3997
1778954650.9022,950,474,Center,0.4952,0.4395
1778954651.0449,938,498,Center,0.4887,0.4615
1778954651.4519,937,501,Center,0.4885,0.4641
1778954651.6903,932,496,Center,0.4857,0.4593
1778954652.0857,880,497,Center,0.4588,0.4605
1778954652.3107,872,458,Center,0.4543,0.4244
1778954652.7578,915,435,Center,0.4767,0.4029
1778954652.9196,962,448,Center,0.5014,0.4149
1778954653.3332,929,464,Center,0.484,0.4299
1778954653.4984,937,437,Center,0.4884,0.4053
1778954653.9025,925,432,Center,0.4818,0.4008
1778954654.0853,882,434,Center,0.4598,0.4024
1778954654.5437,819,431,Center,0.4267,0.3998
1778954654.6793,826,409,Center,0.4305,0.3789
1778954655.3022,1040,340,Center,0.5422,0.3157
1778954655.5164,1064,329,Center,0.5544,0.3051
1778954655.9316,1071,324,Center,0.558,0.3002
1778954656.0924,1071,293,Center,0.5582,0.2718
1778954656.561,1099,429,Center,0.5727,0.3975
1778954656.7431,905,517,Center,0.4714,0.4794
1778954657.2195,896,541,Center,0.467,0.5013
1778954657.4079,903,530,Center,0.4705,0.4915
1778954657.89,936,534,Center,0.4876,0.4945
1778954658.0508,922,394,Center,0.4802,0.3652
1778954658.5262,945,390,Center,0.4927,0.3615
1778954658.718,947,370,Center,0.4934,0.343
1778954659.1343,946,372,Center,0.4932,0.3447
1778954659.5807,1023,380,Center,0.5328,0.352
1778954660.0073,1050,400,Center,0.5469,0.371
1778954660.1757,1045,409,Center,0.5443,0.3796
1778954660.5937,1038,446,Center,0.5408,0.413
1778954660.7522,1052,475,Center,0.548,0.44
1778954661.1713,993,489,Center,0.5175,0.4533
1778954661.318,1001,483,Center,0.5219,0.4475
1778954661.7094,990,485,Center,0.5161,0.45
1778954661.8816,991,469,Center,0.5165,0.435
1778954662.3435,965,444,Center,0.5027,0.4116
1778954662.4961,940,427,Center,0.49,0.3954
1778954662.969,932,414,Center,0.4858,0.3839
1778954663.1295,950,403,Center,0.495,0.3737
1778954663.555,958,416,Center,0.4992,0.3852
1778954663.7212,978,421,Center,0.5099,0.3902
1778954664.1739,978,419,Center,0.5094,0.3887
1778954664.3465,952,426,Center,0.496,0.3947
1778954664.7704,924,415,Center,0.4816,0.3847
1778954664.9165,923,389,Center,0.4812,0.3608
1778954665.3337,915,400,Center,0.477,0.371
1778954665.4836,917,405,Center,0.4778,0.3758
1778954665.9197,906,375,Center,0.4723,0.3478
1778954666.1463,901,388,Center,0.4694,0.3597
1778954666.5826,881,403,Center,0.4592,0.3741
1778954666.7738,873,386,Center,0.4548,0.3582
1778954667.1781,841,350,Center,0.4384,0.3247
1778954667.5223,862,373,Center,0.4494,0.3461
1778954667.9856,874,355,Center,0.4553,0.329
1778954668.1702,879,319,Center,0.458,0.2957
1778954668.6168,882,308,Center,0.4596,0.2856
1778954668.763,908,357,Center,0.473,0.331
1778954669.1879,894,347,Center,0.4661,0.3217
1778954669.3737,888,295,Center,0.4626,0.2737
1778954669.967,905,309,Center,0.4718,0.2868
1778954670.1306,908,330,Center,0.4732,0.3061
1778954670.5193,897,258,Center,0.4675,0.2396
1778954670.671,890,265,Center,0.4637,0.2455
1778954671.1159,884,317,Center,0.4604,0.2939
1778954671.3253,872,347,Center,0.4545,0.3221
1778954671.761,869,343,Center,0.4531,0.3184
1778954671.9206,890,395,Center,0.464,0.3666
1778954672.3644,900,392,Center,0.4692,0.363
1778954672.4978,890,407,Center,0.4637,0.3773
1778954672.8828,879,378,Center,0.4581,0.3509
1778954673.0093,872,390,Center,0.4546,0.3613
1778954673.3791,872,408,Center,0.4543,0.3786
1778954673.5314,876,415,Center,0.4566,0.3849
1778954673.9192,870,413,Center,0.4535,0.3828
1778954674.1004,871,414,Center,0.454,0.3841
1778954674.4828,872,356,Center,0.4544,0.3305
1778954674.6295,846,300,Center,0.441,0.2782
1778954675.2678,853,289,Center,0.4445,0.268
1778954675.5227,865,264,Center,0.451,0.245
1778954675.9018,893,258,Center,0.4654,0.2395
1778954676.0362,910,288,Center,0.4744,0.2671
1778954676.4544,912,331,Center,0.4754,0.307
1778954676.5974,908,343,Center,0.473,0.3176
1778954676.9351,924,361,Center,0.4813,0.3352
1778954677.0677,974,298,Center,0.5073,0.2765
1778954677.4771,957,318,Center,0.4985,0.2948
1778954677.6363,960,304,Center,0.5005,0.2815
1778954678.0506,949,339,Center,0.4944,0.3142
1778954678.2132,950,352,Center,0.4949,0.3262
1778954678.5988,897,435,Center,0.4674,0.4029
1778954678.7241,906,426,Center,0.472,0.3945
1778954679.1716,944,421,Center,0.4919,0.3907
1778954679.314,965,363,Center,0.5029,0.3366
1778954679.7478,968,345,Center,0.5045,0.3201
1778954679.9098,947,321,Center,0.4934,0.298
1778954680.6117,960,298,Center,0.5,0.2767
1778954680.9538,933,287,Center,0.4864,0.2664
1778954681.4471,934,282,Center,0.487,0.2619
1778954681.5906,906,271,Center,0.4719,0.251
1778954681.9353,966,275,Center,0.5035,0.2554
1778954682.0617,1003,292,Center,0.5227,0.2709
1778954682.4096,1055,316,Center,0.55,0.293
1778954682.547,1067,335,Center,0.5559,0.3105
1778954682.9207,1085,340,Center,0.5651,0.3157
1778954683.0761,1047,338,Center,0.5457,0.3131
1778954683.4668,1009,329,Center,0.5256,0.3047
1778954683.624,963,304,Center,0.5019,0.2816
1778954684.0856,930,323,Center,0.4848,0.2996
1778954684.2823,941,344,Center,0.4902,0.3192
1778954684.7604,927,364,Center,0.483,0.3375
1778954684.8939,912,376,Center,0.4755,0.349
1778954685.3319,894,408,Center,0.4658,0.3784
1778954685.745,908,393,Center,0.4733,0.3643
1778954686.2559,901,360,Center,0.4698,0.3337
1778954686.4445,888,360,Center,0.4626,0.3336
1778954686.8179,939,348,Center,0.4893,0.3229
1778954686.9633,1002,343,Center,0.5223,0.3185
1778954687.4499,1045,347,Center,0.5445,0.3215
1778954687.5971,1081,367,Center,0.5634,0.3406
1778954687.9956,1123,362,Center,0.5853,0.3355
1778954688.12,1116,374,Center,0.5816,0.3472
1778954688.4903,1112,374,Center,0.5797,0.3463
1778954688.6425,1092,360,Center,0.5689,0.3341
1778954689.1293,1082,349,Center,0.5639,0.3238
1778954689.2587,1068,331,Center,0.5567,0.3071
1778954689.6861,1041,339,Center,0.5422,0.3144
1778954689.8525,1007,346,Center,0.5249,0.321
1778954690.2566,975,360,Center,0.5081,0.3336
1778954690.4515,940,364,Center,0.4897,0.3376
1778954691.0039,972,380,Center,0.5063,0.3528
1778954691.4062,1000,368,Center,0.5209,0.3413
1778954691.9875,1045,342,Center,0.5446,0.3172
1778954692.1258,1106,316,Center,0.5765,0.2927
1778954692.5095,1152,302,Right,0.6004,0.2806
1778954692.6634,1176,286,Right,0.6126,0.2654
1778954693.0518,1197,256,Right,0.6235,0.237
1778954693.1871,1147,251,Center,0.5979,0.2329
1778954693.6081,1093,260,Center,0.5696,0.2411
1778954693.7494,1059,268,Center,0.5518,0.2483
1778954694.1277,988,276,Center,0.5151,0.256
1778954694.2653,938,303,Center,0.4886,0.2813
1778954694.6272,944,319,Center,0.4918,0.2954
1778954694.7638,959,321,Center,0.4996,0.2976
1778954695.1596,952,311,Center,0.4963,0.2888
1778954695.3941,947,302,Center,0.4937,0.2798
1778954695.8364,941,309,Center,0.4902,0.2869
1778954695.9881,908,279,Center,0.4731,0.259
1778954696.6989,906,256,Center,0.4719,0.2375
1778954696.9905,895,241,Center,0.4662,0.2233
1778954697.3888,919,247,Center,0.4789,0.2289
1778954697.5913,942,244,Center,0.4908,0.2268
1778954697.9218,974,282,Center,0.5075,0.2614
1778954698.0765,976,294,Center,0.5086,0.2723
1778954698.5277,966,311,Center,0.5036,0.2888
1778954698.8245,951,297,Center,0.4958,0.2756
1778954699.2415,921,279,Center,0.48,0.2586
1778954699.3696,942,275,Center,0.4909,0.2554
1778954699.7277,961,298,Center,0.5009,0.2764
1778954699.8779,984,315,Center,0.5128,0.2926
1778954700.2642,985,354,Center,0.5134,0.3284
1778954700.3969,996,389,Center,0.5188,0.3607
1778954700.7469,961,409,Center,0.5009,0.3789
1778954700.9639,935,434,Center,0.4874,0.402
1778954701.4023,937,418,Center,0.4882,0.3871
1778954701.5504,881,332,Center,0.459,0.3077
1778954701.9589,895,270,Center,0.4665,0.2502
1778954702.0862,911,261,Center,0.4748,0.2421
1778954702.5457,895,256,Center,0.4665,0.2373
1778954702.6826,903,293,Center,0.4703,0.2719
1778954703.0577,966,370,Center,0.5033,0.3428
1778954703.2264,978,377,Center,0.5096,0.3491
1778954703.6389,971,370,Center,0.5059,0.343
1778954704.0377,955,368,Center,0.4978,0.3408
1778954704.6221,932,345,Center,0.4858,0.3197
1778954704.8283,922,344,Center,0.4805,0.319
1778954705.2504,897,390,Center,0.4675,0.3618
1778954705.3872,927,358,Center,0.4829,0.3317
1778954705.7726,985,343,Center,0.5132,0.3178
1778954705.9012,1061,306,Center,0.5531,0.2842
1778954706.2741,1059,303,Center,0.5516,0.2806
1778954706.4064,1061,291,Center,0.5528,0.2704
1778954706.8687,1045,300,Center,0.5448,0.278
1778954707.0136,1013,276,Center,0.5278,0.2556
1778954707.4434,968,319,Center,0.5042,0.2954
1778954707.5987,991,326,Center,0.5166,0.3023
1778954708.0037,1000,336,Center,0.5212,0.3115
1778954708.1611,988,360,Center,0.5147,0.334
1778954708.6058,973,389,Center,0.5072,0.3604
1778954708.7323,949,396,Center,0.4946,0.3672
1778954709.3668,924,384,Center,0.4815,0.3558
1778954709.5346,906,362,Center,0.4719,0.3361
1778954709.8955,907,342,Center,0.4727,0.3168
1778954710.0597,930,317,Center,0.4844,0.2943
1778954710.5056,912,309,Center,0.4754,0.2867
1778954710.6353,938,305,Center,0.489,0.283
1778954711.0465,956,323,Center,0.4983,0.2991
1778954711.2343,974,353,Center,0.5075,0.3274
1778954711.6566,990,393,Center,0.5157,0.3642
1778954711.8096,1031,407,Center,0.5374,0.3772
1778954712.2395,1027,401,Center,0.535,0.3716
1778954712.3782,1031,383,Center,0.5371,0.3547
1778954712.7834,1036,360,Center,0.54,0.3334
1778954712.9345,981,293,Center,0.5114,0.272
1778954713.3371,955,270,Center,0.4978,0.2507
1778954713.4862,909,268,Center,0.4736,0.2488
1778954713.916,882,270,Center,0.4596,0.2506
1778954714.08,851,263,Center,0.4437,0.2439
1778954714.486,867,317,Center,0.4516,0.2938
1778954714.6619,892,268,Center,0.465,0.2483
1778954715.269,951,249,Center,0.4957,0.231
1778954715.4201,914,245,Center,0.4764,0.2271
1778954715.9309,935,247,Center,0.4871,0.2291
1778954716.3465,969,245,Center,0.5051,0.2277
1778954716.4962,999,293,Center,0.5203,0.2722
1778954717.0536,1019,293,Center,0.5311,0.2719
1778954717.212,1103,312,Center,0.5746,0.2892
1778954717.821,1126,353,Center,0.5869,0.3275
1778954718.2457,1264,489,Right,0.6587,0.4536
1778954718.4208,1354,638,Right,0.7053,0.5912
1778954718.8562,1184,818,Right,0.6168,0.7578
1778954719.005,1105,949,Center,0.5758,0.8787
1778954719.4111,994,1067,Center,0.5179,0.9886
1778954719.58,769,1056,Center,0.4009,0.9787
1778954720.0643,578,963,Left,0.3013,0.8919
1778954720.259,749,816,Left,0.3906,0.7557
1778954720.7147,837,694,Center,0.4363,0.6434
1778954720.872,954,573,Center,0.4973,0.5313
1778954721.2739,1037,466,Center,0.5402,0.4323
1778954721.4207,1104,447,Center,0.5751,0.4145
1778954721.8243,1037,478,Center,0.5402,0.4429
1778954721.9696,969,501,Center,0.5048,0.4648
1778954722.4312,912,507,Center,0.4751,0.4701
1778954722.5738,898,527,Center,0.468,0.4887
1778954722.9606,882,519,Center,0.4595,0.481
1778954723.1044,890,522,Center,0.464,0.4841
1778954723.5237,905,531,Center,0.4718,0.4922
1778954723.6732,899,527,Center,0.4686,0.4882
1778954724.059,899,518,Center,0.4687,0.4803
1778954724.2197,904,527,Center,0.4713,0.4889
1778954724.6959,896,523,Center,0.4667,0.4844
1778954724.8408,901,521,Center,0.4698,0.4832
1778954725.2631,963,522,Center,0.5016,0.4841
1778954725.4752,986,511,Center,0.5136,0.4739
1778954726.385,947,505,Center,0.4935,0.4683
1778954726.55,963,518,Center,0.5017,0.48
1778954726.7872,958,550,Center,0.4993,0.5095
1778954726.9649,900,607,Center,0.469,0.5627
1778954727.3814,878,654,Center,0.4575,0.6063
1778954727.9434,906,643,Center,0.4724,0.5961
1778954728.0893,890,629,Center,0.4637,0.5828
1778954728.4689,884,572,Center,0.4609,0.5302
1778954728.6201,897,527,Center,0.4673,0.4889
1778954729.041,878,509,Center,0.4576,0.4718
1778954729.2097,882,543,Center,0.4597,0.5033
1778954729.6806,876,553,Center,0.4564,0.5125
1778954729.8316,895,564,Center,0.4664,0.523
1778954730.2579,881,518,Center,0.4592,0.4799
1778954730.3955,883,468,Center,0.46,0.4334
1778954730.8888,883,436,Center,0.4604,0.4046
1778954731.0956,909,410,Center,0.4735,0.3802
1778954731.7062,899,382,Center,0.4682,0.3537
1778954731.8728,892,372,Center,0.4651,0.3447
1778954732.2642,902,347,Center,0.4698,0.3221
1778954732.448,884,315,Center,0.4609,0.292
1778954732.8544,872,298,Center,0.4546,0.2766
1778954733.0022,859,280,Center,0.4475,0.2595
1778954733.4114,869,313,Center,0.453,0.2901
1778954733.5895,857,331,Center,0.4468,0.3065
1778954733.984,870,342,Center,0.4533,0.3172
1778954734.1416,864,341,Center,0.4503,0.316
1778954734.5417,860,382,Center,0.4479,0.3545
1778954734.7898,841,366,Center,0.4382,0.3394
1778954735.2197,873,361,Center,0.455,0.3347
1778954735.9518,876,379,Center,0.4565,0.3516
1778954736.1527,897,384,Center,0.4675,0.3559
1778954736.58,912,343,Center,0.4755,0.3182
1778954736.7241,928,331,Center,0.4838,0.3067
1778954737.1208,901,312,Center,0.4697,0.2896
1778954737.2815,905,315,Center,0.4716,0.2922
1778954737.6961,901,340,Center,0.4693,0.3155
1778954737.8599,887,343,Center,0.4623,0.3179
1778954738.2681,880,388,Center,0.4586,0.3597
1778954738.4545,868,422,Center,0.4525,0.3915
1778954738.9186,856,393,Center,0.446,0.3641
1778954739.0696,879,327,Center,0.4583,0.3032
1778954739.4843,883,319,Center,0.4601,0.2957
1778954739.6374,883,267,Center,0.4603,0.2481
1778954740.0557,885,258,Center,0.4613,0.2391
1778954740.242,930,281,Center,0.4844,0.2604
1778954740.666,901,344,Center,0.4697,0.3191
1778954741.107,891,350,Center,0.4642,0.3242
1778954741.5059,907,355,Center,0.4729,0.3295
1778954741.645,937,358,Center,0.4883,0.3323
1778954742.0025,935,365,Center,0.4875,0.3386
1778954742.1601,950,369,Center,0.495,0.3426
1778954742.5589,991,382,Center,0.5163,0.3546
1778954742.7293,996,414,Center,0.5189,0.3839
1778954743.1324,1002,417,Center,0.5222,0.3863
1778954743.3187,967,410,Center,0.5041,0.3799
1778954743.7274,950,396,Center,0.4949,0.3673
1778954743.838,922,417,Center,0.4806,0.3865
1778954744.1921,913,396,Center,0.4757,0.3671
1778954744.34,900,379,Center,0.469,0.3517
1778954744.7253,907,375,Center,0.4727,0.348
1778954744.8644,916,377,Center,0.4772,0.3492
1778954745.3814,930,369,Center,0.4846,0.3425
1778954745.5583,941,389,Center,0.4902,0.3605
1778954745.9982,933,407,Center,0.4864,0.377
1778954746.1397,907,400,Center,0.4727,0.3707
1778954746.5448,901,392,Center,0.4697,0.3632
1778954746.6686,886,379,Center,0.462,0.3516
1778954747.3035,878,366,Center,0.4577,0.3392
1778954747.6134,906,369,Center,0.4721,0.3425
1778954748.0754,947,383,Center,0.4934,0.3547
1778954748.2132,975,375,Center,0.5081,0.3477
1778954748.5616,1014,377,Center,0.5285,0.3499
1778954748.716,1012,375,Center,0.5273,0.3477
1778954749.1422,986,349,Center,0.5139,0.3236
1778954749.2878,959,311,Center,0.4998,0.2889
1778954749.7053,920,309,Center,0.4795,0.2864
1778954749.8982,885,322,Center,0.4613,0.2986
1778954750.3519,902,325,Center,0.4699,0.301
1778954750.4894,912,344,Center,0.4751,0.3194
1778954750.9467,924,373,Center,0.4814,0.3456
1778954751.1081,930,385,Center,0.4844,0.3571
1778954751.5581,925,372,Center,0.4822,0.3452
1778954751.7331,891,368,Center,0.4641,0.3409
1778954752.1773,892,369,Center,0.4648,0.3424
1778954752.3165,881,354,Center,0.459,0.3281
1778954753.3484,886,329,Center,0.4615,0.3049
1778954753.6096,903,345,Center,0.4703,0.3203
1778954754.0198,957,365,Center,0.4985,0.3388
1778954754.2139,961,362,Center,0.5005,0.3353
1778954754.6117,992,381,Center,0.5168,0.3535
1778954754.8084,961,403,Center,0.5008,0.3739
1778954755.2594,953,316,Center,0.4968,0.2933
1778954755.8407,906,258,Center,0.4721,0.2392
1778954756.0178,864,209,Center,0.45,0.1941
1778954756.4068,791,175,Center,0.4125,0.1629
1778954756.6246,801,187,Center,0.4175,0.1737
1778954757.0235,780,230,Center,0.4064,0.2139
1778954757.1743,772,199,Center,0.4024,0.1849
1778954757.5858,811,255,Center,0.4227,0.2363
1778954757.73,878,282,Center,0.4573,0.2611
1778954758.1165,874,260,Center,0.4556,0.2412
1778954758.2871,882,310,Center,0.4598,0.2879
1778954758.6973,913,423,Center,0.4757,0.3919
1778954758.8482,919,427,Center,0.4787,0.396
1778954759.2087,886,413,Center,0.4618,0.3825
1778954759.3253,892,446,Center,0.4647,0.4133
1778954759.7242,899,430,Center,0.4687,0.3988
1778954759.8552,877,392,Center,0.457,0.3634
1778954760.2761,858,367,Center,0.4473,0.3404
1778954760.4099,863,368,Center,0.4496,0.3411
1778954760.8081,880,335,Center,0.4586,0.3102
1778954761.2051,886,317,Center,0.4618,0.294
1778954761.5819,904,303,Center,0.471,0.2806
1778954761.7465,906,319,Center,0.4719,0.296
1778954762.2238,947,333,Center,0.4934,0.3089
1778954762.3787,978,361,Center,0.5094,0.3343
1778954762.8054,1018,390,Center,0.5305,0.3614
1778954762.9556,1008,417,Center,0.5251,0.3867
1778954763.3811,1001,432,Center,0.5218,0.4009
1778954763.5418,969,457,Center,0.5052,0.4236
1778954763.9384,938,438,Center,0.4891,0.4058
1778954764.1773,878,443,Center,0.4577,0.4109
1778954764.6864,874,430,Center,0.4554,0.3982
1778954764.9706,891,403,Center,0.4643,0.374
1778954765.3361,858,355,Center,0.4471,0.3296
1778954765.4741,827,367,Center,0.431,0.3399
1778954765.8662,839,340,Center,0.4374,0.3148
1778954766.0042,840,336,Center,0.4379,0.312
1778954766.4312,827,337,Center,0.431,0.3128
1778954766.5886,892,351,Center,0.4649,0.3255
1778954766.9164,944,358,Center,0.4919,0.3322
1778954767.1695,986,374,Center,0.5137,0.3472
1778954767.5804,991,384,Center,0.5162,0.3557
1778954767.7209,992,395,Center,0.5167,0.3662
1778954768.0949,950,409,Center,0.4953,0.3796
1778954768.2522,918,399,Center,0.4783,0.3696
1778954768.7056,856,365,Center,0.4463,0.3383
1778954768.852,865,345,Center,0.4509,0.3197
1778954769.5435,848,357,Center,0.4421,0.3313
1778954769.7947,844,344,Center,0.4399,0.3191
1778954770.145,854,349,Center,0.445,0.3235
1778954770.3081,909,364,Center,0.4738,0.3377
1778954770.742,929,374,Center,0.4841,0.3463
1778954770.8834,967,356,Center,0.5039,0.3304
1778954771.2939,965,355,Center,0.5031,0.3291
1778954771.4301,952,365,Center,0.4962,0.3389
1778954771.8171,902,379,Center,0.4702,0.3513
1778954771.9549,857,380,Center,0.4467,0.3521
1778954772.3215,830,372,Center,0.4327,0.3445
1778954772.474,851,407,Center,0.4433,0.3775
1778954772.8414,866,379,Center,0.4513,0.3514
1778954773.0055,880,399,Center,0.4586,0.3695
1778954773.4122,892,428,Center,0.4651,0.3967
1778954773.5618,893,461,Center,0.4655,0.4273
1778954773.9688,892,452,Center,0.4648,0.4187
1778954774.0879,890,481,Center,0.464,0.4462
1778954774.444,905,475,Center,0.4718,0.4404
1778954774.8494,911,471,Center,0.4747,0.4363
1778954775.3263,935,439,Center,0.487,0.407
1778954775.495,933,428,Center,0.4864,0.3972
1778954775.9198,966,410,Center,0.5033,0.3802
1778954776.0657,966,396,Center,0.5033,0.3667
1778954776.4187,954,386,Center,0.4971,0.3576
1778954776.5508,933,405,Center,0.4862,0.3759
1778954776.9578,935,395,Center,0.4872,0.3658
1778954777.1157,908,385,Center,0.4733,0.3565
1778954777.787,889,391,Center,0.4634,0.3628
1778954777.9165,902,384,Center,0.4703,0.3562
1778954778.2897,885,391,Center,0.4611,0.3621
1778954778.4726,854,385,Center,0.445,0.3567
1778954778.8696,806,362,Center,0.4201,0.3355
1778954779.0112,817,340,Center,0.4259,0.3151
1778954779.3616,798,336,Center,0.4158,0.3117
1778954779.8319,813,321,Center,0.4239,0.2976
1778954780.3501,843,306,Center,0.4392,0.284
1778954780.5946,888,305,Center,0.463,0.2825
1778954781.0061,876,343,Center,0.4564,0.3177
1778954781.1464,911,359,Center,0.4746,0.333
1778954781.5554,909,331,Center,0.4739,0.3069
1778954781.7573,865,316,Center,0.4509,0.2929
1778954782.1536,826,343,Center,0.4303,0.318
1778954782.3328,850,330,Center,0.443,0.3062
1778954782.8458,827,291,Center,0.4311,0.2694
1778954783.2795,794,343,Center,0.4136,0.3184
1778954783.4104,810,392,Center,0.422,0.3634
1778954783.8012,850,404,Center,0.4429,0.3741
1778954784.0231,818,404,Center,0.4261,0.3742
1778954784.4688,820,403,Center,0.4272,0.3735
1778954784.6458,872,388,Center,0.4545,0.3601
1778954785.0386,900,408,Center,0.4691,0.3787
1778954785.1966,884,383,Center,0.4609,0.3547
1778954785.5776,893,379,Center,0.4656,0.3509
1778954785.7173,885,415,Center,0.4611,0.3845
1778954786.1717,874,375,Center,0.4554,0.3474
1778954786.3086,874,354,Center,0.4556,0.3283
1778954786.7249,907,344,Center,0.4726,0.3186
1778954786.8848,918,313,Center,0.4782,0.2902
1778954787.2939,941,227,Center,0.4902,0.2106
1778954787.4362,938,254,Center,0.4886,0.2355
1778954787.7867,923,232,Center,0.4812,0.215
1778954787.9422,920,254,Center,0.4793,0.2356
1778954788.2992,936,267,Center,0.4879,0.2481
1778954788.5016,939,334,Center,0.4895,0.3097
1778954788.8532,936,330,Center,0.4876,0.3058
1778954789.0707,950,347,Center,0.4953,0.3221
1778954789.4385,924,347,Center,0.4814,0.3219
1778954789.5939,901,344,Center,0.4695,0.3186
1778954789.9905,876,342,Center,0.4566,0.3169
1778954790.139,873,325,Center,0.4549,0.3015
1778954790.5154,882,285,Center,0.4597,0.2648
1778954790.9657,892,263,Center,0.465,0.2444
1778954791.4701,903,256,Center,0.4706,0.237
1778954791.6179,939,243,Center,0.4895,0.2259
1778954792.0233,965,244,Center,0.5028,0.2263
1778954792.1558,980,271,Center,0.5106,0.2518
1778954792.5493,998,317,Center,0.52,0.2942
1778954792.7046,1003,350,Center,0.5226,0.3249
1778954793.1684,980,362,Center,0.5104,0.3355
1778954793.3194,970,378,Center,0.5052,0.3506
1778954793.7238,960,383,Center,0.5003,0.3547
1778954793.8737,938,361,Center,0.489,0.3343
1778954794.2306,938,336,Center,0.4889,0.3116
1778954794.3692,934,339,Center,0.4868,0.3142
1778954794.763,927,334,Center,0.4829,0.3093
1778954794.9261,911,327,Center,0.475,0.3034
1778954795.2875,924,326,Center,0.4815,0.3025
1778954795.4377,921,331,Center,0.4799,0.3073
1778954795.877,912,331,Center,0.4754,0.3073
1778954796.0812,916,331,Center,0.4771,0.3072
1778954796.416,915,330,Center,0.4769,0.3064
1778954796.5642,921,329,Center,0.48,0.3051
1778954796.9958,921,325,Center,0.4797,0.3014
1778954797.2228,943,322,Center,0.4914,0.2989
1778954797.6084,935,323,Center,0.4873,0.2995
1778954797.7284,929,329,Center,0.484,0.3047
1778954798.1155,914,331,Center,0.4763,0.3074
1778954798.2839,904,335,Center,0.471,0.3103
1778954798.7006,893,343,Center,0.4656,0.318
1778954798.8408,881,345,Center,0.459,0.3198
1778954799.2158,863,350,Center,0.4496,0.3248
1778954799.432,854,337,Center,0.4449,0.3121
1778954802.619,846,340,Center,0.4407,0.3149
1778954802.7742,843,314,Center,0.4392,0.2913
1778954803.1853,871,319,Center,0.4538,0.296
1778954803.3118,911,333,Center,0.4749,0.3089
1778954803.6765,922,363,Center,0.4803,0.3365
1778954803.8334,931,374,Center,0.4853,0.3466
1778954804.2074,933,405,Center,0.4863,0.3759
1778954804.3513,925,415,Center,0.4821,0.3843
1778954804.7138,925,411,Center,0.4822,0.381
1778954804.8656,966,416,Center,0.5035,0.386
1778954805.2581,1003,427,Center,0.5228,0.3958
1778954805.3941,1040,440,Center,0.5418,0.4076
1778954805.7757,1028,430,Center,0.5358,0.3983
1778954805.9429,1004,414,Center,0.5229,0.3836
1778954806.3743,931,404,Center,0.4852,0.3745
1778954806.5278,926,344,Center,0.4828,0.3194
1778954809.4809,892,340,Center,0.4648,0.3151
1778954809.6197,898,349,Center,0.468,0.3239
1778954809.976,887,371,Center,0.4624,0.3436
1778954810.1219,923,353,Center,0.4809,0.3272
1778954810.5042,889,400,Center,0.4635,0.3711
1778954810.6331,891,393,Center,0.4643,0.3639
1778954811.0031,886,382,Center,0.4618,0.3544
1778954811.1616,888,360,Center,0.4627,0.3339
1778954811.5836,880,355,Center,0.4584,0.3292
1778954811.7178,873,335,Center,0.4552,0.3109
1778954812.1311,865,320,Center,0.4507,0.2963
1778954812.2869,857,310,Center,0.4465,0.2872
1778954812.7058,858,312,Center,0.447,0.2897
1778954812.8547,853,306,Center,0.4445,0.2838
1778954813.4026,851,298,Center,0.4433,0.2765
1778954813.5354,814,307,Center,0.4243,0.285
1778954813.9553,837,295,Center,0.4363,0.2735
1778954814.09,847,282,Center,0.4416,0.2615
1778954814.5223,863,292,Center,0.4495,0.2709
1778954814.9866,896,302,Center,0.467,0.2805
1778954815.5186,921,295,Center,0.4801,0.2732
1778954815.6698,919,310,Center,0.479,0.2875
1778954816.056,915,318,Center,0.4769,0.2953
1778954816.1884,923,321,Center,0.4808,0.2976
1778954816.7305,893,320,Center,0.4654,0.2968
1778954817.1063,885,295,Center,0.461,0.2734
1778954817.2592,899,244,Center,0.4684,0.226
1778954817.6411,1053,277,Center,0.5487,0.257
1778954817.8042,1195,293,Right,0.6228,0.2714
1778954818.2061,1405,296,Right,0.732,0.2749
1778954818.3585,1634,370,Right,0.8514,0.3433
1778954818.711,1806,480,Right,0.9408,0.4447
1778954818.8412,1739,494,Right,0.906,0.4579
1778954819.2313,1701,543,Right,0.886,0.5036
1778954819.375,1649,595,Right,0.8592,0.5516
1778954819.7878,1432,561,Right,0.746,0.5201
1778954819.9245,1240,498,Right,0.6459,0.462
1778954820.3056,1143,475,Center,0.5955,0.44
1778954820.4516,1017,445,Center,0.53,0.4123
1778954820.809,848,419,Center,0.4422,0.3888
1778954820.9388,863,430,Center,0.4497,0.3987
1778954821.3141,863,458,Center,0.4498,0.4245
1778954821.447,871,459,Center,0.4541,0.4257
1778954821.8197,887,448,Center,0.4624,0.4156
1778954821.9665,908,442,Center,0.4733,0.4098
1778954822.3778,916,407,Center,0.4771,0.3771
1778954822.5227,905,358,Center,0.4714,0.3317
1778954822.9106,908,333,Center,0.4732,0.3088
1778954823.0712,879,320,Center,0.4581,0.2971
1778954823.7412,848,312,Center,0.4419,0.2892
1778954824.033,814,330,Center,0.4243,0.3058
1778954824.4149,834,351,Center,0.4347,0.3253
1778954824.646,855,344,Center,0.4458,0.3189
1778954824.9991,893,350,Center,0.4655,0.3246
1778954825.1338,933,346,Center,0.4861,0.3208
1778954825.5152,968,359,Center,0.5043,0.3332
1778954825.6512,976,360,Center,0.5087,0.334
1778954826.0119,958,359,Center,0.4993,0.3331
1778954826.1838,952,368,Center,0.4963,0.3409
1778954826.5461,927,384,Center,0.4829,0.356
1778954826.6775,917,374,Center,0.4779,0.3466
1778954827.3559,877,374,Center,0.4571,0.3469
1778954827.6738,865,361,Center,0.4507,0.3345
1778954828.0867,829,355,Center,0.4323,0.3292
1778954828.2356,836,353,Center,0.4357,0.3271
1778954828.6478,843,366,Center,0.4396,0.3396
1778954828.7833,883,399,Center,0.4599,0.3698
1778954829.165,874,413,Center,0.4553,0.3831
1778954829.303,886,348,Center,0.4618,0.3231
1778954829.7643,878,318,Center,0.4578,0.2948
1778954829.9334,873,297,Center,0.4548,0.2752
1778954830.3273,853,204,Center,0.4447,0.1892
1778954830.4761,868,196,Center,0.4524,0.1815
1778954830.8611,868,245,Center,0.4523,0.2269
1778954831.0104,891,263,Center,0.4641,0.2441
1778954831.4294,894,285,Center,0.4661,0.2644
1778954831.6317,919,344,Center,0.4788,0.3192
1778954832.0519,951,348,Center,0.4955,0.3231
1778954832.2081,956,365,Center,0.498,0.338
1778954832.6074,944,370,Center,0.492,0.3432
1778954832.7639,917,360,Center,0.4776,0.3341
1778954833.1436,895,379,Center,0.4664,0.351
1778954833.2977,875,410,Center,0.4562,0.38
1778954833.7076,878,370,Center,0.4578,0.3426
1778954833.8519,873,366,Center,0.4549,0.3392
1778954834.2483,881,344,Center,0.4594,0.3189
1778954834.421,840,336,Center,0.4379,0.3113
1778954834.809,796,323,Center,0.4146,0.2991
1778954834.9638,762,341,Left,0.3971,0.3164
1778954835.3574,733,347,Left,0.3818,0.3216
1778954835.5087,759,358,Left,0.3954,0.3316
1778954836.207,812,331,Center,0.423,0.3065
1778954836.4694,845,316,Center,0.4404,0.2927
1778954836.855,869,348,Center,0.4527,0.3229
1778954837.0274,898,335,Center,0.4677,0.3107
1778954837.4091,878,308,Center,0.4573,0.2856
1778954837.5616,889,338,Center,0.4634,0.3134
1778954837.9431,908,353,Center,0.473,0.3271
1778954838.1116,928,318,Center,0.4835,0.2946
1778954838.5378,899,314,Center,0.4687,0.2916
1778954838.7015,920,332,Center,0.4794,0.3082
1778954839.0773,882,325,Center,0.4596,0.3011
1778954839.2305,869,319,Center,0.4531,0.2959
1778954839.6476,865,322,Center,0.451,0.2989
1778954839.7953,906,312,Center,0.4724,0.289
1778954840.214,901,302,Center,0.4694,0.2797
1778954840.3657,915,319,Center,0.4769,0.2957
1778954840.7618,892,308,Center,0.465,0.2859
1778954840.925,874,331,Center,0.4557,0.3067
1778954841.3363,843,327,Center,0.4395,0.3035
1778954841.4714,859,380,Center,0.4476,0.3525
1778954843.0664,832,403,Center,0.4336,0.3737
1778954843.4579,857,422,Center,0.4464,0.3913
1778954843.6001,899,413,Center,0.4684,0.3828
1778954844.0771,898,416,Center,0.4682,0.3853
1778954844.2236,868,358,Center,0.4525,0.3321
1778954844.6462,907,335,Center,0.4727,0.3108
1778954844.8065,914,336,Center,0.4761,0.3114
1778954845.2087,889,326,Center,0.4632,0.3024
1778954845.347,904,341,Center,0.4708,0.3162
1778954845.7419,904,366,Center,0.471,0.3393
1778954845.9455,890,360,Center,0.4637,0.3339
1778954846.4397,884,363,Center,0.4607,0.3365
1778954846.5976,875,378,Center,0.4561,0.3508
1778954847.0046,878,376,Center,0.4577,0.3491
1778954847.1442,878,371,Center,0.4577,0.3438
1778954847.831,867,357,Center,0.4519,0.3308
1778954847.9738,875,337,Center,0.4559,0.3126
1778954848.3494,880,319,Center,0.4588,0.2956
1778954848.4923,880,322,Center,0.4589,0.2988
1778954848.8478,873,339,Center,0.455,0.3148
1778954848.9866,885,338,Center,0.4614,0.3134
1778954849.3897,866,359,Center,0.4511,0.3329
1778954849.5351,860,349,Center,0.4484,0.3233
1778954849.9864,838,352,Center,0.4368,0.3267
1778954850.4816,842,349,Center,0.4389,0.3232
1778954850.8432,829,381,Center,0.4321,0.353
1778954850.9735,841,390,Center,0.4381,0.3614
1778954851.3635,858,393,Center,0.447,0.3646
1778954851.5588,919,368,Center,0.479,0.3416
1778954851.995,957,340,Center,0.4987,0.3152
1778954852.1779,985,335,Center,0.5135,0.3109
1778954852.5672,974,301,Center,0.5074,0.279
1778954852.7238,961,320,Center,0.5009,0.2967
1778954853.1109,924,318,Center,0.4813,0.2946
1778954853.2353,894,315,Center,0.4659,0.2924
1778954853.6395,875,306,Center,0.4562,0.284
1778954853.8004,877,328,Center,0.4569,0.3044
1778954854.2603,875,324,Center,0.4561,0.3006
1778954854.4381,877,350,Center,0.4568,0.3245
1778954854.8681,877,377,Center,0.4569,0.3498
1778954855.3469,869,368,Center,0.4529,0.341
1778954855.8696,872,372,Center,0.4543,0.3451
1778954856.0166,877,381,Center,0.4572,0.3535
1778954856.414,910,394,Center,0.4743,0.3651
1778954856.5695,932,406,Center,0.4854,0.3768
1778954856.9986,963,417,Center,0.5018,0.3867
1778954857.1498,966,417,Center,0.5032,0.3864
1778954857.5447,958,414,Center,0.4993,0.3836
1778954857.6889,922,405,Center,0.4805,0.3753
1778954858.0773,892,396,Center,0.4649,0.3668
1778954858.2216,881,397,Center,0.4593,0.3683
1778954858.6096,877,398,Center,0.4571,0.3686
1778954858.7804,879,397,Center,0.4582,0.368
1778954859.1441,885,387,Center,0.4611,0.3591
1778954859.2793,875,370,Center,0.4562,0.3431
1778954859.6509,845,350,Center,0.4404,0.3243
1778954859.8877,837,337,Center,0.436,0.3121
1778954860.2741,820,329,Center,0.4274,0.3052
1778954860.4236,833,316,Center,0.434,0.2933
1778954860.8404,852,306,Center,0.4439,0.2836
1778954861.2481,856,294,Center,0.446,0.2731
1778954861.7587,863,287,Center,0.4496,0.2664
1778954861.8993,869,282,Center,0.4527,0.2613
1778954862.374,881,293,Center,0.4589,0.272
1778954862.5498,906,315,Center,0.472,0.2919
1778954862.9448,930,327,Center,0.4845,0.3031
1778954863.09,929,326,Center,0.4843,0.3028
1778954863.4679,932,322,Center,0.4859,0.2982
1778954863.608,902,315,Center,0.4701,0.2919
1778954863.9981,872,307,Center,0.4544,0.2849
1778954864.1261,862,310,Center,0.4492,0.2871
1778954864.5243,872,307,Center,0.4542,0.2844
1778954864.689,880,298,Center,0.4586,0.2762
1778954865.0685,888,287,Center,0.463,0.2666
1778954865.2021,894,266,Center,0.4661,0.2464
1778954865.6828,903,245,Center,0.4703,0.2277
1778954865.869,882,235,Center,0.4595,0.2178
1778954866.2299,882,236,Center,0.4598,0.2188
1778954866.6692,892,235,Center,0.4648,0.2184
1778954867.314,902,252,Center,0.4699,0.2342
1778954867.4818,898,272,Center,0.4678,0.2525
1778954867.8816,936,301,Center,0.488,0.2795
1778954868.0185,919,325,Center,0.479,0.3012
1778954868.3821,899,360,Center,0.4685,0.3335
1778954868.5411,866,358,Center,0.4511,0.332
1778954868.9197,847,350,Center,0.4416,0.3243
1778954869.0288,811,344,Center,0.4228,0.3187
1778954869.4019,815,337,Center,0.4246,0.3124
1778954869.557,830,327,Center,0.4323,0.3034
1778954869.9643,874,351,Center,0.4552,0.3255
1778954870.0932,901,380,Center,0.4695,0.3523
1778954870.4857,927,386,Center,0.483,0.3583
1778954870.9406,949,375,Center,0.4945,0.3477
1778954871.5105,951,358,Center,0.4957,0.3323
1778954871.67,931,338,Center,0.4849,0.3138
1778954872.0935,951,339,Center,0.4957,0.3142
1778954872.2183,939,337,Center,0.4892,0.3124
1778954872.6667,935,328,Center,0.487,0.3045
1778954872.8141,921,331,Center,0.4801,0.3073
1778954873.1894,915,333,Center,0.4769,0.3092
1778954873.3066,874,313,Center,0.4557,0.2904
1778954873.7036,870,305,Center,0.4535,0.2828
1778954873.855,860,316,Center,0.448,0.2928
1778954874.2254,863,308,Center,0.4499,0.2857
1778954874.3644,878,296,Center,0.4575,0.2749
1778954874.7879,881,288,Center,0.4589,0.2673
1778954874.9141,883,287,Center,0.4601,0.266
1778954875.3254,886,290,Center,0.4617,0.2693
1778954875.4398,875,300,Center,0.4562,0.2783
1778954875.8294,855,309,Center,0.4455,0.287
1778954876.0002,855,318,Center,0.4458,0.2948
1778954876.3586,855,316,Center,0.4455,0.2935
1778954876.5047,853,314,Center,0.4446,0.291
1778954876.9491,850,308,Center,0.4431,0.2858
1778954877.1493,847,322,Center,0.4413,0.2986
1778954877.544,835,331,Center,0.4354,0.3072
1778954877.9888,844,343,Center,0.4398,0.3183
1778954878.62,843,364,Center,0.4393,0.3378
1778954878.8361,857,363,Center,0.4464,0.3361
1778954879.391,907,353,Center,0.4728,0.3271
1778954879.5351,935,338,Center,0.4873,0.3131
1778954879.9858,950,350,Center,0.495,0.3244
1778954880.1169,973,337,Center,0.5068,0.3124
1778954880.4879,975,353,Center,0.5082,0.3276
1778954880.6377,931,334,Center,0.4852,0.3096
1778954881.0066,926,321,Center,0.4828,0.2974
1778954881.1934,894,312,Center,0.466,0.2896
1778954881.5772,861,326,Center,0.4488,0.3022
1778954881.7099,848,296,Center,0.4418,0.2745
1778954882.083,856,332,Center,0.4461,0.3081
1778954882.2978,842,368,Center,0.4391,0.3412
1778954882.769,838,369,Center,0.4369,0.3425
1778954883.229,871,357,Center,0.4537,0.3306
1778954883.8176,896,386,Center,0.4668,0.3576
1778954883.9595,897,377,Center,0.4675,0.3494
1778954884.3353,912,357,Center,0.475,0.3314
1778954884.4891,969,347,Center,0.5049,0.322
1778954884.8662,931,284,Center,0.4852,0.2631
1778954884.9953,913,284,Center,0.4758,0.2638
1778954885.3971,893,277,Center,0.4655,0.2573
1778954885.5471,853,247,Center,0.4448,0.2293
1778954885.9288,811,226,Center,0.4225,0.2102
1778954886.0563,823,304,Center,0.4291,0.2824
1778954886.4407,823,316,Center,0.4288,0.2927
1778954886.5678,827,313,Center,0.4311,0.2906
1778954886.9274,861,344,Center,0.4485,0.3189
1778954887.0838,865,364,Center,0.4506,0.3373
1778954887.4387,835,280,Center,0.4352,0.2599
1778954887.5543,853,260,Center,0.4443,0.2414
1778954887.9658,887,262,Center,0.4622,0.2431
1778954888.1168,881,274,Center,0.459,0.2538
1778954888.5244,860,289,Center,0.4482,0.2681
1778954888.6857,892,336,Center,0.4651,0.312
1778954889.4102,873,348,Center,0.4551,0.3228
1778954889.7046,843,360,Center,0.4394,0.334
1778954890.2778,823,355,Center,0.429,0.3294
1778954890.5026,830,342,Center,0.4328,0.3174
1778954890.9307,839,380,Center,0.4373,0.3523
1778954891.0846,845,369,Center,0.4404,0.3424
1778954891.4877,857,356,Center,0.4464,0.3303
1778954891.6387,875,353,Center,0.4562,0.3278
1778954892.0466,875,315,Center,0.4559,0.2917
1778954892.2175,868,263,Center,0.4522,0.244
1778954892.6688,866,238,Center,0.4516,0.2211
1778954892.8391,841,227,Center,0.4381,0.2108
1778954893.2405,839,236,Center,0.4374,0.2185
1778954893.3894,837,246,Center,0.436,0.2283
1778954894.3652,832,276,Center,0.4337,0.2564
1778954894.6776,816,315,Center,0.425,0.2919
1778954895.1241,820,336,Center,0.4271,0.3111
1778954895.2986,841,340,Center,0.4381,0.3152
1778954895.7503,865,381,Center,0.4506,0.3533
1778954895.9151,876,341,Center,0.4563,0.3158
1778954896.3354,897,338,Center,0.4675,0.3132
1778954896.4759,913,325,Center,0.4757,0.3015
1778954896.8885,885,307,Center,0.4613,0.2851
1778954897.0593,855,284,Center,0.4457,0.2637
1778954897.457,855,309,Center,0.4456,0.2866
1778954897.6212,855,309,Center,0.4456,0.287
1778954898.0016,861,304,Center,0.4485,0.2818
1778954898.1407,870,324,Center,0.4532,0.3006
1778954898.845,881,346,Center,0.4589,0.3212
1778954899.1586,870,346,Center,0.4533,0.3205
1778954899.6331,869,341,Center,0.4528,0.3165
1778954899.7927,898,336,Center,0.4679,0.3118
1778954900.1935,930,312,Center,0.4846,0.2894
1778954900.3338,967,286,Center,0.5041,0.2655
1778954900.7451,964,287,Center,0.5026,0.2657
1778954900.9379,974,283,Center,0.5077,0.2623
1778954901.3689,946,286,Center,0.493,0.2652
1778954901.5425,928,291,Center,0.4833,0.2697
1778954901.8942,897,303,Center,0.4673,0.2813
1778954902.0486,894,315,Center,0.466,0.2921
1778954902.4078,889,325,Center,0.4633,0.3018
1778954902.6103,879,325,Center,0.4583,0.3013
1778954903.0426,858,325,Center,0.447,0.3015
1778954903.1838,835,332,Center,0.4349,0.3079
1778954903.6075,835,349,Center,0.4353,0.3232
1778954904.086,812,347,Center,0.4233,0.322
1778954904.6345,836,384,Center,0.4357,0.3558
1778954904.8749,862,378,Center,0.4495,0.35
1778954905.2369,887,372,Center,0.4623,0.3448
1778954905.395,903,380,Center,0.4704,0.352
1778954905.772,928,357,Center,0.4835,0.3313
1778954905.8949,930,355,Center,0.4849,0.3289
1778954906.2872,933,387,Center,0.4862,0.3592
1778954906.4109,956,408,Center,0.4983,0.3781
1778954906.7533,947,407,Center,0.4937,0.3774
1778954906.8852,924,431,Center,0.4813,0.3994
1778954907.2387,887,421,Center,0.4621,0.3907
1778954907.3898,852,411,Center,0.444,0.3808
1778954907.755,814,397,Center,0.4241,0.3685
1778954907.8877,802,394,Center,0.418,0.3654
1778954908.2394,801,397,Center,0.4175,0.3685
1778954908.398,827,368,Center,0.4312,0.3411
1778954908.8041,854,339,Center,0.445,0.3142
1778954908.9199,880,310,Center,0.4585,0.2877
1778954909.3105,906,282,Center,0.4721,0.2616
1778954909.4393,940,250,Center,0.4897,0.2322
1778954909.851,943,251,Center,0.4915,0.2332
1778954910.0073,923,283,Center,0.4808,0.2623
1778954910.5692,906,314,Center,0.4721,0.2912
1778954910.7392,898,343,Center,0.4682,0.3176
1778954911.1951,855,379,Center,0.4456,0.3516
1778954911.4695,804,379,Center,0.4192,0.3516
1778954911.8663,786,379,Center,0.4096,0.3518
1778954912.0304,772,375,Center,0.4022,0.3473
1778954912.4465,737,367,Left,0.3839,0.3403
1778954912.5874,754,357,Left,0.3932,0.3313
1778954912.9674,794,379,Center,0.4136,0.3514
1778954913.1161,843,393,Center,0.4393,0.3645
1778954913.5172,912,380,Center,0.4751,0.3521
1778954913.6813,988,371,Center,0.515,0.3436
1778954914.1084,1045,360,Center,0.5446,0.3335
1778954914.2513,1058,380,Center,0.5513,0.3525
1778954914.6531,1047,346,Center,0.5454,0.3212
1778954914.7869,1029,348,Center,0.5363,0.323
1778954915.1473,1027,372,Center,0.5353,0.3449
1778954915.3195,1019,379,Center,0.5309,0.3511
1778954916.0189,1041,369,Center,0.5424,0.3425
1778954916.1857,1062,400,Center,0.5532,0.371
1778954916.58,1045,415,Center,0.5445,0.3848
1778954916.748,993,385,Center,0.5175,0.3573
1778954917.1493,945,379,Center,0.4926,0.351
1778954917.316,895,361,Center,0.4664,0.3344
1778954917.7353,869,344,Center,0.4527,0.3191
1778954917.8723,844,340,Center,0.4398,0.3152
1778954918.2256,856,353,Center,0.446,0.3273
1778954918.3673,863,360,Center,0.4498,0.3335
1778954918.771,859,359,Center,0.4477,0.333
1778954918.9229,841,343,Center,0.4385,0.3179
1778954919.3195,835,334,Center,0.4351,0.3101
1778954919.4542,835,329,Center,0.435,0.3055
1778954919.8414,826,325,Center,0.4307,0.3015
1778954919.98,832,328,Center,0.4336,0.3046
1778954920.3923,824,325,Center,0.4294,0.3015
1778954920.5231,819,319,Center,0.427,0.2957
1778954921.2805,810,338,Center,0.4221,0.3137
1778954921.4379,795,348,Center,0.4146,0.3228
1778954921.8154,811,360,Center,0.4228,0.3334
1778954921.9878,852,386,Center,0.4438,0.3575
1778954922.401,912,391,Center,0.4752,0.3626
1778954922.5612,945,377,Center,0.4926,0.3494
1778954922.9628,983,362,Center,0.5122,0.3355
1778954923.1203,960,303,Center,0.5003,0.2813
1778954923.5613,923,293,Center,0.481,0.2721
1778954923.7207,888,295,Center,0.463,0.274
1778954924.1396,841,297,Center,0.4385,0.275
1778954924.3158,809,305,Center,0.4216,0.283
1778954924.7,833,354,Center,0.4344,0.3287
1778954924.8321,851,345,Center,0.4436,0.3195
1778954925.2728,837,337,Center,0.4359,0.3122
1778954925.4283,845,325,Center,0.4403,0.3017
1778954925.835,840,332,Center,0.4376,0.3078
1778954925.9956,847,340,Center,0.4415,0.3152
1778954926.3651,869,368,Center,0.4531,0.3409
1778954926.5229,919,393,Center,0.4789,0.3644
1778954926.8827,959,417,Center,0.4996,0.387
1778954927.0188,1011,433,Center,0.5268,0.4017
1778954927.5761,1030,452,Center,0.5368,0.4192
1778954927.779,1037,421,Center,0.5401,0.3905
1778954928.1546,998,418,Center,0.5203,0.3872
1778954928.3251,964,397,Center,0.5023,0.3679
1778954928.7252,941,359,Center,0.4905,0.3333
1778954928.8755,897,320,Center,0.4673,0.2969
1778954929.2682,868,317,Center,0.4526,0.2941
1778954929.4117,878,291,Center,0.4576,0.27
1778954929.8191,880,284,Center,0.4588,0.2631
1778954929.9527,871,286,Center,0.4538,0.2648
1778954930.3643,879,282,Center,0.4581,0.262
1778954930.512,879,280,Center,0.4581,0.2594
1778954930.9109,855,274,Center,0.4454,0.2538
1778954931.0314,847,266,Center,0.4415,0.247
1778954931.4037,836,260,Center,0.4354,0.2409
1778954931.5566,818,266,Center,0.4261,0.2466
1778954931.9247,811,273,Center,0.4226,0.2536
1778954932.072,817,280,Center,0.4258,0.2594
1778954932.7928,823,285,Center,0.4287,0.2643
1778954933.124,868,297,Center,0.4523,0.2757
1778954933.5651,922,308,Center,0.4804,0.2853
1778954933.7273,941,317,Center,0.4902,0.294
1778954934.0754,957,329,Center,0.4987,0.305
1778954934.2263,1005,345,Center,0.5239,0.3197
1778954934.6761,973,326,Center,0.5071,0.3026
1778954934.8163,948,294,Center,0.4941,0.2723
1778954935.1808,923,277,Center,0.4808,0.2566
1778954935.3262,916,275,Center,0.4772,0.2553
1778954935.7165,869,294,Center,0.4531,0.2724
1778954935.8446,875,327,Center,0.4558,0.3031
1778954936.2289,857,361,Center,0.4467,0.335
1778954936.3764,882,377,Center,0.4596,0.3499
1778954936.7364,877,383,Center,0.457,0.3554
1778954937.1805,884,373,Center,0.4606,0.3455
1778954937.5116,903,385,Center,0.4706,0.3571
1778954937.6674,938,409,Center,0.4889,0.3793
1778954938.0538,951,439,Center,0.4954,0.4069
1778954938.2006,976,433,Center,0.5089,0.4009
1778954938.6016,996,423,Center,0.5189,0.3921
1778954938.7642,1011,402,Center,0.5266,0.3728
1778954939.2306,998,374,Center,0.52,0.3471
1778954939.4234,974,367,Center,0.5075,0.3403
1778954939.8209,944,391,Center,0.4921,0.3625
1778954939.9922,931,404,Center,0.4853,0.3746
1778954940.3678,892,421,Center,0.465,0.3905
1778954940.4997,886,437,Center,0.4618,0.4052
1778954940.8647,898,432,Center,0.4678,0.4004
1778954941.0025,902,429,Center,0.47,0.3975
1778954941.3681,906,434,Center,0.4724,0.4023
1778954941.4894,923,435,Center,0.4812,0.4036
1778954941.9416,919,438,Center,0.4787,0.406
1778954942.1037,906,437,Center,0.4719,0.4053
1778954942.5074,914,434,Center,0.4763,0.4027
1778954942.6532,874,433,Center,0.4556,0.4014
1778954943.0125,845,429,Center,0.4403,0.3975
1778954943.1438,818,427,Center,0.4265,0.3957
1778954943.5595,821,427,Center,0.428,0.3957
1778954943.7707,814,427,Center,0.4241,0.3959
1778954944.5195,834,427,Center,0.4346,0.3954
1778954944.8305,842,426,Center,0.4387,0.3951
1778954945.2554,860,416,Center,0.448,0.3858
1778954945.3961,886,390,Center,0.4618,0.3614
1778954945.8105,901,366,Center,0.4698,0.3397
1778954945.9626,918,333,Center,0.4784,0.3092
1778954946.3892,931,293,Center,0.4851,0.272
1778954946.6378,942,261,Center,0.491,0.2422
1778954947.0718,908,281,Center,0.4734,0.2608
1778954947.2277,887,288,Center,0.4622,0.2668
1778954947.6032,866,290,Center,0.4515,0.2692
1778954947.7588,847,336,Center,0.4416,0.3117
1778954948.113,837,343,Center,0.4362,0.3178
1778954948.275,826,347,Center,0.4304,0.3217
1778954948.7553,828,364,Center,0.4317,0.3376
1778954948.9236,834,358,Center,0.4347,0.3324
1778954949.3946,845,322,Center,0.4401,0.2987
1778954949.5446,852,328,Center,0.444,0.3041
1778954950.0055,862,303,Center,0.4495,0.2814
1778954950.1664,871,277,Center,0.4539,0.2566
1778954950.583,856,281,Center,0.4459,0.2604
1778954950.7348,840,283,Center,0.4378,0.2625
1778954951.1258,816,285,Center,0.4254,0.2644
1778954951.2416,800,286,Center,0.417,0.2652
1778954951.6044,790,292,Center,0.4119,0.271
1778954952.0457,803,303,Center,0.4183,0.2812
1778954952.5476,811,308,Center,0.4228,0.2854
1778954952.6796,828,311,Center,0.4316,0.2881
1778954953.0573,852,325,Center,0.444,0.3014
1778954953.1953,872,341,Center,0.4542,0.3163
1778954953.5575,875,347,Center,0.4562,0.3217
1778954953.7011,857,287,Center,0.4468,0.2659
1778954954.135,851,286,Center,0.4434,0.2651
1778954954.282,848,286,Center,0.4422,0.265
1778954954.6781,840,291,Center,0.4377,0.2698
1778954954.8362,847,310,Center,0.4412,0.2873
1778954955.2836,874,364,Center,0.4554,0.3371
1778954955.4159,887,355,Center,0.4621,0.3292
1778954955.8413,888,337,Center,0.4629,0.3126
1778954955.9805,867,310,Center,0.4516,0.2879
1778954956.4047,847,272,Center,0.4416,0.2526
1778954956.5712,828,306,Center,0.4316,0.2836
1778954956.9511,812,336,Center,0.4229,0.3117
1778954957.0896,802,361,Center,0.4179,0.3344
1778954957.5287,810,385,Center,0.4219,0.3568
1778954957.6646,819,419,Center,0.4266,0.3881
1778954958.0396,832,379,Center,0.4337,0.3518
1778954958.2315,848,384,Center,0.4419,0.3564
1778954958.6127,865,391,Center,0.4509,0.363
1778954958.759,871,361,Center,0.4541,0.3347
1778954959.1261,888,368,Center,0.4629,0.3411
1778954959.2444,914,411,Center,0.4761,0.3811
1778954959.6249,925,413,Center,0.4823,0.3825
1778954959.7627,923,406,Center,0.4811,0.3759
1778954960.1149,931,431,Center,0.485,0.4
1778954960.5427,924,416,Center,0.4813,0.3857
1778954960.9278,891,403,Center,0.4645,0.3732
1778954961.0759,879,396,Center,0.4581,0.3673
1778954961.4888,893,373,Center,0.4652,0.346
1778954961.625,925,354,Center,0.4822,0.3285
1778954961.9998,957,340,Center,0.4986,0.3152
1778954962.1471,999,325,Center,0.5205,0.3013
1778954962.5285,1015,338,Center,0.5288,0.3133
1778954962.661,978,373,Center,0.5099,0.3462
1778954963.058,939,391,Center,0.4894,0.3626
1778954963.1977,904,380,Center,0.4712,0.3526
1778954963.5619,876,371,Center,0.4566,0.3437
1778954963.6899,858,331,Center,0.4472,0.3069
1778954964.0742,872,298,Center,0.4543,0.2768
1778954964.2271,880,287,Center,0.4586,0.2666
1778954964.6019,887,305,Center,0.4624,0.2829
1778954964.7425,884,324,Center,0.4608,0.3005
1778954965.1141,874,342,Center,0.4554,0.3175
1778954965.2541,863,353,Center,0.4497,0.3277
1778954965.602,862,359,Center,0.4493,0.3325
1778954965.7496,877,362,Center,0.4573,0.3353
1778954966.1462,868,315,Center,0.4525,0.2923
1778954966.3099,881,278,Center,0.4589,0.258
1778954966.7012,890,258,Center,0.464,0.2396
1778954966.8554,878,262,Center,0.4574,0.2433
1778954967.2441,852,236,Center,0.444,0.2191
1778954967.4035,860,263,Center,0.4483,0.244
1778954967.9139,864,277,Center,0.4501,0.2566
1778954968.0753,863,288,Center,0.4499,0.2674
1778954968.4628,872,271,Center,0.4546,0.2514
1778954968.6218,880,312,Center,0.4585,0.2896
1778954969.0154,883,309,Center,0.4604,0.2864
1778954969.1441,883,312,Center,0.4603,0.2894
1778954969.5111,894,287,Center,0.466,0.2665
1778954969.7386,888,307,Center,0.4628,0.2846
1778954970.1182,879,283,Center,0.4582,0.2623
1778954970.3117,855,268,Center,0.4454,0.2485
1778954970.6535,844,298,Center,0.4397,0.2768
1778954970.81,839,313,Center,0.4373,0.2906
1778954971.2381,835,327,Center,0.4353,0.3035
1778954971.3645,829,353,Center,0.4321,0.327
1778954971.9297,843,406,Center,0.4392,0.3763
1778954972.0652,847,412,Center,0.4415,0.3817
1778954972.5307,841,435,Center,0.4381,0.4029
1778954972.7035,859,414,Center,0.4478,0.384
1778954973.4279,865,401,Center,0.4505,0.3715
1778954973.584,858,386,Center,0.4471,0.3576
1778954974.0244,864,372,Center,0.4504,0.3448
1778954974.1724,877,372,Center,0.457,0.3449
1778954974.6255,875,377,Center,0.4559,0.3499
1778954974.7732,905,377,Center,0.4717,0.3492
1778954975.2488,933,370,Center,0.486,0.343
1778954975.408,923,360,Center,0.4809,0.3342
1778954975.7994,922,350,Center,0.4806,0.3246
1778954975.9259,915,339,Center,0.4769,0.3145
1778954976.2847,886,330,Center,0.4618,0.306
1778954976.4147,876,328,Center,0.4566,0.3042
1778954977.075,884,320,Center,0.4605,0.2966
1778954977.3416,872,305,Center,0.4545,0.2829
1778954977.8164,863,284,Center,0.4496,0.2638
1778954977.9669,855,270,Center,0.4457,0.2507
1778954978.3539,860,261,Center,0.448,0.2424
1778954978.5081,862,262,Center,0.4492,0.2434
1778954978.9102,871,300,Center,0.4538,0.2783
1778954979.1085,872,341,Center,0.4545,0.3164
1778954979.5338,915,377,Center,0.4767,0.3496
1778954980.2351,930,377,Center,0.4848,0.3495
1778954981.1076,931,407,Center,0.4852,0.3777
1778954981.2625,916,401,Center,0.4774,0.3717
1778954981.642,925,395,Center,0.4818,0.3662
1778954981.8119,886,373,Center,0.4619,0.3457
1778954982.1867,858,391,Center,0.4473,0.3628
1778954982.3435,847,358,Center,0.4412,0.3319
1778954982.7091,863,340,Center,0.4497,0.3151
1778954982.8985,870,330,Center,0.4534,0.3058
1778954983.3092,870,304,Center,0.4532,0.2819
1778954983.4661,869,270,Center,0.4527,0.2509
1778954983.9023,854,255,Center,0.445,0.2363
1778954984.0575,829,231,Center,0.4318,0.2145
1778954984.4398,818,218,Center,0.4263,0.2027
1778954984.6015,807,242,Center,0.4208,0.2244
1778954984.9799,814,273,Center,0.4242,0.2536
1778954985.4395,815,286,Center,0.4249,0.2652
1778954986.0047,853,301,Center,0.4448,0.2792
1778954986.1514,863,299,Center,0.4498,0.2772
1778954986.5365,905,290,Center,0.4714,0.2688
1778954986.6941,917,234,Center,0.4776,0.2167
1778954987.0628,922,267,Center,0.4806,0.2476
1778954987.2144,871,268,Center,0.454,0.2482
1778954987.6576,862,250,Center,0.4494,0.2324
1778954987.8008,852,269,Center,0.4441,0.2494
1778954988.1562,845,312,Center,0.4402,0.2892
1778954988.2738,863,280,Center,0.4495,0.2593
1778954988.6476,947,307,Center,0.4935,0.2846
1778954988.8166,1013,351,Center,0.5279,0.3251
1778954989.181,993,360,Center,0.5173,0.3336
1778954989.3252,983,389,Center,0.5121,0.3609
1778954989.71,973,423,Center,0.5069,0.3917
1778954989.85,911,429,Center,0.4745,0.3975
1778954990.2119,855,436,Center,0.4458,0.4046
1778954990.3738,872,446,Center,0.4543,0.4133
1778954990.7877,884,416,Center,0.4608,0.3857
1778954990.9355,893,390,Center,0.4654,0.3618
1778954991.2969,909,389,Center,0.4739,0.3603
1778954991.7823,933,373,Center,0.4862,0.3458
1778954992.2598,931,357,Center,0.4851,0.3308
1778954992.4108,947,366,Center,0.4936,0.3395
1778954992.7872,991,390,Center,0.5163,0.3618
1778954992.9381,1009,364,Center,0.5259,0.3375
1778954993.3908,1006,352,Center,0.5244,0.3263
1778954993.5448,1028,318,Center,0.5356,0.2946
1778954993.9322,984,365,Center,0.5125,0.3387
1778954994.1355,931,353,Center,0.4852,0.3273
1778954994.564,896,346,Center,0.4669,0.3204
1778954994.7379,838,311,Center,0.4369,0.2886
1778954995.1597,793,271,Center,0.4134,0.2518
1778954995.6711,834,250,Center,0.4349,0.232
1778954995.8357,836,265,Center,0.4355,0.2456
1778954996.188,851,309,Center,0.4433,0.2869
1778954996.3328,906,383,Center,0.4721,0.3549
1778954996.7564,962,496,Center,0.5013,0.4597
1778954996.9226,943,475,Center,0.4914,0.4406
1778954997.2918,975,502,Center,0.5078,0.4651
1778954997.4339,965,506,Center,0.5029,0.4686
1778954997.8499,981,500,Center,0.5111,0.4637
1778954997.9785,950,481,Center,0.495,0.4454
1778954998.3724,982,531,Center,0.5119,0.4923
1778954998.53,969,525,Center,0.505,0.4867
1778954998.9704,938,525,Center,0.489,0.4865
1778954999.1082,937,506,Center,0.488,0.4686
1778954999.4696,924,533,Center,0.4817,0.4938
1778954999.6305,870,547,Center,0.4536,0.5071
1778955000.026,862,546,Center,0.4494,0.5062
1778955000.2095,909,541,Center,0.4737,0.5012
1778955000.6179,867,566,Center,0.4517,0.5244
1778955000.7506,875,553,Center,0.4558,0.5125
1778955001.1438,893,502,Center,0.4654,0.4655
1778955001.2762,870,468,Center,0.4531,0.4341
1778955001.7151,829,482,Center,0.4319,0.447
1778955001.8593,845,482,Center,0.4403,0.4471
1778955002.2709,829,434,Center,0.4319,0.4027
1778955002.44,827,444,Center,0.4309,0.4113
1778955002.8155,840,445,Center,0.4379,0.4123
1778955002.9828,877,415,Center,0.4573,0.3847
1778955003.4377,848,376,Center,0.4422,0.3485
1778955003.5717,853,406,Center,0.4448,0.3766
1778955003.9562,854,390,Center,0.4448,0.3618
1778955004.1177,865,386,Center,0.451,0.3577
1778955004.463,853,426,Center,0.4447,0.395
1778955004.6132,861,469,Center,0.4484,0.4345
1778955005.3563,877,473,Center,0.4571,0.4388
1778955005.5086,887,447,Center,0.4621,0.4147
1778955005.9593,896,487,Center,0.4671,0.4509
1778955006.086,921,435,Center,0.4797,0.4031
1778955006.4462,921,404,Center,0.4801,0.3746
1778955006.584,916,372,Center,0.4773,0.3452
1778955006.9461,925,388,Center,0.4819,0.3597
1778955007.0812,941,366,Center,0.4904,0.3389
1778955007.4799,955,375,Center,0.4979,0.348
1778955007.6625,962,379,Center,0.5012,0.3516
1778955008.0723,967,393,Center,0.504,0.3642
1778955008.2081,976,389,Center,0.5086,0.3605
1778955008.5695,973,392,Center,0.5068,0.3636
1778955008.7052,977,377,Center,0.5092,0.3498
1778955009.0779,1006,370,Center,0.5243,0.3434
1778955009.2594,1012,370,Center,0.5274,0.3428
1778955009.7204,1010,372,Center,0.5263,0.3453
1778955009.8628,1032,349,Center,0.5378,0.3237
1778955010.3361,1023,332,Center,0.5329,0.3077
1778955010.5451,1024,309,Center,0.5337,0.2863
1778955011.1398,1000,307,Center,0.5211,0.2849
1778955011.2677,966,313,Center,0.5034,0.2902
1778955011.6637,892,317,Center,0.465,0.2938
1778955011.7994,881,340,Center,0.459,0.3152
1778955012.276,808,370,Center,0.4211,0.3435
1778955012.4095,827,393,Center,0.4309,0.3639
1778955012.8859,848,418,Center,0.4422,0.3874
1778955013.3498,905,434,Center,0.4716,0.4027
1778955013.7914,934,457,Center,0.4869,0.4239
1778955013.9236,1038,468,Center,0.541,0.434
1778955014.3114,1071,456,Center,0.5579,0.4231
1778955014.5856,1101,436,Center,0.5735,0.4044
1778955014.9538,1078,425,Center,0.5615,0.3938
1778955015.106,1019,400,Center,0.5311,0.3705
1778955015.4817,964,382,Center,0.5023,0.3545
1778955015.6585,909,396,Center,0.4738,0.3676
1778955016.1673,856,416,Center,0.4461,0.3858
1778955016.3017,822,433,Center,0.4284,0.4013
1778955016.7154,842,469,Center,0.4388,0.4348
1778955016.8479,841,497,Center,0.438,0.4602
1778955017.2107,858,478,Center,0.4472,0.4429
1778955017.3502,870,475,Center,0.4536,0.4398
1778955017.7004,898,459,Center,0.4681,0.4252
1778955017.829,880,422,Center,0.4587,0.3911
1778955018.2228,881,397,Center,0.4591,0.3677
1778955018.4242,887,416,Center,0.4625,0.3858
1778955018.853,901,391,Center,0.4693,0.3626
1778955019.023,900,370,Center,0.469,0.343
1778955019.4699,907,360,Center,0.4727,0.3341
1778955019.6783,895,365,Center,0.4666,0.3382
1778955020.1591,873,328,Center,0.455,0.3041
1778955020.3368,879,313,Center,0.4582,0.2904
1778955020.9014,912,324,Center,0.4752,0.3001
1778955021.0428,931,342,Center,0.4849,0.3175
1778955021.6516,953,308,Center,0.4965,0.2859
1778955022.0381,984,324,Center,0.5126,0.3004
1778955022.4484,979,343,Center,0.5104,0.3182
1778955022.8049,963,327,Center,0.502,0.3037
1778955023.2532,982,305,Center,0.5118,0.2824
1778955023.4145,960,337,Center,0.5,0.3129
1778955023.8199,957,345,Center,0.4987,0.32
1778955023.9483,962,324,Center,0.5013,0.3009
1778955024.435,952,357,Center,0.4963,0.3311
1778955024.5982,921,370,Center,0.48,0.3431
1778955024.987,952,397,Center,0.4963,0.3682
1778955025.1308,946,386,Center,0.4929,0.3583
1778955025.5254,937,414,Center,0.4883,0.3838
1778955026.0045,942,417,Center,0.4907,0.3862
1778955026.3826,953,431,Center,0.4964,0.3995
1778955026.5425,950,407,Center,0.4952,0.3769
1778955026.951,975,420,Center,0.5081,0.389
1778955027.0872,1008,389,Center,0.5253,0.3609
1778955027.6424,1036,363,Center,0.5396,0.337
1778955027.9002,1061,350,Center,0.5529,0.3241
1778955028.3932,1044,362,Center,0.544,0.3358
1778955028.5392,999,354,Center,0.5205,0.3285
1778955028.9563,958,382,Center,0.4992,0.3543
1778955029.0951,912,404,Center,0.4753,0.3748
1778955029.4522,865,407,Center,0.4509,0.3771
1778955029.5999,857,386,Center,0.4464,0.358
1778955029.9768,856,377,Center,0.4458,0.3491
1778955030.137,856,329,Center,0.4463,0.3048
1778955030.502,833,308,Center,0.4341,0.2855
1778955030.641,867,329,Center,0.4518,0.305
1778955031.1037,905,349,Center,0.4715,0.3232
1778955031.5687,968,336,Center,0.5042,0.3117
1778955032.0485,1016,362,Center,0.5292,0.3352
1778955032.2056,1100,355,Center,0.573,0.329
1778955032.6505,1118,320,Center,0.5827,0.297
1778955032.8691,1133,288,Center,0.5903,0.267
1778955033.319,1091,282,Center,0.5685,0.2612
1778955033.477,1056,312,Center,0.5502,0.2893
1778955033.9286,1004,341,Center,0.523,0.3158
1778955034.0766,960,360,Center,0.5005,0.3342
1778955034.4906,918,378,Center,0.4782,0.3506
1778955034.6313,914,401,Center,0.4761,0.3719
1778955035.0903,886,386,Center,0.4616,0.3576
1778955035.2503,872,369,Center,0.4544,0.3417
1778955035.6666,907,311,Center,0.4725,0.2882
1778955035.8153,930,253,Center,0.4849,0.2349
1778955036.2,936,208,Center,0.4875,0.1933
1778955036.3349,942,170,Center,0.4908,0.1578
1778955036.7623,929,175,Center,0.4839,0.1629
1778955036.917,886,241,Center,0.4619,0.2237
1778955037.3576,892,303,Center,0.4649,0.2814
1778955037.5178,912,358,Center,0.475,0.3316
1778955038.2502,952,409,Center,0.4959,0.3793
1778955038.4701,1021,418,Center,0.5319,0.3873
1778955038.9435,1049,411,Center,0.5464,0.381
1778955039.1115,1038,409,Center,0.5411,0.3787
1778955039.6097,1032,410,Center,0.5377,0.38
1778955039.7592,1039,415,Center,0.5416,0.3847
1778955040.1859,1005,392,Center,0.5238,0.3637
1778955040.4497,1005,386,Center,0.5237,0.3579
1778955040.8715,1007,380,Center,0.5245,0.3524
1778955041.0335,1005,368,Center,0.5239,0.3409
1778955041.4315,952,344,Center,0.4959,0.3192
1778955041.6535,934,338,Center,0.4866,0.3138
1778955042.1044,901,318,Center,0.4698,0.2953
1778955042.4004,865,315,Center,0.4507,0.2919
1778955042.8228,831,317,Center,0.4332,0.2941
1778955043.2741,897,329,Center,0.4674,0.3047
1778955043.8549,917,362,Center,0.478,0.336
1778955044.018,948,396,Center,0.494,0.3668
1778955044.4788,988,412,Center,0.5146,0.3815
1778955044.6479,1037,422,Center,0.5402,0.391
1778955045.0135,1014,393,Center,0.5285,0.3642
1778955045.1661,1023,399,Center,0.533,0.3695
1778955045.6295,1009,391,Center,0.5258,0.3625
1778955045.9095,990,382,Center,0.5161,0.3542
1778955046.3698,970,378,Center,0.5053,0.3504
1778955046.5066,946,403,Center,0.4929,0.3736
1778955046.909,929,384,Center,0.4843,0.3557
1778955047.0585,929,405,Center,0.4841,0.3752
1778955047.4306,927,391,Center,0.4832,0.3629
1778955047.5755,886,389,Center,0.4616,0.361
1778955047.9618,856,398,Center,0.4461,0.3687
1778955048.1182,846,391,Center,0.4407,0.3627
1778955048.5112,830,359,Center,0.4325,0.3331
1778955048.6374,812,364,Center,0.4231,0.3376
1778955049.0356,829,353,Center,0.432,0.3271
1778955049.5186,844,339,Center,0.4397,0.3144
1778955050.0686,878,346,Center,0.4575,0.3211
1778955050.2783,918,351,Center,0.4785,0.3254
1778955050.6944,970,360,Center,0.5056,0.3336
1778955050.8599,1020,369,Center,0.5314,0.3417
1778955051.2379,1029,365,Center,0.5363,0.3385
1778955051.3999,999,359,Center,0.5205,0.3329
1778955051.8779,966,352,Center,0.5033,0.3264
1778955052.0427,921,376,Center,0.48,0.3482
1778955052.4441,884,396,Center,0.4607,0.3675
1778955052.5902,890,426,Center,0.4638,0.395
1778955052.9731,878,452,Center,0.4577,0.4188
1778955053.1182,871,470,Center,0.4537,0.436
1778955053.5414,874,436,Center,0.4556,0.4038
1778955053.677,847,426,Center,0.4416,0.3946
1778955054.0313,833,418,Center,0.4341,0.3871
1778955054.1918,848,384,Center,0.4417,0.3564
1778955054.6274,875,364,Center,0.456,0.3373
1778955055.1132,880,354,Center,0.4588,0.3281
1778955055.578,918,330,Center,0.4784,0.3059
1778955055.7392,948,308,Center,0.4939,0.2857
1778955056.1751,972,320,Center,0.5063,0.2968
1778955056.3266,994,328,Center,0.5177,0.3044
1778955056.7133,1007,341,Center,0.5245,0.3162
1778955056.8394,994,345,Center,0.5177,0.32
1778955057.2534,980,365,Center,0.5105,0.338
1778955057.4075,979,383,Center,0.5102,0.3549
1778955057.9054,949,375,Center,0.4946,0.3479
1778955058.0436,935,363,Center,0.4873,0.3369
1778955058.4232,945,389,Center,0.4926,0.3604
1778955058.6447,964,395,Center,0.5022,0.3662
1778955059.0717,945,398,Center,0.4927,0.3693
1778955059.2352,950,422,Center,0.4949,0.3908
1778955059.6427,966,384,Center,0.5036,0.3562
1778955059.7831,969,350,Center,0.5047,0.3246
1778955060.1501,959,326,Center,0.4999,0.3019
1778955060.2805,964,325,Center,0.5021,0.3015
1778955060.6747,951,294,Center,0.4954,0.2728
1778955060.8187,944,332,Center,0.492,0.3076
1778955061.2519,942,334,Center,0.4908,0.3094
1778955061.7258,939,324,Center,0.4893,0.3005
1778955062.2645,933,289,Center,0.4864,0.2679
1778955062.436,941,289,Center,0.4906,0.2679
1778955062.8272,947,298,Center,0.4934,0.2765
1778955062.9609,959,303,Center,0.4999,0.2813
1778955063.3307,967,312,Center,0.504,0.2895
1778955063.4603,1003,322,Center,0.5224,0.2987
1778955063.8441,994,323,Center,0.5177,0.2991
1778955063.9858,974,309,Center,0.5074,0.2865
1778955064.3579,961,294,Center,0.501,0.2727
1778955064.4993,936,319,Center,0.4879,0.296
1778955064.8678,913,339,Center,0.4759,0.3147
1778955065.0053,913,374,Center,0.4755,0.3467
1778955065.4245,904,410,Center,0.4709,0.3805
1778955065.5736,889,443,Center,0.4633,0.4111
1778955066.0,905,435,Center,0.4715,0.4036
1778955066.1895,859,370,Center,0.4475,0.3433
1778955066.6346,863,355,Center,0.4497,0.329
1778955066.8001,868,357,Center,0.4522,0.3306
1778955067.2729,887,332,Center,0.4623,0.3075
1778955067.4313,906,311,Center,0.4724,0.2887
1778955067.8782,972,343,Center,0.5063,0.318
1778955068.0276,980,361,Center,0.5106,0.3348
1778955068.9272,1008,324,Center,0.5251,0.3008
1778955069.2335,1026,318,Center,0.5346,0.2949
1778955069.6709,1029,309,Center,0.5363,0.2867
1778955069.8179,1028,316,Center,0.5354,0.2931
1778955070.1591,1059,284,Center,0.5519,0.2631
1778955070.2848,1077,287,Center,0.5612,0.2663
1778955070.686,1081,283,Center,0.563,0.2621
1778955070.8309,1084,278,Center,0.5648,0.2581
1778955071.3727,1072,274,Center,0.5585,0.2542
1778955071.5196,1053,270,Center,0.5485,0.2508
1778955071.92,1047,286,Center,0.5455,0.2654
1778955072.1055,1041,311,Center,0.5427,0.2881
1778955072.6402,1005,338,Center,0.5236,0.3133
1778955072.7649,981,359,Center,0.511,0.3326
1778955073.1517,957,382,Center,0.4989,0.3538
1778955073.3091,920,389,Center,0.4793,0.3603
1778955073.6864,888,396,Center,0.463,0.3675
1778955073.8421,889,400,Center,0.4634,0.3707
1778955074.1972,906,405,Center,0.4723,0.3753
1778955074.3453,924,408,Center,0.4813,0.3783
1778955074.7167,946,409,Center,0.4928,0.3791
1778955074.9682,968,407,Center,0.5045,0.3772
1778955075.4471,967,409,Center,0.5039,0.3792
1778955075.7683,957,416,Center,0.4986,0.3855
1778955076.1376,933,421,Center,0.4864,0.3899
1778955076.3876,923,430,Center,0.4812,0.3984
1778955076.7764,921,403,Center,0.4801,0.3736
1778955076.9594,907,320,Center,0.4728,0.2964
1778955077.5787,939,346,Center,0.4893,0.3205
1778955078.2264,1069,355,Center,0.5571,0.3293
1778955078.6169,1020,325,Center,0.5314,0.3016
1778955078.7622,981,388,Center,0.511,0.36
1778955079.1543,992,466,Center,0.5169,0.4317
1778955079.2982,960,441,Center,0.5005,0.4091
1778955079.7349,895,398,Center,0.4663,0.3689
1778955079.9218,911,399,Center,0.4746,0.3697
1778955080.4176,930,316,Center,0.4849,0.293
1778955080.8431,951,343,Center,0.4957,0.318
1778955080.9782,994,331,Center,0.518,0.3068
1778955081.3706,961,309,Center,0.5005,0.2865
1778955082.1705,1175,344,Right,0.612,0.3185
1778955082.3264,1318,395,Right,0.6868,0.3662
1778955082.7539,1473,422,Right,0.7674,0.3913
1778955082.9265,1538,447,Right,0.8015,0.4146
1778955083.29,1514,528,Right,0.789,0.4895
1778955083.4792,1354,536,Right,0.7054,0.497
1778955083.9204,1301,543,Right,0.6779,0.5035
1778955084.0856,1186,488,Right,0.6182,0.4524
1778955084.5234,1031,518,Center,0.5371,0.48
1778955084.6553,1000,504,Center,0.5213,0.467
1778955085.1344,978,520,Center,0.5094,0.4818
1778955085.261,890,523,Center,0.4636,0.4851
1778955085.7537,832,549,Center,0.4338,0.5084
1778955085.9165,853,514,Center,0.4444,0.4761
1778955086.4218,876,510,Center,0.4564,0.4731
1778955086.5682,880,499,Center,0.4585,0.4625
1778955086.9339,915,496,Center,0.4771,0.4597
1778955087.0964,884,455,Center,0.4607,0.4216
1778955087.8436,906,372,Center,0.4719,0.3449
1778955088.3087,932,382,Center,0.4859,0.3546
1778955088.5633,937,347,Center,0.488,0.3214
1778955088.9416,897,327,Center,0.4673,0.3035
1778955089.2548,932,351,Center,0.4859,0.3251
1778955089.7607,971,365,Center,0.506,0.3384
1778955090.0279,976,288,Center,0.5084,0.2667
1778955090.4406,961,277,Center,0.5005,0.2567
1778955090.5835,971,289,Center,0.506,0.2677
1778955091.1111,962,312,Center,0.5012,0.2896
1778955091.3046,921,391,Center,0.4801,0.3622
1778955091.8133,887,462,Center,0.4625,0.4285
1778955091.9587,886,496,Center,0.4615,0.46
1778955092.3521,892,511,Center,0.4646,0.4741
1778955092.5098,906,472,Center,0.4721,0.4375
1778955092.8497,921,434,Center,0.4801,0.4021
1778955093.1347,923,398,Center,0.4811,0.3694
1778955093.5323,932,388,Center,0.4855,0.3595
1778955093.6853,915,367,Center,0.4767,0.3399
1778955094.0628,907,376,Center,0.4729,0.3487
1778955094.2288,857,307,Center,0.4469,0.2844
1778955094.707,864,316,Center,0.4502,0.2932
1778955094.9993,956,231,Center,0.498,0.2144
1778955095.4393,914,211,Center,0.4764,0.1959
1778955096.2029,969,221,Center,0.5049,0.2049
1778955096.4722,981,282,Center,0.5111,0.2618
1778955096.8764,991,294,Center,0.5167,0.2727
1778955097.2394,932,365,Center,0.4857,0.3381
1778955097.664,955,312,Center,0.4975,0.2894
1778955097.9502,971,225,Center,0.5059,0.2087
1778955098.3086,1067,240,Center,0.556,0.2231
1778955098.625,1121,370,Center,0.5839,0.3427
1778955099.0581,1121,428,Center,0.5842,0.3968
1778955099.3499,1134,490,Center,0.5909,0.4537
1778955099.8178,1087,568,Center,0.5663,0.5268
1778955100.0175,1018,567,Center,0.5303,0.525
1778955100.6183,955,442,Center,0.4978,0.4096
1778955100.9905,908,394,Center,0.473,0.3655
1778955101.4139,901,436,Center,0.4698,0.404
1778955101.7334,865,456,Center,0.451,0.4227
1778955102.1935,889,422,Center,0.4632,0.3915
1778955102.3479,1003,410,Center,0.5225,0.3799
1778955102.8862,1040,343,Center,0.5418,0.3181
1778955103.6563,1053,307,Center,0.5485,0.2847
1778955104.352,1097,267,Center,0.5718,0.2477
1778955104.7585,1102,270,Center,0.5741,0.2503
1778955105.0549,1025,251,Center,0.5339,0.2331
1778955105.4993,1019,311,Center,0.5309,0.2886
1778955105.6387,1041,280,Center,0.5424,0.2601
1778955106.0371,1040,285,Center,0.5422,0.264
1778955106.1916,1062,297,Center,0.5534,0.2755
1778955106.637,1046,288,Center,0.5452,0.2671
1778955106.7726,1042,279,Center,0.543,0.2591
1778955107.1458,1043,296,Center,0.5437,0.2742
1778955107.2904,1058,279,Center,0.5514,0.2586
1778955107.7545,1039,287,Center,0.5412,0.2666
1778955107.9338,1019,309,Center,0.5311,0.2865
1778955108.8613,1013,289,Center,0.5276,0.2681
1778955109.0093,941,285,Center,0.4905,0.2643
1778955109.3962,897,294,Center,0.4675,0.2723
1778955109.5404,899,270,Center,0.4686,0.2507
1778955109.9126,928,280,Center,0.4835,0.26
1778955110.0658,941,312,Center,0.4904,0.2891
1778955110.5317,997,330,Center,0.5193,0.306
1778955110.6965,1004,340,Center,0.5234,0.3149
1778955111.1226,1001,354,Center,0.5216,0.3281
1778955111.295,998,331,Center,0.5199,0.3068
1778955111.6771,966,311,Center,0.5035,0.2882
1778955111.8565,970,315,Center,0.5055,0.2919
1778955112.6452,978,325,Center,0.5094,0.3016
1778955112.7778,992,320,Center,0.5168,0.2967
1778955113.2092,994,322,Center,0.518,0.2984
1778955113.3659,1004,335,Center,0.5232,0.311
1778955113.751,988,330,Center,0.5151,0.3057
1778955113.8823,988,262,Center,0.5151,0.2427
1778955114.2665,989,316,Center,0.5153,0.2933
1778955114.5252,960,319,Center,0.5001,0.2958
1778955115.083,950,328,Center,0.4953,0.3046
1778955115.4869,962,346,Center,0.5015,0.3205
1778955115.6228,934,417,Center,0.4869,0.3865
1778955116.0233,896,408,Center,0.467,0.378
1778955116.1993,891,430,Center,0.4643,0.3986
1778955116.6159,908,431,Center,0.473,0.3999
1778955116.8189,902,416,Center,0.4698,0.3858
1778955117.2539,944,436,Center,0.4917,0.4042
1778955117.5352,937,442,Center,0.4885,0.41
1778955117.9618,949,448,Center,0.4946,0.4151
1778955118.1363,941,431,Center,0.4903,0.3992
1778955118.677,954,422,Center,0.4971,0.3916
1778955118.8187,931,423,Center,0.4854,0.3923
1778955119.6284,959,421,Center,0.4997,0.3901
1778955119.7987,959,431,Center,0.4999,0.3993
1778955120.1895,954,468,Center,0.4974,0.434
1778955120.3127,953,492,Center,0.4968,0.4557
1778955120.6936,938,468,Center,0.4891,0.4338
1778955120.8487,914,442,Center,0.4764,0.4095
1778955121.2422,891,431,Center,0.4641,0.3992
1778955121.6434,890,390,Center,0.4637,0.3617
1778955122.1238,896,370,Center,0.4668,0.3431
1778955122.3432,917,394,Center,0.4777,0.3656
1778955122.7312,916,389,Center,0.4776,0.361
1778955122.8765,958,363,Center,0.4992,0.3362
1778955123.281,967,374,Center,0.5039,0.3468
1778955123.4353,951,367,Center,0.4954,0.3399
1778955123.8914,928,362,Center,0.4834,0.3353
1778955124.1151,913,388,Center,0.476,0.3599
1778955124.5352,882,387,Center,0.4598,0.3587
1778955124.6716,873,377,Center,0.455,0.3491
1778955125.0755,862,413,Center,0.449,0.3827
1778955125.207,863,416,Center,0.4497,0.3857
1778955125.7143,862,413,Center,0.4493,0.3828
1778955125.8521,857,433,Center,0.4465,0.4015
1778955126.2217,854,451,Center,0.4451,0.4181
1778955126.4999,867,436,Center,0.4521,0.4041
1778955126.8951,856,398,Center,0.4461,0.369
1778955127.0574,835,373,Center,0.4352,0.3454
1778955127.8658,842,349,Center,0.439,0.3238
1778955128.1345,887,328,Center,0.4624,0.304
1778955128.5757,882,311,Center,0.4597,0.2886
1778955128.7271,900,336,Center,0.4692,0.3111
1778955129.0941,950,352,Center,0.4949,0.3267
1778955129.2422,951,379,Center,0.4954,0.351
1778955129.6754,932,404,Center,0.4857,0.3748
1778955129.8186,961,418,Center,0.501,0.3874
1778955130.2209,960,417,Center,0.5002,0.3865
1778955130.3653,930,422,Center,0.4849,0.391
1778955130.8374,949,421,Center,0.4945,0.3906
1778955130.9788,931,413,Center,0.4852,0.3824
1778955131.3708,953,363,Center,0.4965,0.3364
1778955131.5085,969,309,Center,0.5047,0.2867
1778955131.9034,982,291,Center,0.5116,0.2695
1778955132.0385,953,255,Center,0.4969,0.2366
1778955132.4678,940,258,Center,0.49,0.2392
1778955132.6027,868,311,Center,0.4526,0.2885
1778955133.0283,832,364,Center,0.4336,0.3379
1778955133.1796,843,380,Center,0.4391,0.3521
1778955133.5677,848,386,Center,0.4421,0.3578
1778955133.7236,841,388,Center,0.4382,0.36
1778955134.1687,854,393,Center,0.4451,0.3643
1778955134.341,889,365,Center,0.4635,0.3386
1778955134.7673,873,343,Center,0.4551,0.3182
1778955134.937,878,357,Center,0.4577,0.3306
1778955135.2797,912,345,Center,0.4752,0.3202
1778955135.4292,928,319,Center,0.4837,0.2955
1778955135.7919,890,342,Center,0.4638,0.3167
1778955136.0827,861,338,Center,0.4485,0.3131
1778955136.4608,882,331,Center,0.4599,0.3065
1778955136.5988,862,348,Center,0.4493,0.3231
1778955137.0883,865,368,Center,0.4505,0.3408
1778955137.2304,889,366,Center,0.4633,0.3394
1778955137.6376,919,384,Center,0.4787,0.3562
1778955137.8112,903,400,Center,0.4705,0.3705
1778955138.1733,921,403,Center,0.4798,0.3738
1778955138.2979,928,383,Center,0.4833,0.3551
1778955138.8794,943,365,Center,0.4913,0.3383
1778955139.0304,965,343,Center,0.5029,0.3181
1778955139.4089,968,319,Center,0.5043,0.2959
1778955139.5747,961,282,Center,0.501,0.2611
1778955139.9686,951,311,Center,0.4957,0.2881
1778955140.1053,941,340,Center,0.4901,0.3153
1778955140.5019,932,370,Center,0.4855,0.3427
1778955140.6387,933,398,Center,0.4862,0.3694
1778955141.0097,933,425,Center,0.486,0.3944
