timestamp,screen_x,screen_y,direction,h_ratio,v_ratio
1779054896.4322,827,455,Center,0.431,0.4221
1779054896.4602,816,415,Center,0.4254,0.3851
1779054896.4924,836,362,Center,0.4355,0.3353
1779054896.5216,827,332,Center,0.4312,0.3081
1779054896.5501,838,320,Center,0.4368,0.2967
1779054896.5814,848,307,Center,0.442,0.2847
1779054896.6125,859,288,Center,0.4476,0.267
1779054896.6454,857,308,Center,0.4465,0.286
1779054896.679,881,332,Center,0.4593,0.3075
1779054896.713,886,353,Center,0.4616,0.3277
1779054896.744,890,346,Center,0.464,0.3209
1779054896.7899,896,354,Center,0.4669,0.3283
1779054896.8243,905,383,Center,0.4718,0.3551
1779054896.8541,900,398,Center,0.469,0.3689
1779054903.8399,893,412,Center,0.4656,0.3823
1779054903.8929,820,390,Center,0.4276,0.3613
1779054903.9407,713,370,Left,0.3715,0.3433
1779054903.9753,596,300,Left,0.3109,0.2784
1779054904.0084,484,282,Left,0.2525,0.2615
1779054904.0377,363,257,Left,0.1894,0.2388
1779054904.0686,311,282,Left,0.162,0.2616
1779054904.1004,279,305,Left,0.1453,0.2832
1779054904.1384,281,310,Left,0.1466,0.2877
1779054904.1839,280,325,Left,0.1461,0.3015
1779054904.2184,291,275,Left,0.1516,0.2554
1779054904.2633,285,221,Left,0.1486,0.2049
1779054904.2909,278,174,Left,0.1448,0.1617
1779054904.3298,239,187,Left,0.1248,0.174
1779054904.5501,189,190,Left,0.0987,0.1763
1779054904.5887,193,228,Left,0.101,0.2111
1779054904.6225,194,245,Left,0.1013,0.2274
1779054904.6498,163,328,Left,0.0854,0.3045
1779054904.6796,134,354,Left,0.0699,0.3286
1779054904.7086,117,315,Left,0.061,0.2922
1779054904.7383,49,359,Left,0.0257,0.3327
1779054904.7654,0,379,Left,0.0,0.3518
1779054904.7974,0,345,Left,0.0,0.3198
1779054904.8284,0,367,Left,0.0,0.3399
1779054904.8584,0,414,Left,0.0,0.3841
1779054904.8896,0,395,Left,0.0,0.3663
1779054904.9188,0,444,Left,0.0,0.4119
1779054904.9511,0,471,Left,0.0,0.4367
1779054904.9822,0,426,Left,0.0,0.3947
1779054905.0939,12,373,Left,0.0064,0.3459
1779054905.1298,35,383,Left,0.0186,0.3553
1779054905.1584,71,358,Left,0.0375,0.3316
1779054905.1862,129,337,Left,0.0674,0.3125
1779054905.2211,171,365,Left,0.0892,0.3382
1779054905.2519,215,357,Left,0.112,0.3311
1779054905.2781,277,353,Left,0.1446,0.3276
1779054905.3084,324,323,Left,0.1691,0.2997
1779054905.3421,300,287,Left,0.1568,0.2664
1779054905.3849,379,297,Left,0.1976,0.2755
1779054905.43,469,340,Left,0.2447,0.315
1779054905.4501,534,333,Left,0.2786,0.309
1779054905.4912,562,349,Left,0.2928,0.3238
1779054905.5209,591,387,Left,0.3083,0.3584
1779054905.5541,558,385,Left,0.2911,0.3566
1779054905.674,534,381,Left,0.2782,0.3536
1779054905.7067,457,389,Left,0.2385,0.3609
1779054905.7323,440,368,Left,0.2296,0.3413
1779054905.7639,449,352,Left,0.234,0.3268
1779054905.7956,478,354,Left,0.2494,0.3282
1779054905.8252,423,347,Left,0.2203,0.322
1779054905.8513,407,339,Left,0.2121,0.3141
1779054905.8833,349,367,Left,0.1818,0.3401
1779054905.9155,314,305,Left,0.1637,0.2827
1779054905.9453,257,217,Left,0.1342,0.2013
1779054905.9755,233,166,Left,0.1216,0.1541
1779054906.0085,250,149,Left,0.1305,0.1384
1779054906.0403,269,143,Left,0.1403,0.1326
1779054906.0758,296,175,Left,0.1545,0.1621
1779054906.103,304,249,Left,0.1585,0.2308
1779054906.2166,337,282,Left,0.1758,0.2615
1779054906.2519,297,282,Left,0.1548,0.2616
1779054906.2822,289,265,Left,0.1506,0.2462
1779054906.311,280,307,Left,0.146,0.2851
1779054906.3439,264,267,Left,0.1378,0.2472
1779054906.3687,253,256,Left,0.1318,0.2375
1779054906.3997,267,235,Left,0.1392,0.2185
1779054906.4298,261,282,Left,0.1361,0.2613
1779054906.461,264,305,Left,0.1376,0.283
1779054906.4923,257,327,Left,0.1339,0.3036
1779054906.5241,226,353,Left,0.1177,0.3275
1779054906.5555,234,377,Left,0.122,0.3496
1779054906.5878,249,342,Left,0.1299,0.3174
1779054906.6184,264,351,Left,0.1378,0.3253
1779054906.6472,263,399,Left,0.1373,0.3697
1779054906.7656,267,396,Left,0.1394,0.3675
1779054906.793,264,393,Left,0.1378,0.364
1779054906.8222,270,398,Left,0.141,0.3693
1779054906.8554,252,363,Left,0.1313,0.3365
1779054906.8831,264,325,Left,0.1376,0.3012
1779054906.9142,283,324,Left,0.1477,0.3009
1779054906.9443,282,326,Left,0.1472,0.3024
1779054906.9753,265,324,Left,0.1384,0.3006
1779054907.009,257,318,Left,0.134,0.2948
1779054907.0366,246,319,Left,0.1285,0.2955
1779054907.0686,237,323,Left,0.1236,0.2992
1779054907.0997,229,326,Left,0.1194,0.3027
1779054907.131,230,328,Left,0.1202,0.304
1779054907.16,232,329,Left,0.1212,0.305
1779054907.1939,235,328,Left,0.1226,0.3042
1779054907.2934,238,327,Left,0.1244,0.3034
1779054907.3256,249,323,Left,0.1301,0.2995
1779054907.3503,260,310,Left,0.1356,0.2871
1779054907.3821,268,297,Left,0.1401,0.2751
1779054907.4131,275,285,Left,0.1434,0.2643
1779054907.4473,281,276,Left,0.1464,0.2565
1779054907.4756,252,272,Left,0.1318,0.2521
1779054907.5089,249,273,Left,0.1301,0.2535
1779054907.5397,247,275,Left,0.1289,0.2552
1779054907.5698,251,279,Left,0.131,0.259
1779054907.6011,239,280,Left,0.1249,0.2599
1779054907.6308,265,275,Left,0.1382,0.2552
1779054907.6623,267,275,Left,0.1396,0.2549
1779054907.6933,254,283,Left,0.1324,0.2628
1779054907.7241,236,293,Left,0.1232,0.2714
1779054907.8349,215,303,Left,0.1123,0.2809
1779054907.8704,189,319,Left,0.0989,0.2955
1779054907.8987,174,330,Left,0.0907,0.3057
1779054907.9441,159,333,Left,0.0833,0.3088
1779054907.9759,151,334,Left,0.0792,0.3096
1779054908.0047,144,332,Left,0.0755,0.3082
1779054908.0349,138,326,Left,0.072,0.3019
1779054908.0673,123,363,Left,0.0643,0.3369
1779054908.0989,110,396,Left,0.0575,0.3676
1779054908.133,99,428,Left,0.0519,0.3964
1779054908.1632,111,455,Left,0.0579,0.4219
1779054908.1937,125,486,Left,0.0652,0.4505
1779054908.2442,137,474,Left,0.0715,0.4393
1779054908.2779,138,466,Left,0.0722,0.432
1779054908.3038,132,459,Left,0.0688,0.4257
1779054908.4145,119,457,Left,0.0624,0.4239
1779054908.4484,113,445,Left,0.059,0.4125
1779054908.4749,104,432,Left,0.0545,0.4001
1779054908.5121,118,418,Left,0.0619,0.3875
1779054908.5397,128,405,Left,0.0669,0.3751
1779054908.5685,138,392,Left,0.072,0.3631
1779054908.5999,133,392,Left,0.0693,0.3635
1779054908.6322,134,393,Left,0.07,0.3648
1779054908.6643,139,394,Left,0.0729,0.3649
1779054908.6968,149,396,Left,0.0781,0.3669
1779054908.7256,156,400,Left,0.0816,0.3705
1779054908.7538,158,405,Left,0.0825,0.3754
1779054908.7833,166,411,Left,0.0869,0.3814
1779054908.8151,170,418,Left,0.0889,0.3872
1779054908.8502,169,421,Left,0.0884,0.3898
1779054908.9708,171,422,Left,0.0895,0.391
1779054909.0073,197,411,Left,0.1031,0.3812
1779054909.0387,182,401,Left,0.0952,0.3715
1779054909.0711,165,391,Left,0.086,0.3627
1779054909.1032,167,381,Left,0.0872,0.3534
1779054909.1322,161,371,Left,0.0841,0.3436
1779054909.1611,147,370,Left,0.0768,0.3428
1779054909.193,144,372,Left,0.0752,0.3452
1779054909.2232,161,376,Left,0.0843,0.3485
1779054909.2524,156,381,Left,0.0815,0.3532
1779054909.2857,169,387,Left,0.0881,0.3586
1779054909.3165,166,393,Left,0.0868,0.3641
1779054909.3475,196,395,Left,0.1025,0.3666
1779054909.3779,220,403,Left,0.1148,0.374
1779054909.4113,239,408,Left,0.1245,0.3785
1779054909.5241,234,413,Left,0.1223,0.3827
1779054909.5533,247,402,Left,0.1291,0.3727
1779054909.5832,254,390,Left,0.1326,0.3619
1779054909.6175,249,370,Left,0.13,0.343
1779054909.6485,252,352,Left,0.1313,0.3262
1779054909.6817,265,334,Left,0.138,0.3096
1779054909.7045,260,326,Left,0.1358,0.3025
1779054909.7365,243,318,Left,0.1269,0.2948
1779054909.7685,224,315,Left,0.1167,0.2921
1779054909.7988,208,313,Left,0.1087,0.2904
1779054909.8308,187,315,Left,0.0976,0.2917
1779054909.8612,171,318,Left,0.0895,0.295
1779054909.8912,160,321,Left,0.0834,0.2976
1779054909.9236,149,321,Left,0.0778,0.2973
1779054909.9521,136,319,Left,0.0712,0.2956
1779054910.0712,133,307,Left,0.0694,0.2845
1779054910.1066,180,242,Left,0.094,0.2247
1779054910.1467,231,179,Left,0.1206,0.1661
1779054910.1782,281,149,Left,0.1466,0.1383
1779054910.209,338,122,Left,0.1763,0.1135
1779054910.2358,367,89,Left,0.1914,0.0826
1779054910.2671,383,89,Left,0.1995,0.0826
1779054910.2955,405,89,Left,0.2112,0.0826
1779054910.3307,405,89,Left,0.2112,0.0826
1779054910.3566,405,89,Left,0.2112,0.0826
1779054910.3878,496,57,Left,0.2588,0.0528
1779054910.4082,584,21,Left,0.3046,0.0201
1779054910.4358,711,0,Left,0.3704,0.0
1779054910.4684,785,0,Center,0.4094,0.0
1779054910.5,867,0,Center,0.4518,0.0
1779054910.6232,867,0,Center,0.4518,0.0
1779054910.6541,867,0,Center,0.4518,0.0
1779054910.6865,875,0,Center,0.456,0.0
1779054910.7153,865,0,Center,0.4507,0.0
1779054910.7488,854,0,Center,0.4449,0.0
1779054910.7783,857,0,Center,0.4468,0.0
1779054910.8108,834,0,Center,0.4348,0.0
1779054910.839,825,0,Center,0.4299,0.0
1779054910.8679,840,0,Center,0.4376,0.0
1779054910.9005,838,0,Center,0.4368,0.0
1779054910.941,838,0,Center,0.4368,0.0
1779054910.9769,838,0,Center,0.4368,0.0
1779054911.0085,838,0,Center,0.4368,0.0
1779054911.0432,851,0,Center,0.4436,0.0
1779054911.0685,879,0,Center,0.458,0.0
1779054911.1973,889,0,Center,0.4634,0.0
1779054911.2282,889,0,Center,0.4634,0.0
1779054911.262,889,0,Center,0.4634,0.0
1779054911.2932,889,0,Center,0.4634,0.0
1779054911.3221,889,0,Center,0.4634,0.0
1779054911.3502,889,0,Center,0.4634,0.0
1779054911.383,889,0,Center,0.4634,0.0
1779054911.4154,889,0,Center,0.4634,0.0
1779054911.4429,889,0,Center,0.4634,0.0
1779054911.4778,885,0,Center,0.4614,0.0
1779054911.507,901,0,Center,0.4698,0.0
1779054911.5365,890,0,Center,0.4638,0.0
1779054911.5672,875,0,Center,0.4559,0.0
1779054911.6012,875,0,Center,0.4559,0.0
1779054911.6289,875,0,Center,0.4559,0.0
1779054911.761,875,0,Center,0.4559,0.0
1779054911.7899,875,0,Center,0.4559,0.0
1779054911.823,875,0,Center,0.4559,0.0
1779054911.8545,875,0,Center,0.4559,0.0
1779054911.8862,875,0,Center,0.4559,0.0
1779054911.9152,875,0,Center,0.4559,0.0
1779054911.941,875,0,Center,0.4559,0.0
1779054911.9715,875,0,Center,0.4559,0.0
1779054912.0052,875,0,Center,0.4559,0.0
1779054912.0367,876,0,Center,0.4567,0.0
1779054912.0675,867,0,Center,0.4518,0.0
1779054912.1122,867,0,Center,0.4518,0.0
1779054912.1419,867,0,Center,0.4518,0.0
1779054912.1723,867,0,Center,0.4518,0.0
1779054912.2039,867,0,Center,0.4518,0.0
1779054912.3139,867,0,Center,0.4518,0.0
1779054912.3525,867,0,Center,0.4518,0.0
1779054912.3818,867,0,Center,0.4518,0.0
1779054912.4172,867,0,Center,0.4518,0.0
1779054912.4465,867,0,Center,0.4518,0.0
1779054912.4781,867,0,Center,0.4518,0.0
1779054912.5054,867,0,Center,0.4518,0.0
1779054912.5384,867,0,Center,0.4518,0.0
1779054912.5675,867,0,Center,0.4518,0.0
1779054912.5974,867,0,Center,0.4518,0.0
1779054912.6282,867,0,Center,0.4518,0.0
1779054912.6585,867,0,Center,0.4518,0.0
1779054912.692,867,0,Center,0.4518,0.0
1779054912.7182,867,0,Center,0.4518,0.0
1779054912.7511,856,0,Center,0.4458,0.0
1779054912.9035,847,0,Center,0.4415,0.0
1779054912.9345,843,0,Center,0.4394,0.0
1779054912.9642,836,0,Center,0.4355,0.0
1779054912.9921,835,0,Center,0.4353,0.0
1779054913.0245,817,0,Center,0.426,0.0
1779054913.05,816,0,Center,0.4255,0.0
1779054913.0807,794,0,Center,0.414,0.0
1779054913.1132,774,0,Center,0.4032,0.0
1779054913.1451,780,0,Center,0.4067,0.0
1779054913.175,780,0,Center,0.4067,0.0
1779054913.2054,779,0,Center,0.4059,0.0
1779054913.2366,779,0,Center,0.4058,0.0
1779054913.2658,804,0,Center,0.419,0.0
1779054913.2951,804,0,Center,0.419,0.0
1779054913.3266,804,0,Center,0.419,0.0
1779054913.4441,816,0,Center,0.4253,0.0
1779054913.4752,816,0,Center,0.4253,0.0
1779054913.5068,816,0,Center,0.4253,0.0
1779054913.5415,813,0,Center,0.4236,0.0
1779054913.5684,813,0,Center,0.4236,0.0
1779054913.5972,821,0,Center,0.4277,0.0
1779054913.6278,827,0,Center,0.4308,0.0
1779054913.6563,821,0,Center,0.4278,0.0
1779054913.6865,825,0,Center,0.43,0.0
1779054913.7196,825,0,Center,0.43,0.0
1779054913.7499,835,0,Center,0.4351,0.0
1779054913.7798,835,0,Center,0.4351,0.0
1779054913.811,848,0,Center,0.4422,0.0
1779054913.8431,862,0,Center,0.4492,0.0
1779054913.8768,862,0,Center,0.4492,0.0
1779054913.9858,864,0,Center,0.4502,0.0
1779054914.0222,859,0,Center,0.4478,0.0
1779054914.0474,860,0,Center,0.4481,0.0
1779054914.0782,859,0,Center,0.4474,0.0
1779054914.1135,859,0,Center,0.4474,0.0
1779054914.141,859,0,Center,0.4474,0.0
1779054914.1701,859,0,Center,0.4474,0.0
1779054914.2023,859,0,Center,0.4474,0.0
1779054914.2333,859,0,Center,0.4474,0.0
1779054914.2615,859,0,Center,0.4474,0.0
1779054914.293,859,0,Center,0.4474,0.0
1779054914.3239,858,0,Center,0.447,0.0
1779054914.3546,858,0,Center,0.447,0.0
1779054914.3763,858,0,Center,0.447,0.0
1779054914.4039,858,0,Center,0.447,0.0
1779054914.5024,858,0,Center,0.447,0.0
1779054914.5322,858,0,Center,0.447,0.0
1779054914.5639,852,0,Center,0.4441,0.0
1779054914.5955,852,0,Center,0.4441,0.0
1779054914.6253,852,0,Center,0.4441,0.0
1779054914.6602,852,0,Center,0.4441,0.0
1779054914.6832,852,0,Center,0.4441,0.0
1779054914.7132,852,0,Center,0.4441,0.0
1779054914.744,852,0,Center,0.4441,0.0
1779054914.7761,852,0,Center,0.4441,0.0
1779054914.8074,852,0,Center,0.4441,0.0
1779054914.8368,852,0,Center,0.4441,0.0
1779054914.8673,852,0,Center,0.4441,0.0
1779054914.9027,852,0,Center,0.4441,0.0
1779054914.931,841,0,Center,0.4384,0.0
1779054915.0475,841,0,Center,0.4384,0.0
1779054915.0762,841,0,Center,0.4384,0.0
1779054915.1082,841,0,Center,0.4384,0.0
1779054915.1402,841,0,Center,0.4384,0.0
1779054915.1708,841,0,Center,0.4384,0.0
1779054915.1975,841,0,Center,0.4384,0.0
1779054915.2261,841,0,Center,0.4384,0.0
1779054915.2566,841,0,Center,0.4384,0.0
1779054915.3,841,0,Center,0.4384,0.0
1779054915.3329,841,0,Center,0.4384,0.0
1779054915.3643,841,0,Center,0.4384,0.0
1779054915.3951,841,0,Center,0.4384,0.0
1779054915.4265,841,0,Center,0.4384,0.0
1779054915.4582,841,0,Center,0.4384,0.0
1779054915.4897,841,0,Center,0.4384,0.0
1779054915.6025,841,0,Center,0.4384,0.0
1779054915.6364,841,0,Center,0.4384,0.0
1779054915.6621,841,0,Center,0.4384,0.0
1779054915.6942,841,0,Center,0.4384,0.0
1779054915.7256,836,0,Center,0.4355,0.0
1779054915.7574,818,0,Center,0.4264,0.0
1779054915.783,815,0,Center,0.4246,0.0
1779054915.8145,828,0,Center,0.4314,0.0
1779054915.8443,816,0,Center,0.4253,0.0
1779054915.8761,792,0,Center,0.413,0.0
1779054915.911,792,0,Center,0.413,0.0
1779054915.9387,784,0,Center,0.4086,0.0
1779054915.9698,784,0,Center,0.4086,0.0
1779054916.001,794,0,Center,0.4137,0.0
1779054916.0374,803,0,Center,0.4187,0.0
1779054916.163,839,0,Center,0.4374,0.0
1779054916.1954,862,0,Center,0.4491,0.0
1779054916.2213,861,0,Center,0.4488,0.0
1779054916.2502,829,0,Center,0.4322,0.0
1779054916.2846,829,0,Center,0.4322,0.0
1779054916.3199,829,0,Center,0.4322,0.0
1779054916.344,829,0,Center,0.4322,0.0
1779054916.3747,829,0,Center,0.4322,0.0
1779054916.4063,829,0,Center,0.4322,0.0
1779054916.4373,829,0,Center,0.4322,0.0
1779054916.4673,829,0,Center,0.4322,0.0
1779054916.5001,829,0,Center,0.4322,0.0
1779054916.5316,829,0,Center,0.4322,0.0
1779054916.5778,818,0,Center,0.4264,0.0
1779054916.6089,808,0,Center,0.4212,0.0
1779054916.7152,809,0,Center,0.4219,0.0
1779054916.7524,825,0,Center,0.4301,0.0
1779054916.7839,856,0,Center,0.4463,0.0
1779054916.8165,856,0,Center,0.4463,0.0
1779054916.8501,856,0,Center,0.4463,0.0
1779054916.8807,856,0,Center,0.4463,0.0
1779054916.9067,856,0,Center,0.4463,0.0
1779054916.935,856,0,Center,0.4463,0.0
1779054916.9665,856,0,Center,0.4463,0.0
1779054916.9971,856,0,Center,0.4463,0.0
1779054917.0256,835,0,Center,0.435,0.0
1779054917.0574,830,0,Center,0.4328,0.0
1779054917.0874,829,0,Center,0.432,0.0
1779054917.1162,825,25,Center,0.4298,0.0237
1779054917.1487,813,25,Center,0.4236,0.0237
1779054917.2683,853,46,Center,0.4443,0.0428
1779054917.3,893,68,Center,0.4653,0.063
1779054917.3296,949,95,Center,0.4943,0.088
1779054917.3622,992,128,Center,0.5171,0.1189
1779054917.3921,1040,174,Center,0.5417,0.162
1779054917.4214,1054,189,Center,0.5495,0.1752
1779054917.4474,1041,188,Center,0.5423,0.1741
1779054917.4781,1045,176,Center,0.5445,0.1636
1779054917.5073,1062,150,Center,0.5535,0.1389
1779054917.5402,1083,144,Center,0.5644,0.1337
1779054917.5711,1103,151,Center,0.5747,0.1404
1779054917.6015,1135,174,Center,0.5916,0.162
1779054917.6329,1136,207,Center,0.5917,0.1921
1779054917.6606,1134,228,Center,0.591,0.2113
1779054917.6919,1134,237,Center,0.5908,0.2195
1779054917.8075,1137,244,Center,0.5926,0.2267
1779054917.8403,1143,245,Center,0.5957,0.2277
1779054917.87,1153,240,Right,0.6007,0.2229
1779054917.9023,1167,230,Right,0.6078,0.2133
1779054917.9345,1185,240,Right,0.6173,0.2227
1779054917.961,1207,238,Right,0.629,0.2209
1779054917.9884,1214,225,Right,0.6327,0.2091
1779054918.0224,1219,209,Right,0.6351,0.194
1779054918.0513,1217,199,Right,0.634,0.1844
1779054918.0825,1217,174,Right,0.6343,0.1612
1779054918.1132,1197,161,Right,0.6238,0.1499
1779054918.1438,1186,156,Right,0.6178,0.1451
1779054918.1759,1156,146,Right,0.6021,0.1356
1779054918.2083,1079,114,Center,0.5623,0.1057
1779054918.2429,1007,79,Center,0.525,0.0735
1779054918.3556,963,81,Center,0.5019,0.0753
1779054918.3848,963,81,Center,0.5019,0.0753
1779054918.4188,963,81,Center,0.5019,0.0753
1779054918.4487,909,54,Center,0.4739,0.0501
1779054918.4822,863,37,Center,0.45,0.0351
1779054918.5191,882,37,Center,0.4596,0.0351
1779054918.5508,898,37,Center,0.4681,0.0351
1779054918.583,898,37,Center,0.4681,0.0351
1779054918.6115,898,37,Center,0.4681,0.0351
1779054918.6436,898,37,Center,0.4681,0.0351
1779054918.6778,898,37,Center,0.4681,0.0351
1779054918.7066,898,37,Center,0.4681,0.0351
1779054918.7384,898,37,Center,0.4681,0.0351
1779054918.7715,898,37,Center,0.4681,0.0351
1779054918.8031,898,37,Center,0.4681,0.0351
1779054918.9233,898,37,Center,0.4681,0.0351
1779054918.9585,898,37,Center,0.4681,0.0351
1779054918.99,898,37,Center,0.4681,0.0351
1779054919.0205,898,37,Center,0.4681,0.0351
1779054919.0526,881,0,Center,0.4591,0.0
1779054919.0797,878,0,Center,0.4575,0.0
1779054919.1123,885,0,Center,0.4612,0.0
1779054919.1565,891,0,Center,0.4642,0.0
1779054919.1854,856,0,Center,0.4461,0.0
1779054919.2281,856,0,Center,0.4461,0.0
1779054919.2621,856,0,Center,0.4461,0.0
1779054919.293,856,0,Center,0.4461,0.0
1779054919.327,856,0,Center,0.4461,0.0
1779054919.3542,856,0,Center,0.4461,0.0
1779054919.386,856,0,Center,0.4461,0.0
1779054919.504,856,0,Center,0.4461,0.0
1779054919.5373,856,0,Center,0.4461,0.0
1779054919.5665,856,0,Center,0.4461,0.0
1779054919.599,856,0,Center,0.4461,0.0
1779054919.6301,856,0,Center,0.4461,0.0
1779054919.657,850,0,Center,0.4431,0.0
1779054919.6856,843,0,Center,0.4393,0.0
1779054919.7272,820,0,Center,0.4273,0.0
1779054919.7512,795,0,Center,0.4144,0.0
1779054919.7779,814,0,Center,0.4245,0.0
1779054919.8112,798,0,Center,0.4158,0.0
1779054919.844,794,0,Center,0.4137,0.0
1779054919.8705,813,0,Center,0.4237,0.0
1779054919.9031,811,0,Center,0.4225,0.0
1779054919.9356,815,0,Center,0.4248,0.0
1779054920.0468,839,0,Center,0.4374,0.0
1779054920.0822,836,0,Center,0.4357,0.0
1779054920.1097,821,0,Center,0.4277,0.0
1779054920.1375,811,0,Center,0.4228,0.0
1779054920.1741,781,0,Center,0.4068,0.0
1779054920.2122,775,0,Center,0.4037,0.0
1779054920.2432,789,0,Center,0.4115,0.0
1779054920.2759,803,0,Center,0.4183,0.0
1779054920.3024,812,0,Center,0.4231,0.0
1779054920.3439,839,0,Center,0.437,0.0
1779054920.3731,851,0,Center,0.4436,0.0
1779054920.4177,858,0,Center,0.4473,0.0
1779054920.4475,858,0,Center,0.4472,0.0
1779054920.476,871,0,Center,0.4538,0.0
1779054920.5054,863,0,Center,0.4499,0.0
1779054920.6174,820,0,Center,0.4272,0.0
1779054920.6501,797,0,Center,0.4154,0.0
1779054920.6819,788,0,Center,0.4109,0.0
1779054920.7454,777,0,Center,0.4049,0.0
1779054920.7756,766,0,Left,0.3994,0.0
1779054920.8074,791,0,Center,0.4122,0.0
1779054920.8374,807,0,Center,0.4205,0.0
1779054920.873,850,8,Center,0.4431,0.0077
1779054920.9001,876,25,Center,0.4564,0.0239
1779054920.9322,877,25,Center,0.4569,0.0239
1779054920.9644,878,25,Center,0.4574,0.0239
1779054920.9955,866,25,Center,0.4515,0.0239
1779054921.0271,826,17,Center,0.4302,0.0162
1779054921.0741,811,0,Center,0.4226,0.0
1779054921.11,810,1,Center,0.4221,0.0014
1779054921.2214,788,1,Center,0.4109,0.0014
1779054921.2551,785,1,Center,0.409,0.0014
1779054921.2829,800,1,Center,0.4168,0.0014
1779054921.3172,805,1,Center,0.4198,0.0014
1779054921.3525,810,0,Center,0.422,0.0
1779054921.3897,831,10,Center,0.4331,0.0097
1779054921.4196,834,26,Center,0.4348,0.0246
1779054921.451,815,26,Center,0.4247,0.0246
1779054921.4798,775,26,Center,0.4041,0.0246
1779054921.5115,768,26,Center,0.4005,0.0246
1779054921.5429,790,40,Center,0.4117,0.0379
1779054921.5753,810,24,Center,0.4222,0.023
1779054921.6024,843,41,Center,0.4394,0.0382
1779054921.6347,893,41,Center,0.4652,0.0382
1779054921.6678,921,41,Center,0.4802,0.0382
1779054921.7845,916,16,Center,0.4775,0.0153
1779054921.8166,923,16,Center,0.481,0.0153
1779054921.8439,902,0,Center,0.4702,0.0
1779054921.8758,882,0,Center,0.4597,0.0
1779054921.9098,863,0,Center,0.4496,0.0
1779054921.9383,850,0,Center,0.4429,0.0
1779054921.9652,832,0,Center,0.4337,0.0
1779054921.9937,837,0,Center,0.4362,0.0
1779054922.0265,847,0,Center,0.4415,0.0
1779054922.0476,866,0,Center,0.4513,0.0
1779054922.0762,887,0,Center,0.4624,0.0
1779054922.1033,910,0,Center,0.474,0.0
1779054922.1319,908,0,Center,0.4734,0.0
1779054922.1619,900,0,Center,0.469,0.0
1779054922.1938,888,0,Center,0.4626,0.0
1779054922.3096,867,0,Center,0.4517,0.0
1779054922.3428,855,0,Center,0.4454,0.0
1779054922.3742,854,0,Center,0.4448,0.0
1779054922.4044,858,0,Center,0.4472,0.0
1779054922.4357,862,0,Center,0.4492,0.0
1779054922.4644,868,0,Center,0.4526,0.0
1779054922.4939,873,0,Center,0.4551,0.0
1779054922.5254,863,0,Center,0.4499,0.0
1779054922.5544,854,0,Center,0.4453,0.0
1779054922.5858,860,0,Center,0.4482,0.0
1779054922.6184,867,0,Center,0.4518,0.0
1779054922.6488,843,0,Center,0.4395,0.0
1779054922.6805,848,0,Center,0.4418,0.0
1779054922.7097,852,0,Center,0.4441,0.0
1779054922.7433,843,0,Center,0.4394,0.0
1779054922.8554,834,0,Center,0.4345,0.0
1779054922.8873,838,0,Center,0.4365,0.0
1779054922.9196,831,0,Center,0.433,0.0
1779054922.9502,819,0,Center,0.4271,0.0
1779054922.9831,801,0,Center,0.4175,0.0
1779054923.0178,777,0,Center,0.4051,0.0
1779054923.0429,752,0,Left,0.3922,0.0
1779054923.0754,750,0,Left,0.3909,0.0
1779054923.1032,749,0,Left,0.3906,0.0
1779054923.1437,749,0,Left,0.3906,0.0
1779054923.173,749,0,Left,0.3906,0.0
1779054923.2043,763,0,Left,0.3979,0.0
1779054923.2383,774,0,Center,0.4032,0.0
1779054923.2705,760,0,Left,0.3963,0.0
1779054923.3033,750,0,Left,0.3908,0.0
1779054923.4197,672,61,Left,0.3502,0.0566
1779054923.4521,563,112,Left,0.2936,0.1044
1779054923.4837,502,199,Left,0.2617,0.1847
1779054923.5106,452,265,Left,0.2358,0.2457
1779054923.5451,378,322,Left,0.1969,0.2983
1779054923.5822,367,322,Left,0.1917,0.299
1779054923.6123,387,323,Left,0.202,0.2995
1779054923.6452,357,296,Left,0.1862,0.2747
1779054923.6762,335,291,Left,0.1746,0.2695
1779054923.7032,348,305,Left,0.1817,0.2832
1779054923.7347,369,319,Left,0.1926,0.2956
1779054923.7661,369,345,Left,0.1924,0.3197
1779054923.7966,358,364,Left,0.1868,0.338
1779054923.8271,353,381,Left,0.1841,0.353
1779054923.8583,302,384,Left,0.1578,0.3557
1779054923.9715,279,395,Left,0.1457,0.3659
1779054924.0074,234,381,Left,0.1222,0.353
1779054924.0368,200,356,Left,0.1043,0.3301
1779054924.0654,166,342,Left,0.0868,0.3171
1779054924.0998,157,337,Left,0.0822,0.3122
1779054924.1307,116,339,Left,0.0607,0.3147
1779054924.1576,118,368,Left,0.0619,0.3408
1779054924.186,139,367,Left,0.0724,0.3403
1779054924.2184,162,371,Left,0.0845,0.344
1779054924.2496,165,355,Left,0.0864,0.3291
1779054924.2798,184,334,Left,0.0962,0.31
1779054924.3129,226,288,Left,0.1182,0.2675
1779054924.3431,262,307,Left,0.1366,0.2849
1779054924.3769,284,301,Left,0.1481,0.2792
1779054924.4039,311,310,Left,0.1623,0.2879
1779054924.5176,356,306,Left,0.1856,0.2841
1779054924.5524,393,315,Left,0.2049,0.2924
1779054924.5796,424,332,Left,0.2212,0.3078
1779054924.6132,453,337,Left,0.2364,0.3129
1779054924.6439,484,328,Left,0.2526,0.3042
1779054924.673,492,344,Left,0.2566,0.3187
1779054924.702,482,336,Left,0.2513,0.3117
1779054924.7298,472,342,Left,0.2461,0.3175
1779054924.7715,468,365,Left,0.2442,0.3387
1779054924.793,462,405,Left,0.2411,0.3752
1779054924.8348,432,394,Left,0.2254,0.365
1779054924.8696,409,403,Left,0.2132,0.3739
1779054924.9002,392,397,Left,0.2046,0.3681
1779054924.9332,388,371,Left,0.2025,0.3442
1779054924.9622,394,371,Left,0.2055,0.3436
1779054925.0771,416,389,Left,0.2169,0.361
1779054925.1084,396,408,Left,0.2067,0.3784
1779054925.1411,399,381,Left,0.2078,0.3532
1779054925.1714,398,364,Left,0.2076,0.3376
1779054925.2038,370,336,Left,0.1928,0.3119
1779054925.2327,316,328,Left,0.1647,0.304
1779054925.2611,313,329,Left,0.1631,0.3054
1779054925.2909,308,314,Left,0.1605,0.2915
1779054925.321,282,338,Left,0.1469,0.3139
1779054925.3508,301,344,Left,0.1568,0.3193
1779054925.3812,354,324,Left,0.1844,0.3
1779054925.413,380,302,Left,0.1983,0.2803
1779054925.4452,365,327,Left,0.1903,0.3032
1779054925.4778,373,319,Left,0.1946,0.2956
1779054925.5111,335,314,Left,0.1749,0.2908
1779054925.6386,282,336,Left,0.1473,0.3115
1779054925.6672,213,358,Left,0.1114,0.3318
1779054925.7026,153,375,Left,0.0799,0.3477
1779054925.7319,87,403,Left,0.0458,0.3732
1779054925.7663,48,442,Left,0.0254,0.4093
1779054925.7908,64,459,Left,0.0334,0.4251
1779054925.8184,68,454,Left,0.0359,0.4209
1779054925.8485,106,481,Left,0.0553,0.4455
1779054925.8809,158,484,Left,0.0828,0.4489
1779054925.9121,228,455,Left,0.1192,0.4213
1779054925.942,180,446,Left,0.0942,0.413
1779054925.9762,166,477,Left,0.0869,0.4418
1779054926.0098,144,430,Left,0.0751,0.3983
1779054926.0397,92,445,Left,0.048,0.4127
1779054926.0685,22,451,Left,0.0116,0.4178
1779054926.18,29,471,Left,0.0154,0.4365
1779054926.2144,23,455,Left,0.0123,0.4216
1779054926.2512,8,491,Left,0.0042,0.4547
1779054926.2797,12,461,Left,0.0067,0.4269
1779054926.311,12,504,Left,0.0067,0.4668
1779054926.3407,5,507,Left,0.0029,0.47
1779054926.3671,5,529,Left,0.0028,0.4903
1779054926.3954,5,547,Left,0.0028,0.5067
1779054926.4272,0,550,Left,0.0,0.5101
1779054926.4578,17,531,Left,0.0091,0.4921
1779054926.4908,36,520,Left,0.0192,0.4815
1779054926.5183,39,502,Left,0.0207,0.4651
1779054926.5501,41,450,Left,0.0214,0.4169
1779054926.5808,76,454,Left,0.04,0.4212
1779054926.6131,66,436,Left,0.0346,0.4039
1779054926.7479,93,377,Left,0.0488,0.3498
1779054926.7782,245,284,Left,0.128,0.2637
1779054926.8112,410,213,Left,0.2136,0.1981
1779054926.8542,570,126,Left,0.2972,0.1174
1779054926.8872,757,42,Left,0.3945,0.0394
1779054926.9113,909,0,Center,0.4737,0.0
1779054926.9421,960,0,Center,0.5001,0.0
1779054926.9723,973,0,Center,0.5071,0.0
1779054927.0048,983,0,Center,0.512,0.0
1779054927.0359,1011,0,Center,0.5266,0.0
1779054927.0674,1000,0,Center,0.5211,0.0
1779054927.0972,975,0,Center,0.5082,0.0
1779054927.1645,1007,0,Center,0.5249,0.0
1779054927.1874,997,0,Center,0.5194,0.0
1779054927.2185,957,0,Center,0.4988,0.0
1779054927.3332,941,0,Center,0.4906,0.0
1779054927.3653,941,0,Center,0.4906,0.0
1779054927.3974,925,0,Center,0.4821,0.0
1779054927.429,916,0,Center,0.4775,0.0
1779054927.4635,927,0,Center,0.4832,0.0
1779054927.4887,951,0,Center,0.4954,0.0
1779054927.5175,962,0,Center,0.5013,0.0
1779054927.5472,959,0,Center,0.4997,0.0
1779054927.5764,976,0,Center,0.5088,0.0
1779054927.6084,989,0,Center,0.5151,0.0
1779054927.6419,991,0,Center,0.5166,0.0
1779054927.6749,990,0,Center,0.5159,0.0
1779054927.7033,990,0,Center,0.5158,0.0
1779054927.7345,990,0,Center,0.5158,0.0
1779054927.7664,957,0,Center,0.4985,0.0
1779054927.8985,918,0,Center,0.4786,0.0
1779054927.9312,901,0,Center,0.4693,0.0
1779054927.9623,876,0,Center,0.4564,0.0
1779054927.993,858,0,Center,0.4473,0.0
1779054928.0249,874,0,Center,0.4557,0.0
1779054928.0523,892,0,Center,0.4646,0.0
1779054928.0825,899,0,Center,0.4686,0.0
1779054928.1131,927,0,Center,0.4829,0.0
1779054928.1439,946,0,Center,0.4932,0.0
1779054928.1715,927,0,Center,0.483,0.0
1779054928.2039,911,0,Center,0.4746,0.0
1779054928.2339,893,0,Center,0.4652,0.0
1779054928.2651,875,0,Center,0.4561,0.0
1779054928.2938,875,0,Center,0.4561,0.0
1779054928.3248,875,0,Center,0.4561,0.0
1779054928.4387,875,0,Center,0.4561,0.0
1779054928.4712,852,0,Center,0.4438,0.0
1779054928.5022,854,0,Center,0.4451,0.0
1779054928.533,854,0,Center,0.4452,0.0
1779054928.5653,852,0,Center,0.4442,0.0
1779054928.594,841,0,Center,0.4382,0.0
1779054928.6252,853,0,Center,0.4448,0.0
1779054928.6523,859,0,Center,0.4475,0.0
1779054928.6819,862,0,Center,0.4494,0.0
1779054928.7523,872,0,Center,0.4542,0.0
1779054928.786,898,0,Center,0.4681,0.0
1779054928.8083,897,0,Center,0.4675,0.0
1779054928.8378,902,0,Center,0.4701,0.0
1779054928.8671,898,0,Center,0.4682,0.0
1779054928.9,903,0,Center,0.4707,0.0
1779054929.0131,887,0,Center,0.462,0.0
1779054929.0473,867,0,Center,0.4519,0.0
1779054929.0798,867,0,Center,0.4519,0.0
1779054929.1098,867,0,Center,0.4519,0.0
1779054929.1412,867,0,Center,0.4519,0.0
1779054929.1706,867,0,Center,0.4519,0.0
1779054929.1972,867,0,Center,0.4519,0.0
1779054929.2297,867,0,Center,0.4519,0.0
1779054929.2584,867,0,Center,0.4519,0.0
1779054929.2884,867,0,Center,0.4519,0.0
1779054929.3131,866,0,Center,0.4511,0.0
1779054929.3359,878,0,Center,0.4577,0.0
1779054929.3698,876,0,Center,0.4567,0.0
1779054929.3977,877,0,Center,0.4573,0.0
1779054929.4308,894,0,Center,0.4661,0.0
1779054929.5452,897,0,Center,0.4674,0.0
1779054929.5742,891,0,Center,0.4642,0.0
1779054929.6049,887,0,Center,0.4622,0.0
1779054929.6398,892,0,Center,0.4648,0.0
1779054929.6663,892,0,Center,0.4648,0.0
1779054929.6988,892,0,Center,0.4648,0.0
1779054929.7299,892,0,Center,0.4648,0.0
1779054929.7502,892,0,Center,0.4648,0.0
1779054929.7716,874,0,Center,0.4556,0.0
1779054929.8041,858,0,Center,0.4471,0.0
1779054929.8355,857,0,Center,0.4465,0.0
1779054929.8652,855,0,Center,0.4454,0.0
1779054929.8991,852,0,Center,0.444,0.0
1779054929.9284,877,0,Center,0.457,0.0
1779054929.9582,895,0,Center,0.4664,0.0
1779054930.0742,895,0,Center,0.4665,0.0
1779054930.1051,927,0,Center,0.4829,0.0
1779054930.1378,951,0,Center,0.4956,0.0
1779054930.1653,960,16,Center,0.5001,0.0156
1779054930.1965,976,21,Center,0.5087,0.0202
1779054930.2268,1004,21,Center,0.5234,0.0202
1779054930.2551,992,21,Center,0.5171,0.0202
1779054930.2787,1008,21,Center,0.5253,0.0202
1779054930.3024,1017,4,Center,0.5299,0.0046
1779054930.3319,1013,0,Center,0.528,0.0
1779054930.3644,1005,0,Center,0.5235,0.0
1779054930.3939,1019,16,Center,0.531,0.0154
1779054930.4242,1007,29,Center,0.5247,0.0274
1779054930.4525,1009,36,Center,0.5257,0.0336
1779054930.4857,1021,36,Center,0.5321,0.0336
1779054930.6011,1035,36,Center,0.5395,0.0336
1779054930.6312,1030,19,Center,0.5367,0.0182
1779054930.6637,1027,6,Center,0.5351,0.0062
1779054930.6938,1018,0,Center,0.5306,0.0
1779054930.7269,1010,0,Center,0.5263,0.0
1779054930.7522,987,0,Center,0.5146,0.0
1779054930.781,960,0,Center,0.5005,0.0
1779054930.811,933,0,Center,0.4863,0.0
1779054930.8428,915,1,Center,0.4768,0.0014
1779054930.8722,915,1,Center,0.4768,0.0014
1779054930.9024,915,1,Center,0.4768,0.0014
1779054930.9347,915,1,Center,0.4768,0.0014
1779054930.9645,915,1,Center,0.4768,0.0014
1779054930.9977,880,1,Center,0.4587,0.0014
1779054931.0312,881,1,Center,0.459,0.0014
1779054931.1418,890,1,Center,0.4636,0.0014
1779054931.1732,889,1,Center,0.4632,0.0014
1779054931.2076,884,0,Center,0.4606,0.0
1779054931.2348,893,0,Center,0.4653,0.0
1779054931.2662,880,0,Center,0.4586,0.0
1779054931.2953,872,0,Center,0.4542,0.0
1779054931.3224,873,0,Center,0.4549,0.0
1779054931.3531,880,0,Center,0.4585,0.0
1779054931.379,890,0,Center,0.4636,0.0
1779054931.4121,904,0,Center,0.471,0.0
1779054931.4474,899,0,Center,0.4687,0.0
1779054931.4771,892,0,Center,0.4648,0.0
1779054931.5744,891,0,Center,0.4643,0.0
1779054931.6008,884,0,Center,0.4609,0.0
1779054931.6333,874,0,Center,0.4557,0.0
1779054931.7442,872,0,Center,0.4545,0.0
1779054931.7756,876,0,Center,0.4565,0.0
1779054931.8043,858,0,Center,0.4473,0.0
1779054931.838,836,0,Center,0.4358,0.0
1779054931.8644,806,0,Center,0.4202,0.0
1779054931.8972,791,13,Center,0.4124,0.0124
1779054931.9273,768,13,Center,0.4001,0.0124
1779054931.9713,774,15,Center,0.4033,0.0143
1779054932.005,794,15,Center,0.4136,0.0143
1779054932.0346,802,15,Center,0.4179,0.0143
1779054932.0653,815,2,Center,0.4246,0.0019
1779054932.0973,832,2,Center,0.4336,0.0019
1779054932.1305,838,0,Center,0.4365,0.0
1779054932.1634,833,0,Center,0.434,0.0
1779054932.1965,834,0,Center,0.4345,0.0
1779054932.3107,825,0,Center,0.4299,0.0
1779054932.3356,824,0,Center,0.4292,0.0
1779054932.3685,803,0,Center,0.4185,0.0
1779054932.4029,785,0,Center,0.4094,0.0
1779054932.4378,779,0,Center,0.4058,0.0
1779054932.479,787,2,Center,0.4103,0.0023
1779054932.5062,793,2,Center,0.4131,0.0023
1779054932.5348,795,2,Center,0.4142,0.0023
1779054932.5662,810,2,Center,0.4222,0.0023
1779054932.5989,833,2,Center,0.4341,0.0023
1779054932.6288,852,0,Center,0.4441,0.0
1779054932.6595,852,0,Center,0.4442,0.0
1779054932.6952,877,0,Center,0.4569,0.0
1779054932.7212,890,0,Center,0.4638,0.0
1779054932.7523,899,0,Center,0.4684,0.0
1779054932.8655,884,0,Center,0.4606,0.0
1779054932.902,896,0,Center,0.4671,0.0
1779054932.9304,899,0,Center,0.4686,0.0
1779054932.9602,901,0,Center,0.4696,0.0
1779054932.9929,903,0,Center,0.4704,0.0
1779054933.0231,901,0,Center,0.4695,0.0
1779054933.0501,887,0,Center,0.4621,0.0
1779054933.0806,872,0,Center,0.4543,0.0
1779054933.1131,861,0,Center,0.4485,0.0
1779054933.1419,843,0,Center,0.4396,0.0
1779054933.1752,848,0,Center,0.4419,0.0
1779054933.2048,848,0,Center,0.4419,0.0
1779054933.2497,848,0,Center,0.442,0.0
1779054933.2806,833,0,Center,0.4341,0.0
1779054933.312,824,0,Center,0.4294,0.0
1779054933.4108,807,0,Center,0.4207,0.0
1779054933.4473,789,0,Center,0.4115,0.0
1779054933.4801,775,0,Center,0.4042,0.0
1779054933.5112,805,0,Center,0.4194,0.0
1779054933.5435,818,0,Center,0.4265,0.0
1779054933.5714,841,0,Center,0.4382,0.0
1779054933.6012,870,0,Center,0.4535,0.0
1779054933.6297,896,0,Center,0.4669,0.0
1779054933.6583,870,0,Center,0.4536,0.0
1779054933.6912,876,0,Center,0.4567,0.0
1779054933.7196,855,0,Center,0.4457,0.0
1779054933.7527,837,0,Center,0.4364,0.0
1779054933.7832,818,0,Center,0.4262,0.0
1779054933.8131,818,0,Center,0.4265,0.0
1779054933.8441,804,0,Center,0.4191,0.0
1779054933.9432,808,0,Center,0.4213,0.0
1779054933.9797,810,0,Center,0.422,0.0
1779054934.0056,814,0,Center,0.4242,0.0
1779054934.0377,819,0,Center,0.4269,0.0
1779054934.0682,823,0,Center,0.4289,0.0
1779054934.0977,822,0,Center,0.4286,0.0
1779054934.126,821,0,Center,0.428,0.0
1779054934.1567,811,0,Center,0.4226,0.0
1779054934.1883,796,0,Center,0.4151,0.0
1779054934.2183,794,0,Center,0.4138,0.0
1779054934.2545,796,0,Center,0.4151,0.0
1779054934.2878,798,0,Center,0.416,0.0
1779054934.3173,809,0,Center,0.4216,0.0
1779054934.3507,829,0,Center,0.432,0.0
1779054934.3741,832,0,Center,0.4338,0.0
1779054934.4821,834,0,Center,0.4347,0.0
1779054934.5207,833,0,Center,0.4341,0.0
1779054934.5474,831,0,Center,0.4333,0.0
1779054934.5807,824,0,Center,0.4293,0.0
1779054934.6131,819,0,Center,0.4268,0.0
1779054934.6439,832,0,Center,0.4334,0.0
1779054934.67,837,0,Center,0.436,0.0
1779054934.7007,842,0,Center,0.439,0.0
1779054934.7304,861,0,Center,0.4485,0.0
1779054934.7624,881,0,Center,0.4592,0.0
1779054934.792,854,0,Center,0.4449,0.0
1779054934.8239,845,0,Center,0.4406,0.0
1779054934.8533,854,0,Center,0.4453,0.0
1779054934.8847,842,0,Center,0.4389,0.0
1779054934.9142,822,0,Center,0.4285,0.0
1779054935.0356,833,0,Center,0.4344,0.0
1779054935.0625,843,0,Center,0.4393,0.0
1779054935.0955,834,0,Center,0.4349,0.0
1779054935.1465,849,0,Center,0.4422,0.0
1779054935.1909,850,0,Center,0.4431,0.0
1779054935.2184,835,0,Center,0.435,0.0
1779054935.2474,825,0,Center,0.43,0.0
1779054935.278,810,6,Center,0.422,0.0063
1779054935.3086,797,6,Center,0.4154,0.0063
1779054935.3382,813,6,Center,0.4239,0.0063
1779054935.3675,827,6,Center,0.4312,0.0063
1779054935.3975,833,6,Center,0.4342,0.0063
1779054935.4281,841,0,Center,0.4382,0.0
1779054935.4576,834,0,Center,0.4346,0.0
1779054935.4898,810,0,Center,0.4223,0.0
1779054935.6101,810,0,Center,0.4222,0.0
1779054935.6472,803,0,Center,0.4184,0.0
1779054935.6851,807,0,Center,0.4206,0.0
1779054935.7274,801,0,Center,0.4174,0.0
1779054935.7552,801,0,Center,0.4174,0.0
1779054935.7846,801,0,Center,0.4174,0.0
1779054935.8144,798,0,Center,0.4158,0.0
1779054935.8475,799,0,Center,0.4165,0.0
1779054935.8769,807,0,Center,0.4206,0.0
1779054935.9422,805,14,Center,0.4196,0.0132
1779054935.9715,805,14,Center,0.4194,0.0132
1779054936.0026,813,14,Center,0.4235,0.0132
1779054936.0366,796,14,Center,0.4151,0.0132
1779054936.0666,806,17,Center,0.4199,0.0158
1779054936.1038,785,2,Center,0.4092,0.0027
1779054936.245,777,2,Center,0.4048,0.0027
1779054936.2763,768,2,Center,0.4004,0.0027
1779054936.3074,796,22,Center,0.4148,0.0211
1779054936.3354,764,19,Left,0.3981,0.0184
1779054936.3662,796,19,Center,0.4148,0.0184
1779054936.394,824,19,Center,0.4292,0.0184
1779054936.4222,836,19,Center,0.4359,0.0184
1779054936.4661,836,19,Center,0.4359,0.0184
1779054936.4997,836,19,Center,0.4359,0.0184
1779054936.5328,879,0,Center,0.458,0.0
1779054936.5665,970,47,Center,0.5053,0.044
1779054936.5973,1031,111,Center,0.5371,0.1033
1779054936.6283,1075,158,Center,0.5602,0.1472
1779054936.6582,1147,222,Center,0.5977,0.2061
1779054936.6899,1152,289,Right,0.6005,0.2683
1779054936.8128,1167,289,Right,0.6078,0.2679
1779054936.8439,1161,279,Right,0.6051,0.2591
1779054936.8712,1174,289,Right,0.6119,0.2683
1779054936.9066,1075,308,Center,0.5602,0.2857
1779054936.9367,955,282,Center,0.4979,0.2619
1779054936.9669,772,235,Center,0.4025,0.2182
1779054936.9941,579,220,Left,0.3019,0.2045
1779054937.0241,384,216,Left,0.2003,0.2004
1779054937.0554,284,219,Left,0.1484,0.2031
1779054937.0849,222,252,Left,0.1158,0.2341
1779054937.1165,162,292,Left,0.0847,0.2709
1779054937.1476,159,311,Left,0.083,0.2887
1779054937.1787,154,345,Left,0.0803,0.3201
1779054937.2103,179,331,Left,0.0937,0.3073
1779054937.2431,188,340,Left,0.0981,0.3151
1779054937.3752,270,360,Left,0.1409,0.3341
1779054937.401,271,363,Left,0.1415,0.3364
1779054937.4347,255,342,Left,0.133,0.3175
1779054937.468,234,366,Left,0.1221,0.3397
1779054937.5133,273,363,Left,0.1427,0.3369
1779054937.5476,276,354,Left,0.1438,0.3286
1779054937.5807,315,388,Left,0.1644,0.3602
1779054937.6135,375,371,Left,0.1956,0.3435
1779054937.6443,400,344,Left,0.2087,0.3186
1779054937.6742,439,339,Left,0.2287,0.3143
1779054937.7176,448,353,Left,0.2337,0.3273
1779054937.7522,529,330,Left,0.2758,0.306
1779054937.7831,539,347,Left,0.2807,0.3219
1779054937.8143,568,335,Left,0.2962,0.3107
1779054937.8454,546,345,Left,0.2846,0.3196
1779054937.9762,540,304,Left,0.2817,0.2822
1779054939.2402,768,448,Center,0.4001,0.4153
1779054939.2755,899,480,Center,0.4683,0.445
1779054939.3051,882,512,Center,0.4595,0.4747
1779054939.3328,867,513,Center,0.4518,0.4758
1779054939.3653,843,583,Center,0.4394,0.5404
1779054939.3939,520,453,Left,0.2711,0.4195
1779054939.4253,325,434,Left,0.1694,0.4022
1779054939.4551,259,426,Left,0.1351,0.3953
1779054939.486,171,425,Left,0.0893,0.3944
1779054939.5412,100,427,Left,0.0524,0.3956
1779054939.5705,39,452,Left,0.0207,0.4194
1779054939.6041,16,426,Left,0.0086,0.3949
1779054939.7452,0,411,Left,0.0,0.3809
1779054939.7773,0,420,Left,0.0,0.3893
1779054939.8076,0,426,Left,0.0,0.3949
1779054939.8385,0,404,Left,0.0,0.3742
1779054939.8683,0,440,Left,0.0,0.408
1779054939.8954,0,477,Left,0.0,0.4423
1779054939.942,0,495,Left,0.0,0.4586
1779054939.9748,48,509,Left,0.0252,0.4721
1779054940.0043,102,537,Left,0.0532,0.4973
1779054940.0347,201,564,Left,0.1051,0.5228
1779054940.0666,304,510,Left,0.1586,0.4731
1779054940.0985,408,454,Left,0.213,0.4208
1779054940.1315,467,383,Left,0.2432,0.3554
1779054940.1642,489,314,Left,0.2551,0.2911
1779054940.1956,452,243,Left,0.2355,0.2259
1779054940.309,435,238,Left,0.2269,0.2206
1779054940.3396,414,284,Left,0.2161,0.2633
1779054940.3682,399,340,Left,0.2081,0.3154
1779054940.3989,463,396,Left,0.2417,0.3673
1779054940.4318,549,450,Left,0.2864,0.4175
1779054940.4582,533,497,Left,0.278,0.4607
1779054940.4866,516,479,Left,0.269,0.4442
1779054940.5498,503,422,Left,0.2622,0.3911
1779054940.5801,443,365,Left,0.2309,0.338
1779054940.6428,367,357,Left,0.1914,0.3307
1779054940.6742,373,365,Left,0.1948,0.3382
1779054940.7073,311,383,Left,0.1623,0.3554
1779054940.7377,233,448,Left,0.1217,0.4152
1779054940.8705,152,458,Left,0.0796,0.4247
1779054940.9,80,493,Left,0.042,0.4565
1779054940.9309,4,519,Left,0.0022,0.4807
1779054940.9786,0,538,Left,0.0,0.4989
1779054941.0049,0,536,Left,0.0,0.497
1779054941.0496,55,561,Left,0.0288,0.5202
1779054941.0761,107,495,Left,0.0562,0.4584
1779054941.1232,144,400,Left,0.0753,0.371
1779054941.1399,167,307,Left,0.0875,0.2843
1779054941.1764,207,295,Left,0.1078,0.2738
1779054941.2051,180,308,Left,0.0941,0.2852
1779054941.2378,153,332,Left,0.08,0.3077
1779054941.2584,187,377,Left,0.0978,0.3498
1779054941.2818,244,458,Left,0.1273,0.4243
1779054941.3167,326,446,Left,0.1702,0.4133
1779054941.4432,491,438,Left,0.2557,0.4059
1779054947.2919,619,455,Left,0.3229,0.4222
1779054947.3186,623,490,Left,0.3248,0.4541
1779054947.3473,592,496,Left,0.3087,0.4593
1779054947.3779,517,528,Left,0.2694,0.4897
1779054947.4083,381,560,Left,0.1988,0.5193
1779054947.4419,282,559,Left,0.1471,0.5182
1779054947.4715,284,531,Left,0.1484,0.4922
1779054947.5022,286,525,Left,0.149,0.4862
1779054947.5337,326,467,Left,0.17,0.4328
1779054947.5633,298,403,Left,0.1555,0.3739
1779054947.5939,270,364,Left,0.1407,0.3372
1779054947.6965,231,317,Left,0.1205,0.2939
1779054947.7295,247,209,Left,0.1288,0.1937
1779054947.7732,272,156,Left,0.1421,0.145
1779054947.8106,272,156,Left,0.1421,0.145
1779054947.8575,401,103,Left,0.2093,0.0956
1779054947.8919,553,42,Left,0.2881,0.0391
1779054947.9487,702,6,Left,0.3661,0.0064
1779054947.9897,702,6,Left,0.3661,0.0064
1779054948.0263,702,6,Left,0.3661,0.0064
1779054948.0611,831,6,Center,0.4331,0.0064
1779054948.0888,908,0,Center,0.473,0.0
1779054948.1198,908,0,Center,0.473,0.0
1779054948.1512,908,0,Center,0.473,0.0
1779054948.1818,908,0,Center,0.473,0.0
1779054948.2128,908,0,Center,0.473,0.0
1779054948.3283,908,0,Center,0.473,0.0
1779054948.3586,908,0,Center,0.473,0.0
1779054948.3922,900,0,Center,0.4693,0.0
1779054948.4214,900,0,Center,0.4693,0.0
1779054948.4512,900,0,Center,0.4693,0.0
1779054948.4806,900,0,Center,0.4693,0.0
1779054948.5109,900,0,Center,0.4693,0.0
1779054948.5422,900,0,Center,0.4693,0.0
1779054948.5704,900,0,Center,0.4693,0.0
1779054948.6023,900,0,Center,0.4693,0.0
1779054948.6331,900,0,Center,0.4693,0.0
1779054948.6621,900,0,Center,0.4693,0.0
1779054948.6932,900,0,Center,0.4693,0.0
1779054948.7136,900,0,Center,0.4693,0.0
1779054948.7453,900,0,Center,0.4693,0.0
1779054948.8676,900,0,Center,0.4693,0.0
1779054948.9032,879,0,Center,0.4581,0.0
1779054948.9329,856,0,Center,0.4463,0.0
1779054948.9641,856,0,Center,0.4463,0.0
1779054948.9938,856,0,Center,0.4463,0.0
1779054949.0231,831,0,Center,0.4333,0.0
1779054949.05,804,0,Center,0.4191,0.0
1779054949.0806,830,0,Center,0.4323,0.0
1779054949.1114,840,0,Center,0.4379,0.0
1779054949.1439,832,0,Center,0.4335,0.0
1779054949.1758,820,0,Center,0.4272,0.0
1779054949.205,820,0,Center,0.4272,0.0
1779054949.2347,824,0,Center,0.4295,0.0
1779054949.2684,803,0,Center,0.4185,0.0
1779054949.2999,786,0,Center,0.4098,0.0
1779054949.4121,786,0,Center,0.4097,0.0
1779054949.4472,768,18,Center,0.4003,0.0176
1779054949.4868,733,18,Left,0.3821,0.0176
1779054949.5195,720,18,Left,0.3753,0.0176
1779054949.5473,720,18,Left,0.3752,0.0176
1779054949.5798,728,18,Left,0.3792,0.0176
1779054949.6113,729,0,Left,0.38,0.0
1779054949.6429,734,0,Left,0.3827,0.0
1779054949.6723,737,0,Left,0.3842,0.0
1779054949.7005,740,0,Left,0.3858,0.0
1779054949.7329,736,0,Left,0.3838,0.0
1779054949.7628,747,0,Left,0.3894,0.0
1779054949.793,747,0,Left,0.3894,0.0
1779054949.8241,774,0,Center,0.4035,0.0
1779054949.8555,784,0,Center,0.4084,0.0
1779054949.9723,792,0,Center,0.413,0.0
1779054950.0029,776,0,Center,0.4046,0.0
1779054950.0347,775,0,Center,0.4037,0.0
1779054950.0654,764,0,Left,0.3981,0.0
1779054950.092,764,0,Left,0.3981,0.0
1779054950.1214,764,0,Left,0.3981,0.0
1779054950.1496,764,0,Left,0.3981,0.0
1779054950.1798,764,0,Left,0.3981,0.0
1779054950.2099,757,0,Left,0.3948,0.0
1779054950.2419,757,0,Left,0.3948,0.0
1779054950.275,757,0,Left,0.3948,0.0
1779054950.3035,757,0,Left,0.3948,0.0
1779054950.3436,757,0,Left,0.3948,0.0
1779054950.3715,757,0,Left,0.3948,0.0
1779054950.4041,757,0,Left,0.3948,0.0
1779054950.5154,757,0,Left,0.3948,0.0
1779054950.5412,757,0,Left,0.3948,0.0
1779054950.5713,757,0,Left,0.3948,0.0
1779054950.605,757,0,Left,0.3948,0.0
1779054950.6363,757,0,Left,0.3948,0.0
1779054950.6672,757,0,Left,0.3948,0.0
1779054950.6934,757,0,Left,0.3948,0.0
1779054950.7252,757,0,Left,0.3948,0.0
1779054950.7555,745,0,Left,0.3885,0.0
1779054950.7862,753,0,Left,0.3927,0.0
1779054950.8167,760,0,Left,0.3962,0.0
1779054950.8467,765,0,Left,0.3989,0.0
1779054950.8765,777,0,Center,0.4047,0.0
1779054950.9089,790,0,Center,0.4115,0.0
1779054950.9418,800,0,Center,0.4168,0.0
1779054951.054,789,0,Center,0.4113,0.0
1779054951.086,790,0,Center,0.4115,0.0
1779054951.1145,772,0,Center,0.4021,0.0
1779054951.151,750,0,Left,0.3908,0.0
1779054951.1837,742,0,Left,0.3868,0.0
1779054951.2112,753,0,Left,0.3926,0.0
1779054951.2411,742,0,Left,0.3865,0.0
1779054951.2681,744,0,Left,0.3877,0.0
1779054951.2999,753,0,Left,0.3924,0.0
1779054951.3318,752,0,Left,0.3918,0.0
1779054951.3628,747,0,Left,0.3895,0.0
1779054951.3939,752,0,Left,0.392,0.0
1779054951.4265,773,0,Center,0.4029,0.0
1779054951.4591,775,0,Center,0.4039,0.0
1779054951.4899,769,0,Center,0.4008,0.0
1779054951.6027,772,0,Center,0.4026,0.0
1779054951.6356,790,0,Center,0.4116,0.0
1779054951.6638,815,0,Center,0.4247,0.0
1779054951.6976,848,0,Center,0.4421,0.0
1779054951.7267,871,0,Center,0.4541,0.0
1779054951.7569,881,0,Center,0.4594,0.0
1779054951.7838,890,0,Center,0.464,0.0
1779054951.8162,876,0,Center,0.4564,0.0
1779054951.8451,844,0,Center,0.4397,0.0
1779054951.8752,826,0,Center,0.4303,0.0
1779054951.9084,828,0,Center,0.4317,0.0
1779054951.9397,819,0,Center,0.4267,0.0
1779054951.9696,809,0,Center,0.4218,0.0
1779054951.9999,823,0,Center,0.429,0.0
1779054952.0362,837,0,Center,0.4363,0.0
1779054952.1453,831,0,Center,0.4332,0.0
1779054952.1752,831,0,Center,0.4332,0.0
1779054952.2073,822,0,Center,0.4284,0.0
1779054952.2427,818,0,Center,0.4265,0.0
1779054952.2715,814,0,Center,0.4241,0.0
1779054952.3009,814,0,Center,0.4241,0.0
1779054952.343,814,0,Center,0.4241,0.0
1779054952.3753,814,0,Center,0.4241,0.0
1779054952.4032,814,0,Center,0.4241,0.0
1779054952.4346,814,0,Center,0.4241,0.0
1779054952.4821,814,0,Center,0.4241,0.0
1779054952.5119,814,0,Center,0.4241,0.0
1779054952.5418,814,0,Center,0.4241,0.0
1779054952.5765,812,0,Center,0.4232,0.0
1779054952.6075,810,0,Center,0.4221,0.0
1779054952.7228,807,0,Center,0.4205,0.0
1779054952.7543,827,0,Center,0.4311,0.0
1779054952.7831,837,20,Center,0.4361,0.0186
1779054952.8177,843,36,Center,0.4391,0.0334
1779054952.8586,865,36,Center,0.451,0.0334
1779054952.8896,887,52,Center,0.4621,0.0482
1779054952.9174,870,77,Center,0.4533,0.0714
1779054952.9472,854,57,Center,0.4452,0.0528
1779054952.9782,848,40,Center,0.4422,0.038
1779054953.0082,832,40,Center,0.4334,0.038
1779054953.0418,825,24,Center,0.4297,0.0231
1779054953.0716,822,0,Center,0.4284,0.0
1779054953.1032,812,0,Center,0.4232,0.0
1779054953.1346,811,0,Center,0.4227,0.0
1779054953.1658,817,0,Center,0.4256,0.0
1779054953.283,818,0,Center,0.4265,0.0
1779054953.311,812,0,Center,0.4232,0.0
1779054953.3408,837,0,Center,0.4361,0.0
1779054953.3722,832,0,Center,0.4336,0.0
1779054953.4065,823,0,Center,0.4288,0.0
1779054953.4346,812,0,Center,0.423,0.0
1779054953.4597,841,0,Center,0.4384,0.0
1779054953.4923,860,0,Center,0.448,0.0
1779054953.5231,885,0,Center,0.461,0.0
1779054953.5542,902,0,Center,0.4701,0.0
1779054953.5832,920,12,Center,0.4795,0.012
1779054953.6139,911,47,Center,0.4749,0.0443
1779054953.6438,902,82,Center,0.4702,0.0763
1779054953.6753,901,119,Center,0.4696,0.1104
1779054953.7096,886,148,Center,0.4616,0.1372
1779054953.8207,871,167,Center,0.4541,0.1555
1779054953.8555,855,174,Center,0.4458,0.1619
1779054953.8863,838,140,Center,0.4368,0.1298
1779054953.9165,820,147,Center,0.4275,0.1366
1779054953.9507,820,154,Center,0.4272,0.1432
1779054953.9802,824,160,Center,0.4296,0.1482
1779054954.0083,815,157,Center,0.4249,0.1454
1779054954.0375,806,175,Center,0.4202,0.1624
1779054954.0684,804,143,Center,0.4189,0.1327
1779054954.0974,790,116,Center,0.4118,0.1081
1779054954.1306,785,78,Center,0.409,0.0728
1779054954.1597,794,39,Center,0.4137,0.0369
1779054954.192,802,21,Center,0.4178,0.02
1779054954.2224,803,9,Center,0.4185,0.0089
1779054954.2524,816,0,Center,0.4252,0.0
1779054954.3727,821,0,Center,0.428,0.0
1779054954.4,827,0,Center,0.431,0.0
1779054954.4345,825,40,Center,0.4301,0.0377
1779054954.4612,823,40,Center,0.4289,0.0377
1779054954.4911,822,40,Center,0.4283,0.0377
1779054954.5204,822,45,Center,0.4285,0.0424
1779054954.5498,826,45,Center,0.4303,0.0424
1779054954.5807,824,17,Center,0.4292,0.0166
1779054954.6122,824,44,Center,0.4295,0.0411
1779054954.6427,822,44,Center,0.4285,0.0411
1779054954.6765,821,39,Center,0.428,0.0364
1779054954.7053,821,39,Center,0.4279,0.0364
1779054954.7418,842,26,Center,0.4386,0.0245
1779054954.7719,842,0,Center,0.439,0.0
1779054954.804,864,0,Center,0.4504,0.0
1779054954.9163,868,0,Center,0.4524,0.0
1779054954.9418,870,0,Center,0.4536,0.0
1779054954.9777,870,0,Center,0.4536,0.0
1779054955.0076,870,0,Center,0.4536,0.0
1779054955.0387,870,0,Center,0.4536,0.0
1779054955.0715,870,0,Center,0.4536,0.0
1779054955.0988,870,0,Center,0.4536,0.0
1779054955.1279,870,0,Center,0.4536,0.0
1779054955.1614,870,0,Center,0.4536,0.0
1779054955.1913,870,0,Center,0.4536,0.0
1779054955.2184,870,0,Center,0.4536,0.0
1779054955.2495,870,0,Center,0.4536,0.0
1779054955.2784,845,0,Center,0.4406,0.0
1779054955.3134,840,0,Center,0.4377,0.0
1779054955.3417,809,0,Center,0.4218,0.0
1779054955.4588,822,0,Center,0.4286,0.0
1779054955.4863,840,48,Center,0.438,0.0445
1779054955.5208,864,48,Center,0.4505,0.0445
1779054955.5522,887,73,Center,0.4622,0.0683
1779054955.5807,912,73,Center,0.4754,0.0683
1779054955.6125,916,121,Center,0.4774,0.1122
1779054955.6417,922,99,Center,0.4804,0.0921
1779054955.6713,904,137,Center,0.4711,0.1273
1779054955.7021,879,111,Center,0.4582,0.1035
1779054955.7323,879,111,Center,0.4582,0.1035
1779054955.7644,879,111,Center,0.4582,0.1035
1779054955.7956,879,111,Center,0.458,0.1035
1779054955.8278,879,111,Center,0.458,0.1035
1779054955.8596,879,111,Center,0.458,0.1035
1779054955.8907,879,111,Center,0.458,0.1035
1779054956.0025,879,111,Center,0.458,0.1035
1779054956.0372,879,111,Center,0.458,0.1035
1779054956.0665,879,111,Center,0.458,0.1035
1779054956.0973,879,111,Center,0.458,0.1035
1779054956.1281,879,111,Center,0.458,0.1035
1779054956.1554,879,111,Center,0.458,0.1035
1779054956.1829,879,111,Center,0.458,0.1035
1779054956.2145,879,111,Center,0.458,0.1035
1779054956.2473,879,111,Center,0.458,0.1035
1779054956.2781,879,111,Center,0.458,0.1035
1779054956.3004,859,64,Center,0.4478,0.0595
1779054956.3231,812,38,Center,0.4232,0.0352
1779054956.3554,812,38,Center,0.4232,0.0352
1779054956.3839,808,0,Center,0.4212,0.0
1779054956.414,808,0,Center,0.4212,0.0
1779054956.5318,808,0,Center,0.4212,0.0
1779054956.5623,806,0,Center,0.4199,0.0
1779054956.591,778,0,Center,0.4053,0.0
1779054956.6196,778,0,Center,0.4053,0.0
1779054956.6555,778,0,Center,0.4053,0.0
1779054956.6874,778,0,Center,0.4053,0.0
1779054956.7429,778,0,Center,0.4053,0.0
1779054956.7767,778,0,Center,0.4053,0.0
1779054956.8095,778,0,Center,0.4053,0.0
1779054956.8418,778,0,Center,0.4053,0.0
1779054956.8683,778,0,Center,0.4053,0.0
1779054956.902,778,0,Center,0.4053,0.0
1779054956.9329,761,0,Left,0.3964,0.0
1779054956.9785,785,0,Center,0.4091,0.0
1779054957.0095,785,0,Center,0.4091,0.0
1779054957.1137,785,0,Center,0.4091,0.0
1779054957.1438,785,0,Center,0.4091,0.0
1779054957.1696,785,0,Center,0.4091,0.0
1779054957.2052,785,0,Center,0.4091,0.0
1779054957.2334,785,0,Center,0.4091,0.0
1779054957.2652,785,0,Center,0.4091,0.0
1779054957.2917,785,0,Center,0.4091,0.0
1779054957.3233,791,0,Center,0.4124,0.0
1779054957.3532,791,0,Center,0.4124,0.0
1779054957.3854,791,0,Center,0.4124,0.0
1779054957.4159,791,0,Center,0.4124,0.0
1779054957.4453,791,0,Center,0.4124,0.0
1779054957.4781,791,0,Center,0.4124,0.0
1779054957.5111,791,0,Center,0.4124,0.0
1779054957.54,791,0,Center,0.4124,0.0
1779054957.6357,791,0,Center,0.4124,0.0
1779054957.6676,791,0,Center,0.4124,0.0
1779054957.6975,791,0,Center,0.4124,0.0
1779054957.7321,812,0,Center,0.4229,0.0
1779054957.7595,837,0,Center,0.4363,0.0
1779054957.792,837,0,Center,0.4363,0.0
1779054957.8182,837,0,Center,0.4363,0.0
1779054957.852,837,0,Center,0.4363,0.0
1779054957.8818,837,0,Center,0.4363,0.0
1779054957.9129,837,0,Center,0.4363,0.0
1779054957.943,837,0,Center,0.4363,0.0
1779054957.974,837,0,Center,0.4363,0.0
1779054958.0062,837,0,Center,0.4363,0.0
1779054958.0365,837,0,Center,0.4363,0.0
1779054958.0684,837,0,Center,0.4363,0.0
1779054958.1831,837,0,Center,0.4363,0.0
1779054958.2179,837,0,Center,0.4363,0.0
1779054958.2499,837,0,Center,0.4363,0.0
1779054958.2758,837,0,Center,0.4363,0.0
1779054958.3065,837,0,Center,0.4363,0.0
1779054958.3402,837,0,Center,0.4363,0.0
1779054958.3661,837,0,Center,0.4363,0.0
1779054958.3965,837,0,Center,0.4363,0.0
1779054958.4268,837,0,Center,0.4363,0.0
1779054958.4577,837,0,Center,0.4363,0.0
1779054958.4987,837,0,Center,0.4363,0.0
1779054958.5319,837,0,Center,0.4363,0.0
1779054958.5769,837,0,Center,0.4363,0.0
1779054958.6178,837,0,Center,0.4363,0.0
1779054958.6438,845,0,Center,0.4401,0.0
1779054958.7767,829,0,Center,0.4321,0.0
1779054958.8201,824,0,Center,0.4296,0.0
1779054958.8503,824,0,Center,0.4296,0.0
1779054958.8827,824,0,Center,0.4296,0.0
1779054958.913,824,0,Center,0.4296,0.0
1779054958.9403,824,0,Center,0.4296,0.0
1779054958.9723,824,0,Center,0.4294,0.0
1779054959.0023,824,0,Center,0.4294,0.0
1779054959.0309,824,0,Center,0.4294,0.0
1779054959.0613,824,0,Center,0.4294,0.0
1779054959.0898,824,0,Center,0.4294,0.0
1779054959.1212,824,0,Center,0.4294,0.0
1779054959.1525,818,0,Center,0.4263,0.0
1779054959.1809,821,0,Center,0.4276,0.0
1779054959.2145,833,0,Center,0.4341,0.0
1779054959.3321,858,0,Center,0.4474,0.0
1779054959.3586,864,0,Center,0.4505,0.0
1779054959.392,863,0,Center,0.4496,0.0
1779054959.4218,863,0,Center,0.4496,0.0
1779054959.4504,863,0,Center,0.4496,0.0
1779054959.4807,863,0,Center,0.4496,0.0
1779054959.5113,863,0,Center,0.4496,0.0
1779054959.5431,863,0,Center,0.4496,0.0
1779054959.5756,863,0,Center,0.4496,0.0
1779054959.605,867,0,Center,0.4519,0.0
1779054959.6378,869,0,Center,0.4529,0.0
1779054959.6696,869,0,Center,0.4529,0.0
1779054959.6998,869,0,Center,0.4529,0.0
1779054959.7307,869,0,Center,0.4529,0.0
1779054959.7629,869,0,Center,0.4529,0.0
1779054959.8778,857,0,Center,0.4468,0.0
1779054959.9111,857,0,Center,0.4468,0.0
1779054959.9424,857,0,Center,0.4468,0.0
1779054959.9713,857,0,Center,0.4468,0.0
1779054960.0025,857,0,Center,0.4468,0.0
1779054960.0354,862,0,Center,0.449,0.0
1779054960.0685,865,0,Center,0.4507,0.0
1779054960.0938,858,0,Center,0.4469,0.0
1779054960.1185,845,0,Center,0.4403,0.0
1779054960.1521,838,0,Center,0.4369,0.0
1779054960.1822,839,0,Center,0.4374,0.0
1779054960.2121,839,0,Center,0.4374,0.0
1779054960.243,839,0,Center,0.4374,0.0
1779054960.2756,839,0,Center,0.4374,0.0
1779054960.3066,839,0,Center,0.4374,0.0
1779054960.4045,839,0,Center,0.4374,0.0
1779054960.4333,829,0,Center,0.4321,0.0
1779054960.4672,826,0,Center,0.4305,0.0
1779054960.4953,826,0,Center,0.4305,0.0
1779054960.5258,826,0,Center,0.4305,0.0
1779054960.5614,826,0,Center,0.4305,0.0
1779054960.5847,829,0,Center,0.4323,0.0
1779054960.6151,829,0,Center,0.4323,0.0
1779054960.6473,829,0,Center,0.4323,0.0
1779054960.6772,829,0,Center,0.4323,0.0
1779054960.7106,829,0,Center,0.4323,0.0
1779054960.7399,829,0,Center,0.4323,0.0
1779054960.7712,829,0,Center,0.4323,0.0
1779054960.8008,847,0,Center,0.4414,0.0
1779054960.8337,847,0,Center,0.4414,0.0
1779054960.9489,847,0,Center,0.4414,0.0
1779054960.9824,830,0,Center,0.4323,0.0
1779054961.0145,832,0,Center,0.4338,0.0
1779054961.0488,832,0,Center,0.4338,0.0
1779054961.0896,849,0,Center,0.4426,0.0
1779054961.1164,854,0,Center,0.4453,0.0
1779054961.144,829,0,Center,0.4321,0.0
1779054961.1759,829,0,Center,0.4322,0.0
1779054961.2074,833,0,Center,0.4341,0.0
1779054961.238,832,0,Center,0.4337,0.0
1779054961.2684,835,0,Center,0.4351,0.0
1779054961.299,834,0,Center,0.4348,0.0
1779054961.332,845,0,Center,0.4402,0.0
1779054961.3645,858,0,Center,0.4473,0.0
1779054961.3946,856,0,Center,0.446,0.0
1779054961.5063,853,0,Center,0.4445,0.0
1779054961.5436,853,0,Center,0.4445,0.0
1779054961.5832,853,0,Center,0.4445,0.0
1779054961.6151,870,0,Center,0.4536,0.0
1779054961.6477,870,0,Center,0.4536,0.0
1779054961.6733,870,0,Center,0.4536,0.0
1779054961.7041,870,0,Center,0.4536,0.0
1779054961.7367,870,0,Center,0.4536,0.0
1779054961.7674,870,0,Center,0.4536,0.0
1779054961.8002,870,0,Center,0.4536,0.0
1779054961.8297,870,0,Center,0.4536,0.0
1779054961.8497,865,0,Center,0.4506,0.0
1779054961.8751,854,0,Center,0.445,0.0
1779054961.9068,847,0,Center,0.4416,0.0
1779054961.9371,852,0,Center,0.4441,0.0
1779054962.0521,846,0,Center,0.441,0.0
1779054962.0875,845,0,Center,0.4406,0.0
1779054962.1154,844,0,Center,0.4399,0.0
1779054962.152,852,0,Center,0.4442,0.0
1779054962.1816,845,0,Center,0.4406,0.0
1779054962.2211,845,0,Center,0.4406,0.0
1779054962.251,845,0,Center,0.4406,0.0
1779054962.2818,844,0,Center,0.4399,0.0
1779054962.3165,844,0,Center,0.4399,0.0
1779054962.3441,844,0,Center,0.4399,0.0
1779054962.3767,844,0,Center,0.4399,0.0
1779054962.4048,844,0,Center,0.4399,0.0
1779054962.4355,844,0,Center,0.4399,0.0
1779054962.4677,860,0,Center,0.4483,0.0
1779054962.4986,860,0,Center,0.4483,0.0
1779054962.6139,860,0,Center,0.4483,0.0
1779054962.6416,860,0,Center,0.4483,0.0
1779054962.673,860,0,Center,0.4483,0.0
1779054962.7039,860,0,Center,0.4483,0.0
1779054962.7356,860,0,Center,0.4483,0.0
1779054962.7666,860,0,Center,0.4483,0.0
1779054962.7966,860,0,Center,0.4483,0.0
1779054962.8263,860,0,Center,0.4483,0.0
1779054962.8586,860,0,Center,0.4483,0.0
1779054962.8884,860,0,Center,0.4483,0.0
1779054962.9214,860,0,Center,0.4483,0.0
1779054962.9511,860,0,Center,0.4483,0.0
1779054962.9817,860,0,Center,0.4483,0.0
1779054963.0135,860,0,Center,0.4483,0.0
1779054963.0437,860,0,Center,0.4483,0.0
1779054963.1431,860,0,Center,0.4483,0.0
1779054963.1772,853,0,Center,0.4447,0.0
1779054963.2127,868,0,Center,0.4524,0.0
1779054963.2542,881,0,Center,0.4591,0.0
1779054963.2846,890,0,Center,0.4637,0.0
1779054963.3141,876,0,Center,0.4564,0.0
1779054963.3423,886,0,Center,0.462,0.0
1779054963.3795,876,0,Center,0.4563,0.0
1779054963.4186,854,0,Center,0.4453,0.0
1779054963.4532,839,0,Center,0.4375,0.0
1779054963.4809,832,0,Center,0.4334,0.0
1779054963.5109,822,0,Center,0.4283,0.0
1779054963.5387,827,0,Center,0.4311,0.0
1779054963.5711,820,0,Center,0.4271,0.0
1779054963.6082,804,0,Center,0.4188,0.0
1779054963.7195,799,0,Center,0.4164,0.0
1779054963.7503,815,0,Center,0.4248,0.0
1779054963.7796,807,0,Center,0.4207,0.0
1779054963.8154,811,0,Center,0.4229,0.0
1779054963.8464,842,0,Center,0.4385,0.0
1779054963.8753,841,0,Center,0.4383,0.0
1779054963.9021,817,0,Center,0.4259,0.0
1779054963.9339,787,37,Center,0.4099,0.0348
1779054963.9639,780,65,Center,0.4067,0.0608
1779054963.9954,756,65,Left,0.3942,0.0608
1779054964.0265,757,65,Left,0.3946,0.0608
1779054964.0571,764,89,Left,0.3983,0.0828
1779054964.0777,787,51,Center,0.41,0.048
1779054964.1038,811,23,Center,0.4228,0.022
1779054964.1345,819,23,Center,0.4267,0.022
1779054964.2361,818,23,Center,0.4262,0.022
1779054964.2683,811,0,Center,0.4224,0.0
1779054964.3001,805,0,Center,0.4197,0.0
1779054964.3279,785,0,Center,0.4094,0.0
1779054964.3586,778,0,Center,0.4056,0.0
1779054964.3909,770,0,Center,0.4014,0.0
1779054964.4188,765,0,Left,0.3989,0.0
1779054964.4504,757,0,Left,0.3946,0.0
1779054964.4818,753,0,Left,0.3924,0.0
1779054964.5151,752,0,Left,0.3922,0.0
1779054964.5455,770,0,Center,0.4014,0.0
1779054964.5786,776,0,Center,0.4044,0.0
1779054964.6107,792,0,Center,0.4127,0.0
1779054964.6586,809,0,Center,0.4219,0.0
1779054964.6928,825,0,Center,0.4301,0.0
1779054964.7895,824,0,Center,0.4294,0.0
1779054964.8236,830,0,Center,0.4325,0.0
1779054964.8545,825,0,Center,0.4301,0.0
1779054964.8849,829,0,Center,0.4318,0.0
1779054964.9174,829,0,Center,0.4319,0.0
1779054964.9486,839,0,Center,0.4371,0.0
1779054964.9772,856,0,Center,0.4459,0.0
1779054965.0111,870,0,Center,0.4532,0.0
1779054965.0386,870,0,Center,0.4536,0.0
1779054965.0705,874,0,Center,0.4556,0.0
1779054965.1009,868,0,Center,0.4524,0.0
1779054965.1312,860,6,Center,0.4483,0.0061
1779054965.1598,853,6,Center,0.4448,0.0061
1779054965.1895,855,6,Center,0.4455,0.0061
1779054965.221,857,6,Center,0.4467,0.0061
1779054965.3177,862,6,Center,0.449,0.0061
1779054965.3546,862,0,Center,0.4494,0.0
1779054965.3818,868,0,Center,0.4525,0.0
1779054965.4172,872,0,Center,0.4542,0.0
1779054965.451,875,0,Center,0.4558,0.0
1779054965.4895,876,0,Center,0.4564,0.0
1779054965.5401,877,0,Center,0.4568,0.0
1779054965.5715,880,0,Center,0.4587,0.0
1779054965.6082,884,0,Center,0.4607,0.0
1779054965.6454,884,0,Center,0.4607,0.0
1779054965.6752,884,0,Center,0.4607,0.0
1779054965.7064,884,0,Center,0.4607,0.0
1779054965.7398,884,0,Center,0.4607,0.0
1779054965.7714,884,0,Center,0.4607,0.0
1779054965.802,884,0,Center,0.4607,0.0
1779054965.9125,884,0,Center,0.4607,0.0
1779054965.9474,884,0,Center,0.4607,0.0
1779054965.9741,884,0,Center,0.4607,0.0
1779054966.0072,884,0,Center,0.4607,0.0
1779054966.0353,884,0,Center,0.4607,0.0
1779054966.0682,884,0,Center,0.4607,0.0
1779054966.0972,884,0,Center,0.4607,0.0
1779054966.1259,884,0,Center,0.4607,0.0
1779054966.1554,884,0,Center,0.4607,0.0
1779054966.1847,884,0,Center,0.4607,0.0
1779054966.2142,884,0,Center,0.4607,0.0
1779054966.2452,884,0,Center,0.4607,0.0
1779054966.278,884,0,Center,0.4607,0.0
1779054966.31,884,0,Center,0.4607,0.0
1779054966.3418,884,0,Center,0.4607,0.0
1779054966.4553,884,0,Center,0.4607,0.0
1779054966.4846,884,0,Center,0.4607,0.0
1779054966.5163,884,0,Center,0.4607,0.0
1779054966.5495,884,0,Center,0.4607,0.0
1779054966.5798,884,0,Center,0.4607,0.0
1779054966.611,884,0,Center,0.4607,0.0
1779054966.641,884,0,Center,0.4607,0.0
1779054966.6683,884,0,Center,0.4607,0.0
1779054966.6997,884,0,Center,0.4607,0.0
1779054966.7306,884,0,Center,0.4607,0.0
1779054966.7598,884,0,Center,0.4607,0.0
1779054966.7911,884,0,Center,0.4607,0.0
1779054966.8242,884,0,Center,0.4607,0.0
1779054966.8521,884,0,Center,0.4607,0.0
1779054966.8838,884,0,Center,0.4607,0.0
1779054967.0034,884,0,Center,0.4607,0.0
1779054967.0361,891,0,Center,0.4642,0.0
1779054967.0666,892,0,Center,0.4648,0.0
1779054967.095,906,0,Center,0.4719,0.0
1779054967.1278,903,0,Center,0.4706,0.0
1779054967.1571,891,0,Center,0.4644,0.0
1779054967.1836,868,0,Center,0.4525,0.0
1779054967.214,866,0,Center,0.4514,0.0
1779054967.2453,852,0,Center,0.4438,0.0
1779054967.2768,848,0,Center,0.4422,0.0
1779054967.3094,864,0,Center,0.4504,0.0
1779054967.3394,886,0,Center,0.4619,0.0
1779054967.3683,894,0,Center,0.4658,0.0
1779054967.3995,905,0,Center,0.4716,0.0
1779054967.4299,913,0,Center,0.4758,0.0
1779054967.5322,910,0,Center,0.4742,0.0
1779054967.5601,910,0,Center,0.4745,0.0
1779054967.5907,909,0,Center,0.4735,0.0
1779054967.623,909,0,Center,0.4739,0.0
1779054967.6523,913,0,Center,0.4758,0.0
1779054967.6861,919,18,Center,0.4789,0.0167
1779054967.7114,911,18,Center,0.475,0.0167
1779054967.744,906,18,Center,0.472,0.0167
1779054967.7753,897,18,Center,0.4677,0.0167
1779054967.8031,895,24,Center,0.4662,0.023
1779054967.8353,889,42,Center,0.4634,0.0397
1779054967.8683,896,77,Center,0.4671,0.0718
1779054967.8974,907,106,Center,0.4724,0.0985
1779054967.9283,920,130,Center,0.4792,0.121
1779054967.9595,914,123,Center,0.4764,0.1148
1779054968.0785,898,87,Center,0.4682,0.0813
1779054968.1136,882,53,Center,0.4594,0.0492
1779054968.1556,858,24,Center,0.447,0.0226
1779054968.1892,846,0,Center,0.4407,0.0
1779054968.2306,845,0,Center,0.4402,0.0
1779054968.2596,848,0,Center,0.4419,0.0
1779054968.2887,856,0,Center,0.446,0.0
1779054968.3137,863,9,Center,0.4495,0.0091
1779054968.3348,879,64,Center,0.4579,0.0595
1779054968.3664,894,67,Center,0.4658,0.0629
1779054968.3951,910,92,Center,0.4745,0.0854
1779054968.4257,922,118,Center,0.4802,0.1099
1779054968.4566,937,129,Center,0.4884,0.1195
1779054968.4875,931,74,Center,0.4854,0.0691
1779054968.5124,931,70,Center,0.4852,0.0657
1779054968.6194,922,46,Center,0.4806,0.0432
1779054968.6565,915,20,Center,0.4768,0.0186
1779054968.6968,908,0,Center,0.473,0.0
1779054968.7317,889,0,Center,0.4632,0.0
1779054968.7611,871,0,Center,0.4541,0.0
1779054968.7896,871,0,Center,0.4541,0.0
1779054968.8196,871,0,Center,0.4541,0.0
1779054968.8522,871,0,Center,0.4541,0.0
1779054968.882,871,0,Center,0.4541,0.0
1779054968.9143,868,0,Center,0.4522,0.0
1779054968.9478,864,0,Center,0.4502,0.0
1779054968.981,849,0,Center,0.4425,0.0
1779054969.0114,859,0,Center,0.4475,0.0
1779054969.0437,862,0,Center,0.449,0.0
1779054969.0768,865,0,Center,0.4506,0.0
1779054969.1781,855,0,Center,0.4458,0.0
1779054969.213,867,0,Center,0.4516,0.0
1779054969.2453,860,0,Center,0.4481,0.0
1779054969.2757,856,0,Center,0.446,0.0
1779054969.3066,850,0,Center,0.4429,0.0
1779054969.342,854,0,Center,0.4453,0.0
1779054969.3665,849,10,Center,0.4427,0.0096
1779054969.3952,848,10,Center,0.4417,0.0096
1779054969.4271,842,10,Center,0.4389,0.0096
1779054969.4564,839,10,Center,0.4375,0.0096
1779054969.4854,839,10,Center,0.437,0.0096
1779054969.5163,850,0,Center,0.4431,0.0
1779054969.5476,846,0,Center,0.4408,0.0
1779054969.5779,845,0,Center,0.4401,0.0
1779054969.6098,842,0,Center,0.4388,0.0
1779054969.7051,856,0,Center,0.4463,0.0
1779054969.7384,857,0,Center,0.4468,0.0
1779054969.7722,878,0,Center,0.4573,0.0
1779054969.801,893,0,Center,0.4651,0.0
1779054969.8319,908,0,Center,0.4731,0.0
1779054969.8639,907,0,Center,0.4724,0.0
1779054969.891,902,0,Center,0.4701,0.0
1779054969.9197,892,0,Center,0.4648,0.0
1779054969.943,884,0,Center,0.4609,0.0
1779054969.9674,875,0,Center,0.4562,0.0
1779054969.9985,867,0,Center,0.4518,0.0
1779054970.0285,864,0,Center,0.4501,0.0
1779054970.0586,862,0,Center,0.4494,0.0
1779054970.0897,866,0,Center,0.4511,0.0
1779054970.1206,866,0,Center,0.4511,0.0
1779054970.2182,866,0,Center,0.4511,0.0
1779054970.2524,874,0,Center,0.4554,0.0
1779054970.2827,884,0,Center,0.4604,0.0
1779054970.3144,881,0,Center,0.4591,0.0
1779054970.3454,875,0,Center,0.4557,0.0
1779054970.3763,867,0,Center,0.4518,0.0
1779054970.402,860,0,Center,0.448,0.0
1779054970.4345,848,0,Center,0.4422,0.0
1779054970.4661,848,0,Center,0.4422,0.0
1779054970.4968,860,0,Center,0.4479,0.0
1779054970.5282,876,0,Center,0.4566,0.0
1779054970.5596,883,0,Center,0.4601,0.0
1779054970.5919,885,0,Center,0.4611,0.0
1779054970.6198,875,0,Center,0.4562,0.0
1779054970.6431,870,0,Center,0.4535,0.0
1779054970.7666,846,0,Center,0.4411,0.0
1779054970.7939,843,0,Center,0.4394,0.0
1779054970.8281,840,0,Center,0.4379,0.0
1779054970.8598,820,0,Center,0.4274,0.0
1779054970.8898,792,0,Center,0.4127,0.0
1779054970.9151,760,0,Left,0.3961,0.0
1779054970.9453,737,0,Left,0.3842,0.0
1779054970.9763,661,0,Left,0.3447,0.0
1779054971.0118,645,0,Left,0.336,0.0
1779054971.0374,593,0,Left,0.3089,0.0009
1779054971.0698,567,0,Left,0.2956,0.0009
1779054971.1025,573,0,Left,0.2989,0.0009
1779054971.1317,619,7,Left,0.3228,0.0068
1779054971.1639,632,8,Left,0.3293,0.0076
1779054971.1942,641,7,Left,0.334,0.0067
1779054971.315,666,10,Left,0.3474,0.0096
1779054971.3437,642,10,Left,0.3346,0.0096
1779054971.3765,657,4,Left,0.3426,0.0038
1779054971.4047,661,3,Left,0.3445,0.0029
1779054971.4375,699,3,Left,0.3641,0.0029
1779054971.4666,704,0,Left,0.367,0.0
1779054971.4953,715,0,Left,0.3728,0.0
1779054971.5356,699,0,Left,0.3645,0.0
1779054971.5807,683,0,Left,0.3562,0.0
1779054971.612,662,0,Left,0.3451,0.0
1779054971.6437,647,0,Left,0.3371,0.0
1779054971.6804,644,0,Left,0.3356,0.0
1779054971.7111,635,0,Left,0.3312,0.0
1779054971.7452,650,0,Left,0.3386,0.0
1779054971.774,680,0,Left,0.3544,0.0
1779054971.8855,696,0,Left,0.3629,0.0
1779054971.9174,700,0,Left,0.3651,0.0
1779054971.9509,693,26,Left,0.361,0.0248
1779054971.9848,684,26,Left,0.3566,0.0248
1779054972.0256,671,26,Left,0.3499,0.0248
1779054972.0526,671,26,Left,0.3499,0.0248
1779054972.0831,658,26,Left,0.3427,0.0248
1779054972.1151,661,0,Left,0.3444,0.0
1779054972.1453,656,0,Left,0.3418,0.0
1779054972.1766,649,0,Left,0.3383,0.0
1779054972.2112,648,0,Left,0.3375,0.0
1779054972.2402,641,0,Left,0.3339,0.0
1779054972.2694,650,0,Left,0.339,0.0
1779054972.3023,671,0,Left,0.3495,0.0
1779054972.3249,681,6,Left,0.355,0.0064
1779054972.4439,692,6,Left,0.3609,0.0064
1779054972.4771,713,6,Left,0.3714,0.0064
1779054972.5075,717,6,Left,0.3736,0.0064
1779054972.5402,716,6,Left,0.3729,0.0064
1779054972.5673,693,0,Left,0.3611,0.0
1779054972.5987,669,0,Left,0.3489,0.0
1779054972.628,650,0,Left,0.3388,0.0
1779054972.6612,632,0,Left,0.3295,0.0
1779054972.6918,619,0,Left,0.3225,0.0
1779054972.7238,629,0,Left,0.3279,0.0
1779054972.7575,639,0,Left,0.3332,0.0
1779054972.7858,649,0,Left,0.3384,0.0
1779054972.8198,657,11,Left,0.3424,0.0103
1779054972.8503,628,11,Left,0.3273,0.0103
1779054972.882,629,11,Left,0.328,0.0103
1779054973.0042,641,11,Left,0.3342,0.0103
1779054973.0347,640,11,Left,0.3337,0.0103
1779054973.0708,644,0,Left,0.3357,0.0
1779054973.1,681,0,Left,0.355,0.0
1779054973.1271,688,0,Left,0.3585,0.0
1779054973.1624,689,0,Left,0.359,0.0
1779054973.1881,691,0,Left,0.3599,0.0
1779054973.2183,690,0,Left,0.3598,0.0
1779054973.2488,681,0,Left,0.3547,0.0
1779054973.278,683,0,Left,0.3561,0.0
1779054973.3111,646,0,Left,0.3368,0.0
1779054973.3421,627,0,Left,0.3269,0.0
1779054973.3764,593,0,Left,0.3089,0.0
1779054973.4042,565,0,Left,0.2945,0.0
1779054973.4347,534,0,Left,0.2784,0.0
1779054973.5473,554,0,Left,0.2886,0.0002
1779054973.5845,585,0,Left,0.3051,0.0002
1779054973.6096,618,0,Left,0.3221,0.0002
1779054973.651,647,0,Left,0.3374,0.0002
1779054973.6874,700,0,Left,0.3651,0.0002
1779054973.7138,706,0,Left,0.3681,0.0
1779054973.7451,687,0,Left,0.3582,0.0
1779054973.7766,682,0,Left,0.3555,0.0
1779054973.8095,712,0,Left,0.3713,0.0
1779054973.8381,693,0,Left,0.3614,0.0
1779054973.8695,706,0,Left,0.3682,0.0
1779054973.9001,740,0,Left,0.3857,0.0
1779054973.9417,761,0,Left,0.3968,0.0
1779054973.9721,752,0,Left,0.3921,0.0
1779054974.0025,765,0,Left,0.3987,0.0
1779054974.1279,749,0,Left,0.3903,0.0
1779054974.1613,740,0,Left,0.3857,0.0
1779054974.1895,744,0,Left,0.388,0.0
1779054974.2236,745,0,Left,0.3885,0.0
1779054974.2524,743,0,Left,0.387,0.0
1779054974.2838,765,0,Left,0.3986,0.0
1779054974.312,760,0,Left,0.3962,0.0
1779054974.3453,755,0,Left,0.3934,0.0
1779054974.3716,751,0,Left,0.3913,0.0
1779054974.4051,751,0,Left,0.3916,0.0
1779054974.4337,733,0,Left,0.3821,0.0
1779054974.4638,748,0,Left,0.3901,0.0
1779054974.4953,758,0,Left,0.3951,0.0
1779054974.528,724,0,Left,0.3774,0.0
1779054974.5566,681,0,Left,0.355,0.0
1779054974.6731,685,0,Left,0.3569,0.0
1779054974.7068,657,0,Left,0.3426,0.0
1779054974.7386,638,0,Left,0.3328,0.0
1779054974.7703,637,0,Left,0.3319,0.0
1779054974.8001,643,0,Left,0.3351,0.0
1779054974.8298,634,0,Left,0.3305,0.0
1779054974.8575,627,0,Left,0.327,0.0
1779054974.8884,615,0,Left,0.3208,0.0
1779054974.9109,628,0,Left,0.3272,0.0
1779054974.9345,636,0,Left,0.3315,0.0
1779054974.9641,634,0,Left,0.3305,0.0
1779054974.9951,621,0,Left,0.3239,0.0
1779054975.028,610,0,Left,0.3181,0.0
1779054975.0566,623,0,Left,0.3247,0.0
1779054975.0896,633,0,Left,0.3297,0.0
1779054975.2063,625,0,Left,0.326,0.0
1779054975.2381,642,17,Left,0.3347,0.0162
1779054975.2704,654,25,Left,0.341,0.0233
1779054975.3198,720,75,Left,0.3752,0.0696
1779054975.357,855,140,Center,0.4453,0.1304
1779054975.3863,1010,173,Center,0.5261,0.1608
1779054975.4141,1157,197,Right,0.603,0.1832
1779054975.4453,1307,256,Right,0.6809,0.2372
1779054975.4896,1376,265,Right,0.7171,0.2456
1779054975.5502,1370,255,Right,0.7139,0.2364
1779054975.5858,1344,232,Right,0.7001,0.2156
1779054975.6166,1263,191,Right,0.658,0.1769
1779054975.6487,1178,125,Right,0.6138,0.1159
1779054975.6798,1178,125,Right,0.6138,0.1159
1779054975.8745,976,104,Center,0.5087,0.0965
1779054979.3212,801,115,Center,0.4177,0.1073
1779054979.4101,685,185,Left,0.3572,0.1715
1779054979.4722,581,241,Left,0.3029,0.2236
1779054979.5332,489,310,Left,0.255,0.2873
1779054979.5953,619,331,Left,0.3228,0.3069
1779054981.6429,791,335,Center,0.412,0.3106
1779054982.6353,722,363,Left,0.3765,0.3369
1779054982.6664,692,401,Left,0.3605,0.3717
1779054982.693,649,421,Left,0.3383,0.3902
1779054982.7231,510,451,Left,0.2661,0.4179
1779054982.7524,314,462,Left,0.1638,0.4284
1779054982.7847,303,430,Left,0.1583,0.3986
1779054982.8132,307,412,Left,0.1603,0.3824
1779054982.8452,313,400,Left,0.1633,0.3706
1779054982.8769,288,398,Left,0.1505,0.3693
1779054982.9074,293,403,Left,0.1528,0.3735
1779054982.9412,342,386,Left,0.1782,0.3575
1779054983.0707,356,363,Left,0.1856,0.3365
1779054983.1024,356,353,Left,0.1859,0.3272
1779054983.1338,415,341,Left,0.2163,0.3163
1779054983.162,429,334,Left,0.2239,0.3095
1779054983.2073,396,364,Left,0.2066,0.3375
1779054983.2388,370,397,Left,0.1929,0.368
1779054983.2788,380,416,Left,0.198,0.3858
1779054983.3099,377,428,Left,0.1968,0.3968
1779054983.3526,352,427,Left,0.1836,0.3958
1779054983.3846,381,420,Left,0.1986,0.3897
1779054983.4177,458,410,Left,0.2388,0.3805
1779054983.4657,512,393,Left,0.2668,0.3647
1779054983.5027,488,370,Left,0.2542,0.3429
1779054983.5473,453,355,Left,0.2362,0.3291
1779054983.5917,356,344,Left,0.1858,0.3193
1779054983.7244,222,340,Left,0.1161,0.3153
1779054983.7502,94,343,Left,0.0492,0.3177
1779054983.7863,23,410,Left,0.0125,0.3802
1779054983.8204,0,481,Left,0.0,0.446
1779054983.8486,0,498,Left,0.0,0.4618
1779054983.8996,0,564,Left,0.0,0.5224
1779054985.4665,100,565,Left,0.0522,0.5233
1779054985.4952,206,508,Left,0.1078,0.4712
1779054985.5283,266,457,Left,0.1389,0.4238
1779054985.5586,315,462,Left,0.1643,0.4279
1779054985.5874,347,422,Left,0.1808,0.3915
1779054985.6196,272,410,Left,0.1421,0.3798
1779054985.6509,213,395,Left,0.111,0.3658
1779054985.6829,206,387,Left,0.1073,0.3584
1779054985.7142,244,392,Left,0.1272,0.3632
1779054985.7472,231,390,Left,0.1204,0.3613
1779054985.7771,205,440,Left,0.1068,0.4079
1779054985.8265,158,487,Left,0.0823,0.4518
1779054985.8596,105,529,Left,0.0549,0.4901
1779054985.894,18,547,Left,0.0097,0.5069
1779054986.0296,0,566,Left,0.0,0.5242
1779054986.0569,0,535,Left,0.0,0.4957
1779054986.0913,0,550,Left,0.0,0.51
1779054986.1222,0,545,Left,0.0,0.505
1779054986.1525,0,543,Left,0.0,0.5031
1779054986.1839,0,544,Left,0.0,0.5044
1779054986.2111,0,557,Left,0.0,0.5167
1779054986.2453,0,532,Left,0.0,0.4933
1779054986.2794,34,448,Left,0.018,0.4157
1779054986.3426,85,334,Left,0.0448,0.3097
1779054986.3753,206,266,Left,0.1075,0.2468
1779054986.4053,332,234,Left,0.1733,0.2174
1779054986.4472,472,223,Left,0.2461,0.2069
1779054986.4817,585,286,Left,0.3047,0.2652
1779054986.6785,679,367,Left,0.354,0.3401
1779054986.7082,702,382,Left,0.366,0.3542
1779054986.7451,683,400,Left,0.3558,0.3712
1779054986.7756,622,388,Left,0.3242,0.3596
1779054986.811,543,360,Left,0.2829,0.3334
1779054986.8428,468,339,Left,0.244,0.3144
1779054986.8712,430,337,Left,0.224,0.3124
1779054986.9023,429,371,Left,0.2235,0.3441
1779054986.9422,421,409,Left,0.2193,0.3792
1779054986.965,424,456,Left,0.221,0.4223
1779054986.9953,413,509,Left,0.2155,0.4716
1779054987.0266,308,549,Left,0.1608,0.5085
1779054987.0632,202,550,Left,0.1057,0.5097
1779054987.1096,131,553,Left,0.0687,0.5121
1779054987.2472,60,561,Left,0.0318,0.5201
1779054987.3767,150,502,Left,0.0782,0.4652
1779054987.4021,296,449,Left,0.1546,0.4165
1779054987.4319,428,381,Left,0.2233,0.3532
1779054987.5255,539,332,Left,0.2808,0.3074
1779054989.2818,613,256,Left,0.3196,0.2375
1779054989.3144,510,305,Left,0.2658,0.2828
1779054989.3425,434,359,Left,0.2265,0.333
1779054989.3765,391,412,Left,0.2038,0.382
1779054989.4083,337,407,Left,0.1759,0.3772
1779054989.4428,315,426,Left,0.1641,0.3947
1779054989.4705,295,391,Left,0.1541,0.3627
1779054989.5031,271,382,Left,0.1413,0.3542
1779054989.5257,224,377,Left,0.1172,0.3497
1779054989.5607,168,399,Left,0.0875,0.3699
1779054989.7318,116,423,Left,0.0606,0.3921
1779054989.7784,88,422,Left,0.0461,0.3909
1779054989.8358,47,423,Left,0.0249,0.3918
1779054989.8705,5,397,Left,0.0031,0.3685
1779054989.9039,5,379,Left,0.0031,0.3511
1779054989.9297,5,360,Left,0.0031,0.3338
1779054989.9652,5,368,Left,0.0031,0.3409
1779054989.9967,0,346,Left,0.0,0.321
1779054990.0264,0,351,Left,0.0,0.3252
1779054990.0598,45,308,Left,0.024,0.2856
1779054990.0898,132,241,Left,0.0692,0.2238
1779054990.123,195,166,Left,0.1019,0.1544
1779054990.1645,235,93,Left,0.1229,0.0864
1779054990.2111,269,20,Left,0.1402,0.0186
1779054990.234,275,0,Left,0.1436,0.0
1779054990.3675,242,0,Left,0.1261,0.0
1779054990.4176,263,62,Left,0.1372,0.0582
1779054990.4576,273,119,Left,0.1427,0.1102
1779054990.4877,288,148,Left,0.1503,0.1379
1779054990.5162,269,178,Left,0.1405,0.1649
1779054990.545,281,202,Left,0.1468,0.1874
1779054990.5778,226,191,Left,0.1182,0.177
1779054990.6125,252,190,Left,0.1313,0.1766
1779054990.643,261,220,Left,0.1362,0.2038
1779054990.6713,309,236,Left,0.1613,0.2185
1779054990.704,321,232,Left,0.1674,0.2151
1779054990.7338,353,235,Left,0.1842,0.2183
1779054990.7683,384,228,Left,0.2003,0.2114
1779054990.7938,453,169,Left,0.2364,0.1565
1779054990.8254,453,169,Left,0.2364,0.1565
1779054990.9532,453,169,Left,0.2364,0.1565
1779054990.9909,453,169,Left,0.2364,0.1565
1779054991.0365,536,123,Left,0.2795,0.1147
1779054991.0666,536,123,Left,0.2795,0.1147
1779054991.0961,536,123,Left,0.2795,0.1147
1779054991.1216,592,103,Left,0.3085,0.0957
1779054991.1453,592,103,Left,0.3085,0.0957
1779054991.1746,592,103,Left,0.3085,0.0957
1779054991.2098,697,48,Left,0.3635,0.0446
1779054991.2429,697,48,Left,0.3635,0.0446
1779054991.2758,745,0,Left,0.3883,0.0
1779054991.3066,775,0,Center,0.404,0.0
1779054991.34,765,0,Left,0.3986,0.0
1779054991.3745,765,0,Left,0.3986,0.0
1779054991.3988,793,0,Center,0.4133,0.0
1779054991.533,793,0,Center,0.4133,0.0
1779054991.5788,793,0,Center,0.4133,0.0
1779054991.6227,793,0,Center,0.4133,0.0
1779054991.6546,793,0,Center,0.4133,0.0
1779054991.6816,793,0,Center,0.4133,0.0
1779054991.7096,793,0,Center,0.4133,0.0
1779054991.7401,793,0,Center,0.4133,0.0
1779054991.774,793,0,Center,0.4133,0.0
1779054991.8048,793,0,Center,0.4133,0.0
1779054991.8383,793,0,Center,0.4133,0.0
1779054991.8646,793,0,Center,0.4133,0.0
1779054991.8966,793,0,Center,0.4133,0.0
1779054991.926,793,0,Center,0.4133,0.0
1779054991.9565,793,0,Center,0.4133,0.0
1779054991.99,793,0,Center,0.4133,0.0
1779054992.1165,793,0,Center,0.4133,0.0
1779054992.1474,793,0,Center,0.4133,0.0
1779054992.1781,793,0,Center,0.4133,0.0
1779054992.2102,793,0,Center,0.4133,0.0
1779054992.2384,793,0,Center,0.4133,0.0
1779054992.2686,793,0,Center,0.4133,0.0
1779054992.2952,793,0,Center,0.4133,0.0
1779054992.3269,793,0,Center,0.4133,0.0
1779054992.3577,793,0,Center,0.4133,0.0
1779054992.3872,793,0,Center,0.4133,0.0
1779054992.418,793,0,Center,0.4133,0.0
1779054992.45,793,0,Center,0.4133,0.0
1779054992.4794,793,0,Center,0.4133,0.0
1779054992.512,793,0,Center,0.4133,0.0
1779054992.5436,793,0,Center,0.4133,0.0
1779054992.6821,793,0,Center,0.4133,0.0
1779054992.7267,812,0,Center,0.4233,0.0
1779054992.774,812,0,Center,0.4233,0.0
1779054992.82,812,0,Center,0.4233,0.0
1779054992.8563,812,0,Center,0.4233,0.0
1779054992.886,812,0,Center,0.4233,0.0
1779054992.9164,840,0,Center,0.4378,0.0
1779054992.951,862,0,Center,0.4492,0.0
1779054992.9798,886,0,Center,0.4617,0.0
1779054993.0139,899,0,Center,0.4686,0.0
1779054993.0472,896,0,Center,0.467,0.0
1779054993.0788,893,0,Center,0.4654,0.0
1779054993.1404,893,0,Center,0.4654,0.0
1779054993.1708,897,0,Center,0.4673,0.0
1779054993.2038,905,0,Center,0.4716,0.0
1779054993.3126,906,0,Center,0.4721,0.0
1779054993.3486,915,0,Center,0.477,0.0
1779054993.3899,921,0,Center,0.4799,0.0
1779054993.4184,917,0,Center,0.4781,0.0
1779054993.4521,914,0,Center,0.4763,0.0
1779054993.4794,908,0,Center,0.4731,0.0
1779054993.5095,896,0,Center,0.4672,0.0
1779054993.5403,894,0,Center,0.4657,0.0
1779054993.5733,892,0,Center,0.4649,0.0
1779054993.6009,900,0,Center,0.4693,0.0
1779054993.633,898,0,Center,0.4681,0.0
1779054993.664,897,0,Center,0.4676,0.0
1779054993.6939,891,0,Center,0.4644,0.0
1779054993.7264,887,0,Center,0.4622,0.0
1779054993.7599,887,0,Center,0.4622,0.0
1779054993.8906,898,0,Center,0.468,0.0
1779054993.9201,898,0,Center,0.468,0.0
1779054993.9509,896,0,Center,0.4671,0.0
1779054993.9858,894,0,Center,0.4658,0.0
1779054994.0188,908,0,Center,0.473,0.0
1779054994.0468,906,0,Center,0.4721,0.0
1779054994.0732,889,0,Center,0.4631,0.0
1779054994.1051,899,0,Center,0.4686,0.0
1779054994.1374,916,0,Center,0.4771,0.0
1779054994.1674,914,0,Center,0.4761,0.0
1779054994.1988,900,20,Center,0.4689,0.0194
1779054994.2307,919,20,Center,0.4788,0.0194
1779054994.2582,911,73,Center,0.4747,0.0682
1779054994.2928,896,109,Center,0.467,0.101
1779054994.3239,882,118,Center,0.4594,0.1102
1779054994.4726,896,98,Center,0.4672,0.0908
1779054994.52,885,98,Center,0.4614,0.0912
1779054994.5638,872,45,Center,0.4544,0.0423
1779054994.6098,872,10,Center,0.4542,0.0096
1779054994.6473,883,0,Center,0.4602,0.0004
1779054994.6799,891,17,Center,0.4643,0.0166
1779054994.7419,893,45,Center,0.4651,0.0419
1779054994.7849,902,45,Center,0.47,0.0419
1779054994.8175,902,45,Center,0.4701,0.0419
1779054994.8472,904,45,Center,0.4713,0.0419
1779054994.8781,881,27,Center,0.4594,0.0257
1779054994.9098,881,27,Center,0.4594,0.0257
1779054994.9429,881,27,Center,0.4594,0.0257
1779054994.9696,881,27,Center,0.4594,0.0257
1779054995.0009,885,0,Center,0.4611,0.0
1779054995.1492,903,43,Center,0.4708,0.0402
1779054995.1807,918,66,Center,0.4786,0.0619
1779054995.2107,926,115,Center,0.4824,0.1065
1779054995.2613,938,163,Center,0.4886,0.1515
1779054995.314,945,195,Center,0.4926,0.1809
1779054995.3582,939,193,Center,0.4891,0.1789
1779054995.4042,943,183,Center,0.4916,0.1702
1779054995.4348,941,191,Center,0.4905,0.1776
1779054995.4658,939,170,Center,0.4893,0.1581
1779054995.4969,920,183,Center,0.4796,0.1698
1779054995.5297,913,182,Center,0.4759,0.1685
1779054995.5633,908,198,Center,0.4732,0.1841
1779054995.5974,905,183,Center,0.4719,0.1699
1779054995.6277,906,192,Center,0.4721,0.1787
1779054995.6577,915,224,Center,0.4769,0.2076
1779054995.8,921,244,Center,0.4801,0.2259
1779054995.8379,877,268,Center,0.4571,0.249
1779054995.8782,806,281,Center,0.4198,0.2609
1779054995.9102,742,326,Left,0.3865,0.3025
1779054995.9414,689,310,Left,0.3592,0.2871
1779054995.9673,626,297,Left,0.3265,0.2757
1779054995.9983,616,295,Left,0.3211,0.2737
1779054996.0272,629,301,Left,0.3279,0.2788
1779054996.0586,691,219,Left,0.3603,0.2028
1779054996.0916,754,163,Left,0.3931,0.1516
1779054996.1222,843,132,Center,0.4394,0.1228
1779054996.1436,953,99,Center,0.4967,0.092
1779054996.1694,1079,67,Center,0.5622,0.0628
1779054996.2018,1154,67,Right,0.6014,0.0628
1779054996.2319,1231,106,Right,0.6415,0.0989
1779054996.3654,1346,90,Right,0.7013,0.0839
1779055034.5325,1314,70,Right,0.6847,0.0649
1779055034.5797,1230,86,Right,0.6408,0.0798
1779055034.6111,1110,86,Center,0.5783,0.0798
1779055034.7357,937,90,Center,0.4885,0.0836
1779055034.7637,691,90,Left,0.3602,0.0836
1779055034.7976,564,133,Left,0.2941,0.1233
1779055034.8285,473,120,Left,0.2467,0.1115
1779055034.8614,425,186,Left,0.2214,0.1727
1779055034.9065,436,167,Left,0.2276,0.1547
1779055034.9317,434,239,Left,0.2263,0.2221
1779055034.9593,454,258,Left,0.2365,0.2392
1779055034.9917,461,265,Left,0.2402,0.2456
1779055035.0216,470,274,Left,0.2451,0.2546
1779055035.0639,482,313,Left,0.2512,0.2899
1779055035.1001,532,305,Left,0.2775,0.2827
1779055035.1304,547,314,Left,0.2854,0.291
1779055035.1611,557,360,Left,0.2903,0.334
1779055035.2022,599,371,Left,0.3123,0.3439
1779055035.3386,584,359,Left,0.3044,0.3325
1779055035.373,550,323,Left,0.2869,0.2998
1779055035.4009,509,344,Left,0.2652,0.3188
1779055035.4349,522,332,Left,0.2721,0.3081
1779055035.4793,481,300,Left,0.2508,0.2779
1779055035.5077,454,341,Left,0.2366,0.3165
1779055035.5485,470,412,Left,0.245,0.3817
1779055035.5937,504,407,Left,0.2627,0.3772
1779055035.6395,501,381,Left,0.2612,0.353
1779055035.6764,507,403,Left,0.2645,0.3738
1779055035.7093,528,372,Left,0.2753,0.3447
1779055035.7514,522,362,Left,0.272,0.3353
1779055035.785,519,354,Left,0.2708,0.3281
1779055035.8177,524,398,Left,0.2733,0.3688
1779055035.8608,532,410,Left,0.2771,0.3799
1779055035.9892,510,438,Left,0.2659,0.4059
1779055036.0232,516,424,Left,0.2692,0.3927
1779055036.0516,507,420,Left,0.2644,0.389
1779055036.084,498,374,Left,0.2596,0.3471
1779055036.1151,482,374,Left,0.2511,0.3472
1779055036.143,488,334,Left,0.2546,0.3097
1779055036.1731,521,312,Left,0.2717,0.2896
1779055036.2008,526,287,Left,0.2744,0.2659
1779055036.2223,521,287,Left,0.2717,0.2662
1779055036.2635,519,234,Left,0.2708,0.2176
1779055036.2952,529,274,Left,0.2755,0.2543
1779055036.3296,475,301,Left,0.2477,0.2787
1779055036.3576,462,327,Left,0.2409,0.3035
1779055036.386,436,357,Left,0.2275,0.3314
1779055036.4056,359,379,Left,0.1872,0.3515
1779055036.5362,266,319,Left,0.1388,0.296
1779055036.5662,274,283,Left,0.1432,0.2628
1779055036.6136,267,317,Left,0.1396,0.2936
1779055036.6455,256,339,Left,0.1338,0.3144
1779055036.6733,362,337,Left,0.1889,0.3127
1779055036.7031,362,373,Left,0.1889,0.3454
1779055036.7382,308,389,Left,0.1605,0.3606
1779055036.7693,606,280,Left,0.3157,0.2599
1779055036.8326,641,182,Left,0.334,0.169
1779055036.8654,520,206,Left,0.2711,0.191
1779055036.8973,559,198,Left,0.2914,0.184
1779055036.9295,638,215,Left,0.3328,0.1999
1779055036.9616,369,291,Left,0.1925,0.2702
1779055036.9929,380,314,Left,0.1982,0.2916
1779055037.1427,473,260,Left,0.2466,0.2413
1779055037.173,541,207,Left,0.2821,0.1922
1779055037.2086,524,250,Left,0.2732,0.232
1779055037.2392,496,204,Left,0.2584,0.189
1779055037.2664,502,266,Left,0.2618,0.2471
1779055037.2975,529,254,Left,0.2756,0.2361
1779055037.3318,533,275,Left,0.2777,0.2548
1779055037.372,532,209,Left,0.2775,0.1942
1779055037.4096,531,241,Left,0.2766,0.2233
1779055037.4401,535,163,Left,0.2787,0.1514
1779055037.4742,520,197,Left,0.2712,0.1832
1779055037.4939,507,224,Left,0.2643,0.2075
1779055037.5255,495,247,Left,0.2579,0.2291
1779055037.5548,512,275,Left,0.2668,0.2555
1779055037.5846,473,362,Left,0.2466,0.3361
1779055037.6979,468,365,Left,0.2439,0.3381
1779055037.7315,475,381,Left,0.2479,0.3529
1779055037.7546,487,346,Left,0.254,0.3206
1779055037.7817,457,293,Left,0.2382,0.2722
1779055037.8126,445,217,Left,0.2318,0.201
1779055037.8428,413,224,Left,0.2151,0.2083
1779055037.8682,347,241,Left,0.181,0.2234
1779055037.8975,329,197,Left,0.1715,0.1827
1779055037.9279,302,217,Left,0.1577,0.201
1779055038.0051,279,220,Left,0.1454,0.2043
1779055038.028,256,245,Left,0.1338,0.227
1779055038.0509,305,216,Left,0.159,0.2002
1779055038.0757,290,260,Left,0.1513,0.2415
1779055038.0999,321,226,Left,0.1675,0.2101
1779055038.1318,352,207,Left,0.1838,0.1922
1779055038.2439,400,153,Left,0.2086,0.1424
1779055038.2766,414,158,Left,0.2158,0.1467
1779055038.304,428,113,Left,0.2233,0.1055
1779055038.3403,400,90,Left,0.2087,0.0842
1779055038.3714,401,156,Left,0.209,0.1451
1779055038.4024,388,130,Left,0.2024,0.1206
1779055038.4482,400,70,Left,0.2086,0.0652
1779055038.4758,414,75,Left,0.2157,0.0703
1779055038.5084,440,75,Left,0.2292,0.0703
1779055038.5395,429,7,Left,0.2237,0.007
1779055038.5695,416,93,Left,0.2167,0.0864
1779055038.6008,390,171,Left,0.2035,0.1592
1779055038.6317,377,238,Left,0.1966,0.2207
1779055038.6625,394,301,Left,0.2057,0.2795
1779055038.6937,428,361,Left,0.2231,0.3343
1779055038.8055,458,330,Left,0.2386,0.3058
1779055038.8434,462,306,Left,0.2411,0.2839
1779055038.8716,468,299,Left,0.2438,0.277
1779055038.9056,476,235,Left,0.2481,0.2182
1779055038.9362,500,176,Left,0.2606,0.1633
1779055038.9642,515,119,Left,0.2683,0.1106
1779055038.9909,542,64,Left,0.2825,0.0596
1779055039.0186,559,21,Left,0.2914,0.0202
1779055039.0503,571,21,Left,0.2974,0.0202
1779055039.0795,570,21,Left,0.297,0.0202
1779055039.1108,589,27,Left,0.3069,0.0257
1779055039.1416,586,44,Left,0.3057,0.0416
1779055039.1717,604,60,Left,0.315,0.0561
1779055039.2049,619,123,Left,0.3225,0.1148
1779055039.2393,629,123,Left,0.3279,0.1148
1779055039.3848,622,179,Left,0.3244,0.1658
1779055039.4119,635,161,Left,0.331,0.1499
1779055039.4433,637,124,Left,0.3322,0.1152
1779055039.4787,636,72,Left,0.3313,0.0676
1779055039.5096,623,89,Left,0.3247,0.0824
1779055039.5352,609,153,Left,0.3174,0.1425
1779055039.5654,599,234,Left,0.312,0.2173
1779055039.6056,592,341,Left,0.3085,0.3161
1779055039.6294,572,354,Left,0.2981,0.3281
1779055039.6594,571,352,Left,0.2979,0.3267
1779055039.6874,573,230,Left,0.2987,0.2131
1779055039.7164,548,158,Left,0.2857,0.1468
1779055039.7348,523,187,Left,0.2726,0.1735
1779055039.7661,514,168,Left,0.2679,0.1563
1779055039.7972,502,285,Left,0.2617,0.2646
1779055039.9437,487,310,Left,0.2538,0.2874
1779055039.9781,467,301,Left,0.2436,0.279
1779055040.0111,485,188,Left,0.2527,0.1749
1779055040.0427,507,182,Left,0.2641,0.1689
1779055040.072,514,50,Left,0.2679,0.0472
1779055040.0998,538,65,Left,0.2803,0.0607
1779055040.1327,582,134,Left,0.3032,0.1241
1779055040.1613,582,197,Left,0.3036,0.1827
1779055040.1913,594,200,Left,0.3094,0.1854
1779055040.2192,591,217,Left,0.3081,0.2015
1779055040.2523,583,237,Left,0.3038,0.2201
1779055040.2804,572,235,Left,0.2981,0.2178
1779055040.353,565,212,Left,0.2948,0.1969
1779055040.385,496,281,Left,0.2588,0.2605
1779055040.4202,449,347,Left,0.2341,0.3215
1779055040.5362,410,284,Left,0.2138,0.2637
1779055040.5765,388,218,Left,0.2023,0.2026
1779055040.6144,378,210,Left,0.1969,0.1946
1779055040.6469,430,139,Left,0.2242,0.1292
1779055040.6782,436,65,Left,0.2276,0.061
1779055040.704,436,74,Left,0.2272,0.0688
1779055040.7453,451,98,Left,0.2351,0.0914
1779055040.7792,440,43,Left,0.2297,0.0402
1779055040.811,426,97,Left,0.222,0.0901
1779055040.8406,446,144,Left,0.2327,0.134
1779055040.8752,468,264,Left,0.2439,0.2445
1779055040.9028,444,294,Left,0.2314,0.2728
1779055040.9334,433,294,Left,0.2257,0.2728
1779055040.9657,408,249,Left,0.2126,0.2313
1779055041.0094,428,243,Left,0.2232,0.2255
1779055041.1265,411,139,Left,0.2143,0.1294
1779055041.1585,452,108,Left,0.2358,0.1
1779055041.1903,488,112,Left,0.2546,0.1042
1779055041.2183,510,139,Left,0.266,0.129
1779055041.2508,493,108,Left,0.2569,0.1009
1779055041.2795,515,108,Left,0.2686,0.1008
1779055041.3113,518,121,Left,0.2702,0.1124
1779055041.3427,516,158,Left,0.2692,0.1466
1779055041.3718,549,121,Left,0.2863,0.1127
1779055041.4015,550,101,Left,0.2865,0.0937
1779055041.4319,563,77,Left,0.2933,0.0716
1779055041.463,548,41,Left,0.2859,0.0384
1779055041.4936,545,47,Left,0.2842,0.0443
1779055041.5265,521,47,Left,0.2715,0.0443
1779055041.556,534,47,Left,0.2785,0.0443
1779055041.6862,519,81,Left,0.2708,0.0753
1779055041.7191,514,181,Left,0.2678,0.1682
1779055041.7515,532,234,Left,0.2775,0.2168
1779055041.7802,563,376,Left,0.2933,0.3486
1779055041.8111,614,401,Left,0.3201,0.372
1779055041.8427,658,476,Left,0.3431,0.4412
1779055041.8704,721,390,Left,0.376,0.3617
1779055041.899,705,470,Left,0.3676,0.4356
1779055041.9308,736,522,Left,0.3837,0.4841
1779055041.9601,736,522,Left,0.3837,0.4841
1779055041.9902,736,522,Left,0.3837,0.4841
1779055042.0523,717,563,Left,0.3739,0.5214
1779055042.0822,691,606,Left,0.3601,0.5618
1779055042.1121,665,649,Left,0.3464,0.6015
1779055042.2302,688,536,Left,0.3586,0.497
1779055042.2593,601,470,Left,0.3131,0.4357
1779055042.2984,559,427,Left,0.2916,0.396
1779055042.3362,547,391,Left,0.285,0.3624
1779055042.3661,518,370,Left,0.27,0.3432
1779055042.3942,484,303,Left,0.2522,0.2809
1779055042.4257,486,174,Left,0.2533,0.1618
1779055042.4541,482,180,Left,0.2514,0.167
1779055042.5164,475,150,Left,0.2475,0.1394
1779055042.5467,436,227,Left,0.2276,0.2111
1779055042.6116,460,302,Left,0.2397,0.2797
1779055042.6445,469,366,Left,0.2443,0.339
1779055042.6763,451,497,Left,0.2353,0.4603
1779055042.8041,417,623,Left,0.2173,0.5776
1779055042.8361,430,693,Left,0.2243,0.6417
1779055042.8678,410,829,Left,0.214,0.7682
1779055042.8989,434,941,Left,0.2264,0.8717
1779055042.9298,462,960,Left,0.2408,0.8889
1779055042.957,484,885,Left,0.2522,0.82
1779055042.9859,495,864,Left,0.2582,0.8009
1779055043.0158,495,864,Left,0.2582,0.8009
1779055043.0466,495,864,Left,0.2582,0.8009
1779055043.0778,552,669,Left,0.2879,0.6203
1779055043.11,610,495,Left,0.3177,0.4589
1779055043.1425,658,386,Left,0.3429,0.3576
1779055043.1695,713,292,Left,0.3715,0.2713
1779055043.2033,712,230,Left,0.371,0.2132
1779055043.2363,677,214,Left,0.3531,0.1987
1779055043.3676,635,213,Left,0.3307,0.1974
1779055043.3925,604,144,Left,0.3151,0.134
1779055043.4266,570,99,Left,0.297,0.0924
1779055043.4594,577,80,Left,0.3006,0.0747
1779055043.4862,566,149,Left,0.2949,0.1387
1779055043.51,560,188,Left,0.292,0.1741
1779055043.5435,561,225,Left,0.2923,0.2088
1779055043.5761,589,263,Left,0.3072,0.2443
1779055043.6052,607,221,Left,0.3166,0.2048
1779055043.6357,602,152,Left,0.3138,0.1408
1779055043.6685,596,201,Left,0.3109,0.1869
1779055043.6993,583,224,Left,0.3038,0.2081
1779055043.7305,569,243,Left,0.2965,0.2252
1779055043.762,578,233,Left,0.3011,0.2159
1779055043.7939,558,233,Left,0.2908,0.2159
1779055043.905,558,145,Left,0.2909,0.1345
1779055043.9386,569,94,Left,0.2968,0.088
1779055043.9713,565,64,Left,0.2948,0.0601
1779055044.0008,548,118,Left,0.2856,0.11
1779055044.0321,590,217,Left,0.3077,0.2018
1779055044.0614,611,318,Left,0.3186,0.2951
1779055044.0876,612,415,Left,0.3193,0.3848
1779055044.1142,622,390,Left,0.3243,0.3613
1779055044.1475,632,318,Left,0.3292,0.2946
1779055044.1779,638,248,Left,0.3324,0.2297
1779055044.2097,638,248,Left,0.3324,0.2297
1779055044.2439,627,245,Left,0.3269,0.2277
1779055044.2715,632,245,Left,0.3295,0.2273
1779055044.3027,647,379,Left,0.3375,0.3515
1779055044.3318,667,369,Left,0.3479,0.3423
1779055044.4492,671,346,Left,0.3497,0.3208
1779055044.4797,676,272,Left,0.3524,0.2519
1779055044.5123,684,200,Left,0.3564,0.1855
1779055044.5426,683,74,Left,0.3559,0.0686
1779055044.5721,665,74,Left,0.3466,0.0686
1779055044.6,648,68,Left,0.3376,0.0631
1779055044.6281,641,96,Left,0.3343,0.0895
1779055044.6597,625,61,Left,0.3258,0.0572
1779055044.6903,639,52,Left,0.333,0.0489
1779055044.7427,657,52,Left,0.3424,0.0489
1779055044.7713,679,52,Left,0.3537,0.0489
1779055044.8015,696,0,Left,0.3626,0.0
1779055044.8496,712,0,Left,0.3713,0.0
1779055044.8805,698,0,Left,0.3636,0.0
1779055044.9086,691,108,Left,0.3602,0.1003
1779055045.0174,679,212,Left,0.3539,0.1967
1779055045.054,694,325,Left,0.3617,0.3012
1779055045.0829,715,425,Left,0.3724,0.3938
1779055045.1435,721,526,Left,0.3757,0.4874
1779055045.1765,740,418,Left,0.3856,0.3871
1779055045.2064,760,313,Left,0.3961,0.2907
1779055045.2383,760,256,Left,0.396,0.2376
1779055045.2685,743,276,Left,0.3873,0.2558
1779055045.3057,743,276,Left,0.3873,0.2558
1779055045.3318,723,212,Left,0.3767,0.1972
1779055045.3637,665,242,Left,0.3464,0.2248
1779055045.3952,600,345,Left,0.3126,0.3202
1779055045.4267,508,381,Left,0.2649,0.3533
1779055045.4754,447,408,Left,0.2333,0.3787
1779055045.5086,445,371,Left,0.232,0.3437
1779055045.6245,456,341,Left,0.2379,0.3162
1779055045.6612,470,245,Left,0.2453,0.2271
1779055045.6926,503,153,Left,0.2624,0.1425
1779055045.7241,558,6,Left,0.2911,0.0063
1779055045.7544,536,50,Left,0.2793,0.0471
1779055045.7807,556,96,Left,0.29,0.0893
1779055045.8096,590,192,Left,0.3075,0.1779
1779055045.8417,628,192,Left,0.3274,0.1779
1779055045.8709,648,219,Left,0.3377,0.2031
1779055045.9002,669,175,Left,0.3486,0.1623
1779055045.9328,665,140,Left,0.3464,0.1302
1779055045.9611,669,52,Left,0.3486,0.0486
1779055045.9929,642,52,Left,0.3345,0.0486
1779055046.0254,617,25,Left,0.3217,0.0233
1779055046.0545,639,86,Left,0.3329,0.0801
1779055046.1731,658,107,Left,0.3431,0.0995
1779055046.204,658,107,Left,0.3431,0.0995
1779055046.2383,651,132,Left,0.3392,0.1227
1779055046.2792,671,166,Left,0.3498,0.1539
1779055046.3123,689,228,Left,0.3591,0.2114
1779055046.3418,663,167,Left,0.3454,0.1546
1779055046.3731,663,167,Left,0.3454,0.1546
1779055046.402,663,167,Left,0.3454,0.1546
1779055046.4367,663,167,Left,0.3454,0.1546
1779055046.4644,637,199,Left,0.3322,0.1848
1779055046.4945,625,160,Left,0.3259,0.1483
1779055046.5259,621,166,Left,0.3238,0.1538
1779055046.5585,595,104,Left,0.3103,0.0964
1779055046.5856,580,104,Left,0.3022,0.0964
1779055046.6173,560,39,Left,0.2921,0.0367
1779055046.7376,542,39,Left,0.2824,0.0367
1779055046.7706,542,39,Left,0.2824,0.0367
1779055046.7999,536,0,Left,0.2793,0.0
1779055046.8293,505,0,Left,0.2631,0.0
1779055046.8621,499,0,Left,0.26,0.0
1779055046.8896,472,32,Left,0.2463,0.0304
1779055046.9173,468,71,Left,0.2441,0.0658
1779055046.9501,455,106,Left,0.2372,0.0989
1779055046.9816,485,157,Left,0.2529,0.1462
1779055047.0115,510,202,Left,0.2661,0.188
1779055047.0429,568,213,Left,0.296,0.1975
1779055047.0752,588,231,Left,0.3065,0.2141
1779055047.1373,613,195,Left,0.3194,0.181
1779055047.1722,613,195,Left,0.3194,0.181
1779055047.202,607,152,Left,0.3166,0.1416
1779055047.3125,618,116,Left,0.3223,0.108
1779055047.3419,611,73,Left,0.3187,0.0681
1779055047.3757,637,17,Left,0.3321,0.0161
1779055047.4062,629,17,Left,0.3278,0.0161
1779055047.4401,637,77,Left,0.3322,0.0722
1779055047.4661,632,132,Left,0.3296,0.1228
1779055047.4938,635,193,Left,0.331,0.1794
1779055047.5255,615,249,Left,0.3205,0.2311
1779055047.5585,614,306,Left,0.3201,0.2842
1779055047.5862,608,237,Left,0.3167,0.2202
1779055047.6135,641,174,Left,0.334,0.1614
1779055047.6474,676,180,Left,0.3523,0.1676
1779055047.6781,684,180,Left,0.3566,0.1671
1779055047.7084,695,213,Left,0.3624,0.1979
1779055047.7424,712,299,Left,0.3711,0.2769
1779055047.854,656,303,Left,0.3419,0.2811
1779055047.8894,588,235,Left,0.3066,0.2184
1779055047.9185,552,180,Left,0.2878,0.1671
1779055047.9474,515,97,Left,0.2683,0.09
1779055047.9803,485,40,Left,0.2529,0.0375
1779055048.0115,488,35,Left,0.2544,0.0333
1779055048.0396,514,35,Left,0.2682,0.0333
1779055048.0696,528,35,Left,0.2754,0.0333
1779055048.1015,570,28,Left,0.2971,0.0265
1779055048.1327,572,0,Left,0.2984,0.0
1779055048.166,580,0,Left,0.3024,0.0
1779055048.1947,583,17,Left,0.304,0.0158
1779055048.2267,613,49,Left,0.3195,0.0454
1779055048.2573,635,81,Left,0.3312,0.0756
1779055048.2906,735,81,Left,0.383,0.0756
1779055048.4137,809,96,Center,0.4216,0.0889
1779055048.4622,918,86,Center,0.4783,0.0802
1779055048.4879,1028,71,Center,0.5357,0.066
1779055048.543,1116,92,Center,0.5815,0.086
1779055048.5632,1133,157,Center,0.5904,0.1454
1779055048.5937,1172,229,Right,0.6105,0.2124
1779055048.6252,1175,275,Right,0.6121,0.2554
1779055048.6533,1143,322,Center,0.5958,0.2983
1779055048.6889,1123,335,Center,0.5853,0.3106
1779055048.7195,1122,333,Center,0.5846,0.309
1779055048.7539,1120,328,Center,0.5837,0.3043
1779055048.7876,1081,356,Center,0.5635,0.3297
1779055048.8166,1084,353,Center,0.5646,0.3272
1779055048.8498,1084,386,Center,0.5649,0.3579
1779055048.8824,1084,405,Center,0.5649,0.3753
1779055049.0185,1065,385,Center,0.5548,0.3569
1779055049.0473,1068,381,Center,0.5565,0.3529
1779055049.0818,1015,320,Center,0.5289,0.2971
1779055049.146,1015,320,Center,0.5289,0.2971
1779055049.1733,962,220,Center,0.5014,0.2039
1779055049.2052,917,138,Center,0.4781,0.1287
1779055049.2358,901,146,Center,0.4696,0.1353
1779055049.2674,902,113,Center,0.4703,0.1052
1779055049.2973,926,156,Center,0.4825,0.1453
1779055049.3451,950,217,Center,0.4952,0.2017
1779055049.3707,961,277,Center,0.5007,0.2568
1779055049.4,955,267,Center,0.4975,0.248
1779055049.4315,948,283,Center,0.4941,0.2626
1779055049.4612,962,294,Center,0.5015,0.2723
1779055049.5031,957,303,Center,0.4985,0.281
1779055049.6336,975,300,Center,0.5081,0.278
1779055049.6751,975,318,Center,0.5081,0.2949
1779055049.7099,975,334,Center,0.5079,0.3098
1779055049.7466,973,340,Center,0.507,0.3155
1779055049.7755,972,323,Center,0.5064,0.2992
1779055049.8015,958,346,Center,0.4993,0.3206
1779055049.8303,974,337,Center,0.5073,0.313
1779055049.8633,981,326,Center,0.5111,0.3026
1779055049.8924,955,330,Center,0.4975,0.3056
1779055049.9239,946,328,Center,0.4927,0.3037
1779055049.9701,916,248,Center,0.4772,0.2302
1779055050.0,916,248,Center,0.4772,0.2302
1779055050.0303,916,248,Center,0.4772,0.2302
1779055050.1583,916,248,Center,0.4772,0.2302
1779055050.1831,916,248,Center,0.4772,0.2302
1779055050.3177,916,248,Center,0.4772,0.2302
1779055050.3499,916,248,Center,0.4772,0.2302
1779055050.3753,805,179,Center,0.4197,0.1659
1779055050.4144,659,113,Left,0.3435,0.1054
1779055050.4436,560,50,Left,0.2921,0.0469
1779055050.4713,455,6,Left,0.2371,0.0059
1779055050.5008,359,51,Left,0.1873,0.0473
1779055050.5316,344,51,Left,0.1795,0.0473
1779055050.5739,349,51,Left,0.1819,0.0473
1779055050.6172,339,51,Left,0.1767,0.0473
1779055050.6421,354,67,Left,0.1847,0.0628
1779055050.6696,342,23,Left,0.1784,0.0214
1779055050.7,283,23,Left,0.1478,0.0214
1779055050.7306,281,23,Left,0.1468,0.0214
1779055050.7612,246,94,Left,0.1282,0.0875
1779055050.8951,189,152,Left,0.0987,0.1413
1779055050.9302,194,281,Left,0.1015,0.2607
1779055050.9584,252,386,Left,0.1313,0.3575
1779055050.9867,234,489,Left,0.1223,0.4531
1779055051.0217,208,527,Left,0.1088,0.4888
1779055051.0621,198,556,Left,0.1034,0.5152
1779055051.0917,148,533,Left,0.0774,0.4944
1779055051.1247,109,523,Left,0.0568,0.4845
1779055051.1495,111,508,Left,0.0578,0.4707
1779055051.1929,111,457,Left,0.0581,0.4239
1779055051.2308,125,398,Left,0.0653,0.3693
1779055051.2596,155,395,Left,0.0808,0.3658
1779055051.2907,222,355,Left,0.1159,0.3288
1779055051.3214,245,340,Left,0.1281,0.3153
1779055051.3438,301,303,Left,0.1572,0.2806
1779055051.4684,327,286,Left,0.1707,0.2656
1779055051.502,352,204,Left,0.1839,0.1893
1779055051.5286,324,171,Left,0.1693,0.1591
1779055051.5738,316,98,Left,0.165,0.0908
1779055051.6072,346,93,Left,0.1805,0.0861
1779055051.6334,380,93,Left,0.1981,0.0863
1779055051.6644,405,155,Left,0.2114,0.1444
1779055051.6953,413,185,Left,0.2152,0.1718
1779055051.7392,414,224,Left,0.2157,0.2083
1779055051.7846,405,240,Left,0.2111,0.2228
1779055051.8184,346,300,Left,0.1804,0.2781
1779055051.8385,320,282,Left,0.167,0.2616
1779055051.8698,276,246,Left,0.1441,0.2283
1779055051.8965,219,279,Left,0.1141,0.2587
1779055051.9324,139,252,Left,0.0726,0.234
1779055052.06,100,162,Left,0.0523,0.1504
1779055052.1162,36,138,Left,0.0191,0.1285
1779055052.1847,5,209,Left,0.0027,0.1936
1779055052.2437,4,274,Left,0.0022,0.2546
1779055052.304,0,306,Left,0.0,0.2841
1779055052.3661,0,359,Left,0.0,0.3328
1779055052.3931,0,344,Left,0.0,0.3188
1779055052.4254,0,307,Left,0.0,0.2851
1779055052.4877,0,243,Left,0.0,0.2256
1779055052.616,0,228,Left,0.0,0.2114
1779055052.6644,0,336,Left,0.0,0.3113
1779055052.6987,0,373,Left,0.0,0.3458
1779055052.7295,0,447,Left,0.0,0.4147
1779055052.7614,0,489,Left,0.0,0.453
1779055053.0792,0,504,Left,0.0,0.4672
1779055053.2377,0,426,Left,0.0,0.3947
1779055053.3015,0,489,Left,0.0,0.4534
1779055053.3331,0,456,Left,0.0,0.4226
1779055053.3572,0,441,Left,0.0,0.4085
1779055053.3892,0,502,Left,0.0,0.465
1779055053.4195,0,540,Left,0.0,0.5004
1779055053.4468,0,512,Left,0.0,0.4744
1779055053.4779,0,525,Left,0.0,0.4866
1779055053.5093,0,535,Left,0.0,0.4956
1779055053.5428,0,542,Left,0.0,0.5024
1779055053.5719,0,497,Left,0.0,0.4604
1779055053.6041,31,457,Left,0.0162,0.4232
1779055053.6358,97,423,Left,0.0505,0.3926
1779055053.7654,142,410,Left,0.0743,0.3802
1779055053.7924,221,309,Left,0.1152,0.2869
1779055053.8253,296,242,Left,0.1545,0.2246
1779055053.8599,343,246,Left,0.1789,0.2283
1779055053.9021,308,242,Left,0.1608,0.2242
1779055053.9281,300,204,Left,0.1566,0.189
1779055053.9612,251,246,Left,0.1312,0.2279
1779055053.9914,217,293,Left,0.1132,0.2719
1779055054.0196,194,272,Left,0.1014,0.2523
1779055054.0435,203,270,Left,0.1058,0.2502
1779055054.0703,219,294,Left,0.1142,0.2723
1779055054.0974,207,279,Left,0.1079,0.2592
1779055054.1317,201,282,Left,0.1048,0.262
1779055054.1612,207,327,Left,0.1079,0.3031
1779055054.1954,226,352,Left,0.1178,0.3264
1779055054.3176,228,391,Left,0.1191,0.3625
1779055054.346,263,436,Left,0.1374,0.4039
1779055054.3797,276,446,Left,0.1439,0.413
1779055054.414,276,461,Left,0.1441,0.4273
1779055054.4437,272,478,Left,0.1418,0.4435
1779055054.473,242,466,Left,0.1262,0.4323
1779055054.5042,232,504,Left,0.1213,0.4671
1779055054.5345,221,522,Left,0.1154,0.4835
1779055054.5635,209,516,Left,0.1089,0.4785
1779055054.5953,210,496,Left,0.1097,0.4593
1779055054.6266,250,497,Left,0.1305,0.4606
1779055054.6595,237,479,Left,0.1239,0.4435
1779055054.6918,255,501,Left,0.133,0.4642
1779055054.7216,267,496,Left,0.1395,0.4602
1779055054.7502,277,500,Left,0.1447,0.4636
1779055054.8664,282,472,Left,0.1471,0.4375
1779055054.8974,328,460,Left,0.1712,0.4266
1779055054.9293,346,448,Left,0.1802,0.415
1779055054.9555,362,430,Left,0.1886,0.3987
1779055054.9884,351,432,Left,0.1832,0.4
1779055055.0193,320,442,Left,0.1669,0.4101
1779055055.0473,319,454,Left,0.1666,0.4206
1779055055.0766,316,448,Left,0.1647,0.4152
1779055055.112,290,439,Left,0.1512,0.4068
1779055055.1434,251,462,Left,0.1308,0.4284
1779055055.1742,231,464,Left,0.1204,0.4298
1779055055.205,154,452,Left,0.0806,0.4193
1779055055.2335,87,446,Left,0.0456,0.4133
1779055055.2663,35,468,Left,0.0186,0.4341
1779055055.2965,19,419,Left,0.0102,0.388
1779055055.41,0,420,Left,0.0,0.3892
1779055055.4434,0,463,Left,0.0,0.4287
1779055055.4716,0,463,Left,0.0,0.429
1779055055.5031,0,463,Left,0.0,0.4292
1779055055.5379,0,485,Left,0.0,0.4491
1779055055.5631,0,527,Left,0.0,0.488
1779055055.5895,25,398,Left,0.0133,0.3694
1779055055.6207,120,311,Left,0.0628,0.2883
1779055055.6516,188,223,Left,0.0983,0.2069
1779055055.6818,290,138,Left,0.1512,0.1278
1779055055.7142,408,106,Left,0.2127,0.0983
1779055055.7476,489,171,Left,0.2549,0.1584
1779055055.7812,480,231,Left,0.2501,0.2139
1779055055.8096,468,367,Left,0.2439,0.3405
1779055055.8437,427,495,Left,0.2229,0.459
1779055055.986,346,515,Left,0.1802,0.4771
1779055056.0142,297,553,Left,0.1548,0.5121
1779055056.0477,313,553,Left,0.1632,0.512
1779055056.0749,318,472,Left,0.166,0.4374
1779055056.1071,311,419,Left,0.1623,0.3888
1779055056.1351,344,294,Left,0.1793,0.2724
1779055056.1642,343,191,Left,0.1787,0.1774
1779055056.1938,343,191,Left,0.1787,0.1774
1779055056.2257,353,131,Left,0.1843,0.1219
1779055056.2577,352,75,Left,0.1837,0.0699
1779055056.2877,377,0,Left,0.1966,0.0
1779055056.3165,347,29,Left,0.1811,0.0275
1779055056.3474,343,80,Left,0.1788,0.0741
1779055056.3794,279,85,Left,0.1453,0.0787
1779055056.409,292,85,Left,0.1524,0.0787
1779055056.6833,356,85,Left,0.1855,0.0787
1779055056.7402,489,147,Left,0.255,0.1365
1779055056.771,683,170,Left,0.356,0.1577
1779055056.8335,793,188,Center,0.4131,0.1746
1779055056.8631,936,188,Center,0.4876,0.1746
1779055056.8845,1033,224,Center,0.5385,0.2079
1779055056.9091,1128,172,Center,0.5877,0.16
1779055057.0046,1092,99,Center,0.5692,0.0923
1779055057.5359,1151,135,Center,0.6,0.1251
1779055057.5684,1318,135,Right,0.6867,0.1251
1779055057.6,1462,99,Right,0.7617,0.0918
1779055057.6315,1579,58,Right,0.8226,0.0543
1779055057.8637,1497,78,Right,0.78,0.073
1779055057.8952,1374,20,Right,0.7158,0.0187
1779055057.9436,1123,27,Center,0.5854,0.0255
1779055057.9758,847,27,Center,0.4412,0.0255
1779055058.0049,539,81,Left,0.2811,0.0756
1779055058.0338,487,61,Left,0.2538,0.0569
1779055058.0705,496,61,Left,0.2583,0.0569
1779055058.1045,429,145,Left,0.2236,0.1347
1779055058.1351,356,153,Left,0.1859,0.1418
1779055058.1657,357,101,Left,0.186,0.0939
1779055058.1953,373,187,Left,0.1944,0.1734
1779055058.2266,315,220,Left,0.1645,0.204
1779055058.2595,315,196,Left,0.1645,0.1819
1779055058.3107,338,301,Left,0.1761,0.2791
1779055058.4465,320,374,Left,0.1669,0.3468
1779055058.4759,265,307,Left,0.1382,0.285
1779055058.5049,265,358,Left,0.1382,0.3323
1779055058.5393,208,403,Left,0.1086,0.3735
1779055058.5719,218,423,Left,0.1138,0.3921
1779055058.5954,240,368,Left,0.1253,0.3408
1779055058.6281,264,405,Left,0.1378,0.3753
1779055058.6616,286,423,Left,0.1493,0.3918
1779055058.69,336,418,Left,0.1754,0.3875
1779055058.721,357,369,Left,0.1864,0.3424
1779055058.7534,370,409,Left,0.1931,0.3789
1779055058.7854,386,374,Left,0.2013,0.3471
1779055058.8174,405,273,Left,0.2113,0.2528
1779055058.8501,466,165,Left,0.2428,0.1533
1779055058.8814,499,150,Left,0.2599,0.139
1779055059.0031,533,131,Left,0.2779,0.1221
1779055059.0345,558,157,Left,0.2907,0.1461
1779055059.0653,613,182,Left,0.3198,0.1692
1779055059.096,627,182,Left,0.3266,0.1692
1779055059.1426,607,142,Left,0.3163,0.1324
1779055059.1693,590,115,Left,0.3075,0.1069
1779055059.1974,603,107,Left,0.3142,0.0996
1779055059.2304,524,131,Left,0.2731,0.1218
1779055059.2498,481,131,Left,0.2507,0.1218
1779055059.2766,455,170,Left,0.2371,0.1581
1779055059.3093,430,196,Left,0.2245,0.1816
1779055059.3376,382,230,Left,0.1991,0.2138
1779055059.3706,426,258,Left,0.2223,0.2394
1779055059.3972,464,339,Left,0.2417,0.3147
1779055059.4291,469,359,Left,0.2445,0.3329
1779055059.5428,464,322,Left,0.2422,0.2983
1779055059.5856,493,277,Left,0.2571,0.2569
1779055059.6214,488,280,Left,0.2543,0.2593
1779055059.6514,478,254,Left,0.2491,0.2356
1779055059.6825,505,200,Left,0.2631,0.1856
1779055059.7245,541,205,Left,0.2822,0.1903
1779055059.7465,560,254,Left,0.292,0.2354
1779055059.7781,536,249,Left,0.2796,0.2311
1779055059.8073,502,264,Left,0.2615,0.245
1779055059.8349,454,287,Left,0.2369,0.2664
1779055059.8667,385,328,Left,0.2008,0.3041
1779055059.905,337,316,Left,0.1757,0.2927
1779055059.9453,352,285,Left,0.1837,0.2645
1779055059.9859,355,215,Left,0.185,0.1994
1779055060.0086,364,298,Left,0.1899,0.2759
1779055060.1363,404,373,Left,0.2107,0.3462
1779055060.1663,406,316,Left,0.2116,0.2927
1779055060.1998,390,377,Left,0.2032,0.3491
1779055060.2452,379,489,Left,0.1976,0.4536
1779055060.2772,377,468,Left,0.1966,0.434
1779055060.3049,353,345,Left,0.184,0.3199
1779055060.3415,360,336,Left,0.188,0.3117
1779055060.373,374,296,Left,0.195,0.2745
1779055060.4024,389,258,Left,0.2027,0.2394
1779055060.4384,402,229,Left,0.2097,0.2127
1779055060.4664,420,270,Left,0.2191,0.2504
1779055060.5001,429,370,Left,0.2234,0.343
1779055060.5348,419,395,Left,0.2183,0.3661
1779055060.5654,403,402,Left,0.2103,0.3724
1779055060.5928,432,386,Left,0.225,0.3582
1779055060.7216,461,346,Left,0.2406,0.3205
1779055060.7545,462,246,Left,0.2409,0.2279
1779055060.7862,494,156,Left,0.2574,0.1448
1779055060.8272,498,78,Left,0.2594,0.0728
1779055060.8645,474,72,Left,0.2469,0.0672
1779055060.8901,445,168,Left,0.2321,0.1556
1779055060.9223,429,268,Left,0.2235,0.2482
1779055060.9514,383,357,Left,0.1997,0.331
1779055060.9828,378,423,Left,0.1972,0.3921
1779055061.0175,366,383,Left,0.1908,0.3553
1779055061.0516,354,316,Left,0.1847,0.2927
1779055061.076,377,216,Left,0.1964,0.2004
1779055061.1082,396,132,Left,0.2064,0.1231
1779055061.1402,398,70,Left,0.2078,0.0651
1779055061.1764,389,75,Left,0.2028,0.0697
1779055061.3,376,81,Left,0.1962,0.0754
1779055061.3293,339,142,Left,0.1767,0.1316
1779055061.3643,308,202,Left,0.1609,0.1872
1779055061.3894,288,257,Left,0.1501,0.2382
1779055061.4232,279,286,Left,0.1454,0.2655
1779055061.45,290,323,Left,0.1513,0.2996
1779055061.4839,294,334,Left,0.1534,0.3098
1779055061.5115,295,339,Left,0.1536,0.3141
1779055061.5475,297,311,Left,0.1549,0.2884
1779055061.5772,313,275,Left,0.1631,0.2553
1779055061.6152,316,204,Left,0.1649,0.1897
1779055061.6382,343,132,Left,0.1788,0.1229
1779055061.6734,373,62,Left,0.1947,0.0575
1779055061.705,402,38,Left,0.2098,0.0355
1779055061.7358,387,29,Left,0.2019,0.0277
1779055061.8554,351,121,Left,0.1829,0.1124
1779055061.89,354,206,Left,0.1848,0.1912
1779055061.9235,353,282,Left,0.1841,0.2615
1779055061.9498,349,326,Left,0.1818,0.3021
1779055061.9817,373,307,Left,0.1944,0.2849
1779055062.0127,410,216,Left,0.214,0.2002
1779055062.0427,402,227,Left,0.2097,0.2104
1779055062.0731,396,248,Left,0.2068,0.23
1779055062.1029,388,283,Left,0.2023,0.2629
1779055062.1454,380,369,Left,0.1984,0.3417
1779055062.1758,390,456,Left,0.2032,0.4226
1779055062.1975,388,445,Left,0.2025,0.4123
1779055062.2269,380,433,Left,0.1982,0.4015
1779055062.261,375,415,Left,0.1956,0.3849
1779055062.2895,367,405,Left,0.1914,0.375
1779055062.4033,378,388,Left,0.197,0.3597
1779055062.4363,393,372,Left,0.2047,0.3445
1779055062.4721,409,342,Left,0.2133,0.3174
1779055062.5001,423,322,Left,0.2203,0.2983
1779055062.5294,427,311,Left,0.2225,0.2885
1779055062.5598,443,306,Left,0.231,0.2838
1779055062.5818,447,301,Left,0.2328,0.2794
1779055062.605,439,318,Left,0.2289,0.2945
1779055062.6336,434,350,Left,0.2264,0.3241
1779055062.6652,418,302,Left,0.2181,0.2797
1779055062.6953,404,251,Left,0.2109,0.2329
1779055062.7262,401,217,Left,0.2092,0.2014
1779055062.7565,404,175,Left,0.2109,0.1621
1779055062.7917,385,120,Left,0.2009,0.1118
1779055062.8124,389,133,Left,0.2031,0.1236
1779055062.9346,356,148,Left,0.1857,0.1378
1779055062.9652,345,186,Left,0.1798,0.1726
1779055062.9974,337,240,Left,0.1758,0.2225
1779055063.0352,344,294,Left,0.1796,0.2725
1779055063.0631,360,358,Left,0.1878,0.3317
1779055063.0927,354,425,Left,0.1848,0.3942
1779055063.1242,341,384,Left,0.1777,0.356
1779055063.1521,315,336,Left,0.1642,0.3113
1779055063.1827,348,286,Left,0.1818,0.265
1779055063.2159,367,229,Left,0.1916,0.2121
1779055063.2472,371,175,Left,0.1934,0.1624
1779055063.278,397,203,Left,0.2072,0.1888
1779055063.3094,435,230,Left,0.227,0.2134
1779055063.3452,424,264,Left,0.2213,0.2447
1779055063.3765,410,301,Left,0.214,0.2788
1779055063.4904,422,335,Left,0.2201,0.3107
1779055063.5191,407,368,Left,0.212,0.3415
1779055063.5499,389,407,Left,0.2029,0.377
1779055063.5779,370,445,Left,0.1931,0.4121
1779055063.6046,363,480,Left,0.1895,0.4449
1779055063.6341,358,504,Left,0.1865,0.4672
1779055063.6635,346,516,Left,0.1804,0.4786
1779055063.6903,341,520,Left,0.1776,0.4818
1779055063.7214,330,458,Left,0.1722,0.4244
1779055063.7524,314,396,Left,0.164,0.3673
1779055063.7845,349,345,Left,0.1818,0.32
1779055063.8133,366,307,Left,0.1911,0.2846
1779055063.8318,378,264,Left,0.1973,0.2452
1779055063.8632,400,286,Left,0.2088,0.2649
1779055063.8946,474,316,Left,0.2471,0.2933
1779055064.0245,471,299,Left,0.2456,0.2774
1779055064.0533,486,314,Left,0.2536,0.2913
1779055064.0853,493,335,Left,0.257,0.3103
1779055064.1177,514,306,Left,0.2677,0.2835
1779055064.1475,482,268,Left,0.2515,0.2488
1779055064.1745,480,288,Left,0.25,0.2672
1779055064.2069,489,280,Left,0.2552,0.2596
1779055064.2353,510,271,Left,0.2657,0.2518
1779055064.266,485,322,Left,0.2531,0.2983
1779055064.2974,500,321,Left,0.2608,0.2981
1779055064.3267,502,321,Left,0.262,0.2981
1779055064.3485,474,320,Left,0.2471,0.2972
1779055064.3715,450,317,Left,0.2348,0.2938
1779055064.4049,459,298,Left,0.2395,0.2768
1779055064.4348,421,341,Left,0.2193,0.3162
1779055064.5514,396,365,Left,0.2064,0.3388
1779055064.5798,397,379,Left,0.2069,0.3517
1779055064.6097,389,400,Left,0.2031,0.371
1779055064.6423,377,421,Left,0.1967,0.3905
1779055064.6733,379,426,Left,0.1974,0.3948
1779055064.7092,374,429,Left,0.1949,0.398
1779055064.7388,407,440,Left,0.2123,0.4082
1779055064.7715,443,441,Left,0.2311,0.409
1779055064.7992,479,442,Left,0.2497,0.4095
1779055064.8333,508,449,Left,0.2648,0.4164
1779055064.8659,538,461,Left,0.2805,0.4274
1779055064.8938,517,409,Left,0.2697,0.3793
1779055064.9269,498,358,Left,0.2595,0.3319
1779055064.9616,478,309,Left,0.2495,0.2865
1779055064.9926,465,263,Left,0.2423,0.2435
1779055065.1107,451,217,Left,0.2352,0.2017
1779055065.1398,443,234,Left,0.2311,0.2171
1779055065.1723,431,247,Left,0.2247,0.2296
1779055065.2064,419,259,Left,0.2187,0.2406
1779055065.2353,388,262,Left,0.2021,0.2431
1779055065.2622,359,251,Left,0.1871,0.2332
1779055065.2826,332,232,Left,0.173,0.2154
1779055065.3128,341,265,Left,0.1778,0.2457
1779055065.3405,352,304,Left,0.1838,0.2818
1779055065.3683,371,348,Left,0.1933,0.323
1779055065.3994,379,404,Left,0.1978,0.3748
1779055065.432,379,458,Left,0.1978,0.4242
1779055065.461,348,468,Left,0.1817,0.4338
1779055065.4913,355,423,Left,0.185,0.3917
1779055065.5232,371,374,Left,0.1934,0.3464
1779055065.6376,399,320,Left,0.2082,0.2964
1779055065.6683,439,269,Left,0.229,0.2497
1779055065.6981,482,261,Left,0.251,0.2418
1779055065.7302,482,300,Left,0.2514,0.2784
1779055065.7632,442,340,Left,0.2304,0.315
1779055065.7969,393,389,Left,0.2049,0.3603
1779055065.9311,340,440,Left,0.1774,0.408
1779055065.9555,290,444,Left,0.151,0.4115
1779055065.9858,288,450,Left,0.1503,0.4171
1779055066.0175,316,457,Left,0.1649,0.4237
1779055066.0466,360,461,Left,0.1879,0.4276
1779055066.0806,404,460,Left,0.2106,0.4265
1779055066.1093,444,460,Left,0.2316,0.4264
1779055066.1434,437,461,Left,0.2276,0.4274
1779055066.175,442,416,Left,0.2303,0.386
1779055066.303,435,364,Left,0.2269,0.3374
1779055066.3335,429,315,Left,0.2236,0.2918
1779055066.3645,380,318,Left,0.1983,0.2947
1779055066.3953,349,261,Left,0.1823,0.2422
1779055066.425,305,309,Left,0.1589,0.2863
1779055066.4567,262,361,Left,0.1369,0.3351
1779055066.4784,246,366,Left,0.1285,0.3394
1779055066.5093,293,315,Left,0.1526,0.2922
1779055066.5336,319,333,Left,0.1663,0.3085
1779055066.5614,363,292,Left,0.1893,0.2707
1779055066.5905,402,248,Left,0.2095,0.2305
1779055066.6184,443,256,Left,0.2308,0.2375
1779055066.6498,463,265,Left,0.2413,0.2463
1779055066.6777,483,266,Left,0.2519,0.2467
1779055066.6999,503,265,Left,0.262,0.2458
1779055066.8111,541,266,Left,0.2821,0.247
1779055066.8452,534,259,Left,0.2786,0.2403
1779055066.8742,486,286,Left,0.2533,0.2648
1779055066.9042,423,264,Left,0.2205,0.2448
1779055066.9347,378,211,Left,0.1972,0.1954
1779055066.9676,307,201,Left,0.1602,0.1867
1779055066.9903,258,154,Left,0.1349,0.143
1779055067.0231,252,74,Left,0.1317,0.0688
1779055067.0555,261,42,Left,0.1364,0.0398
1779055067.0847,253,93,Left,0.132,0.0865
1779055067.1138,257,118,Left,0.1343,0.1101
1779055067.1451,258,193,Left,0.1347,0.1795
1779055067.1771,259,259,Left,0.1354,0.2406
1779055067.2064,286,344,Left,0.1493,0.3194
1779055067.2232,324,336,Left,0.1688,0.312
1779055067.3363,352,317,Left,0.1835,0.2936
1779055067.3665,375,285,Left,0.1954,0.2645
1779055067.4,400,271,Left,0.2085,0.251
1779055067.4314,413,236,Left,0.2155,0.219
1779055067.4624,384,240,Left,0.2003,0.2223
1779055067.6091,365,232,Left,0.1906,0.2153
1779055067.6303,353,233,Left,0.1844,0.2158
1779055067.6501,388,234,Left,0.2023,0.2175
1779055067.6818,409,234,Left,0.2132,0.2172
1779055067.7144,431,238,Left,0.2249,0.2204
1779055067.7454,450,246,Left,0.2347,0.2283
1779055067.7764,466,249,Left,0.2427,0.2314
1779055067.8073,433,252,Left,0.226,0.2337
1779055067.8424,406,245,Left,0.2115,0.2274
1779055067.8741,407,241,Left,0.2121,0.2234
1779055067.9864,406,233,Left,0.2116,0.2167
1779055068.0213,405,223,Left,0.2111,0.2071
1779055068.0543,404,206,Left,0.2107,0.1915
1779055068.0792,399,198,Left,0.2079,0.1841
1779055068.1106,395,198,Left,0.2058,0.1841
1779055068.1452,393,200,Left,0.2048,0.1859
1779055068.1741,431,210,Left,0.2247,0.1953
1779055068.2064,467,219,Left,0.2434,0.2029
1779055068.2348,500,230,Left,0.2609,0.2134
1779055068.2691,524,227,Left,0.2731,0.211
1779055068.2988,546,229,Left,0.2844,0.2122
1779055068.3278,524,227,Left,0.2729,0.2107
1779055068.3634,502,221,Left,0.2616,0.2054
1779055068.3895,478,215,Left,0.249,0.1991
1779055068.4207,462,263,Left,0.2408,0.2438
1779055068.5346,451,312,Left,0.235,0.2896
1779055068.5793,391,360,Left,0.2037,0.3342
1779055068.6136,337,409,Left,0.1758,0.3792
1779055068.6438,291,458,Left,0.1517,0.4241
1779055068.6779,239,456,Left,0.1247,0.4227
1779055068.7033,215,442,Left,0.1123,0.4097
1779055068.7368,254,430,Left,0.1325,0.3982
1779055068.7748,314,419,Left,0.1636,0.3887
1779055068.8055,410,416,Left,0.2138,0.3856
1779055068.9676,444,368,Left,0.2316,0.3415
1779055069.0131,501,339,Left,0.2613,0.3139
1779055069.0428,550,305,Left,0.2868,0.2825
1779055069.0664,540,271,Left,0.2814,0.2512
1779055069.0967,440,227,Left,0.2296,0.211
1779055069.1262,402,265,Left,0.2099,0.2459
1779055069.2705,334,276,Left,0.1743,0.2557
1779055069.3031,302,295,Left,0.1578,0.2736
1779055069.3333,303,317,Left,0.1579,0.2942
1779055069.3679,343,350,Left,0.1789,0.3241
1779055069.3955,387,346,Left,0.2016,0.3208
1779055069.4252,398,368,Left,0.2073,0.3414
1779055069.4523,371,388,Left,0.1934,0.36
1779055069.4759,318,381,Left,0.166,0.3537
1779055069.4994,271,364,Left,0.1416,0.337
1779055069.5305,224,346,Left,0.1172,0.321
1779055069.5621,190,320,Left,0.0994,0.2967
1779055069.5936,157,292,Left,0.0818,0.271
1779055069.6239,151,289,Left,0.0788,0.2678
1779055069.6539,148,291,Left,0.0772,0.2698
1779055069.6831,129,289,Left,0.0672,0.2682
1779055069.7986,133,289,Left,0.0694,0.2676
1779055069.8315,146,327,Left,0.0764,0.3033
1779055069.8634,173,368,Left,0.0903,0.3416
1779055069.8905,183,409,Left,0.0955,0.3792
1779055069.9255,214,433,Left,0.1115,0.4018
1779055069.9526,217,459,Left,0.1135,0.4257
1779055069.9805,215,447,Left,0.112,0.4146
1779055070.0134,199,434,Left,0.1037,0.4023
1779055070.0451,204,410,Left,0.1065,0.3797
1779055070.0747,227,395,Left,0.1187,0.3665
1779055070.1041,251,381,Left,0.131,0.3533
1779055070.135,272,366,Left,0.1417,0.3389
1779055070.1665,290,348,Left,0.1511,0.3227
1779055070.1952,309,327,Left,0.1614,0.3029
1779055070.2265,312,304,Left,0.1627,0.2817
1779055070.3424,317,281,Left,0.1652,0.2605
1779055070.3717,306,250,Left,0.1597,0.2321
1779055070.4031,283,222,Left,0.1474,0.2057
1779055070.4332,265,208,Left,0.1384,0.1931
1779055070.4677,257,197,Left,0.134,0.1828
1779055070.4958,248,244,Left,0.1295,0.2267
1779055070.5209,234,293,Left,0.1222,0.2717
1779055070.5445,236,323,Left,0.1234,0.2996
1779055070.5766,228,361,Left,0.1189,0.3343
1779055070.6085,201,407,Left,0.1051,0.3771
1779055070.6393,190,394,Left,0.0994,0.3655
1779055070.6752,199,386,Left,0.1039,0.3579
1779055070.7333,217,397,Left,0.1133,0.3677
1779055070.7671,228,398,Left,0.1191,0.3688
1779055070.7998,260,400,Left,0.1359,0.3705
1779055070.9136,269,401,Left,0.1403,0.3717
1779055070.9452,297,409,Left,0.155,0.3795
1779055070.9781,308,419,Left,0.1607,0.3888
1779055071.0131,324,431,Left,0.1691,0.3997
1779055071.0388,297,441,Left,0.1548,0.4086
1779055071.0692,314,451,Left,0.164,0.4179
1779055071.0974,315,451,Left,0.1646,0.4182
1779055071.1297,302,449,Left,0.1575,0.4158
1779055071.16,292,449,Left,0.1523,0.4165
1779055071.1936,314,444,Left,0.1637,0.4115
1779055071.2253,298,440,Left,0.1554,0.4076
1779055071.2521,282,437,Left,0.1471,0.4055
1779055071.2832,287,434,Left,0.1496,0.4023
1779055071.3134,289,428,Left,0.1507,0.3967
1779055071.3437,287,428,Left,0.1498,0.3965
1779055071.4566,281,424,Left,0.1467,0.3929
1779055071.4866,287,424,Left,0.1498,0.3928
1779055071.5196,295,420,Left,0.154,0.3898
1779055071.5556,302,420,Left,0.1576,0.3892
1779055071.5793,315,420,Left,0.1641,0.3889
1779055071.6124,329,422,Left,0.1716,0.3909
1779055071.6415,332,419,Left,0.1733,0.3882
1779055071.6694,311,417,Left,0.1624,0.3862
1779055071.7026,302,410,Left,0.1573,0.3798
1779055071.7314,292,400,Left,0.1521,0.3711
1779055071.7676,286,382,Left,0.149,0.3544
1779055071.7951,278,349,Left,0.1448,0.3236
1779055071.8264,254,314,Left,0.1326,0.2911
1779055071.8566,224,273,Left,0.1171,0.2535
1779055071.8868,192,236,Left,0.1004,0.2187
1779055072.0031,157,265,Left,0.0822,0.2456
1779055072.0345,122,300,Left,0.0638,0.2781
1779055072.0675,133,340,Left,0.0695,0.3157
1779055072.0971,130,384,Left,0.0681,0.3563
1779055072.1262,131,404,Left,0.0684,0.3748
1779055072.1555,105,353,Left,0.0548,0.3273
1779055072.1833,82,369,Left,0.043,0.3423
1779055072.2167,52,385,Left,0.0274,0.3567
1779055072.2437,35,395,Left,0.0187,0.3658
1779055072.2759,44,414,Left,0.0234,0.3838
1779055072.3089,76,447,Left,0.0401,0.4147
1779055072.3317,106,427,Left,0.0556,0.3954
1779055072.3569,136,408,Left,0.0708,0.3782
1779055072.3845,158,390,Left,0.0827,0.362
1779055072.4191,154,388,Left,0.0803,0.3593
1779055072.5474,150,384,Left,0.0786,0.3561
1779055072.5749,170,380,Left,0.0887,0.3519
1779055072.6072,157,374,Left,0.082,0.3468
1779055072.6415,152,393,Left,0.0795,0.3639
1779055072.6674,149,361,Left,0.0777,0.3344
1779055072.6985,149,329,Left,0.0778,0.3049
1779055072.7365,129,297,Left,0.0675,0.2757
1779055072.7704,138,268,Left,0.072,0.2488
1779055072.8002,147,226,Left,0.077,0.21
1779055072.8324,174,226,Left,0.0909,0.2096
1779055072.8675,177,225,Left,0.0925,0.2088
1779055072.8975,177,223,Left,0.0926,0.2072
1779055072.9291,163,215,Left,0.0851,0.1991
1779055072.9611,142,205,Left,0.074,0.1903
1779055072.9925,100,199,Left,0.0522,0.1845
1779055073.103,80,191,Left,0.0417,0.1777
1779055073.1344,86,184,Left,0.0449,0.171
1779055073.1626,83,179,Left,0.0434,0.1666
1779055073.1976,83,172,Left,0.0435,0.1596
1779055073.2279,110,162,Left,0.0575,0.1501
1779055073.2582,135,153,Left,0.0706,0.1418
1779055073.2846,132,120,Left,0.0689,0.1118
1779055073.3141,188,130,Left,0.0983,0.1205
1779055073.3438,244,118,Left,0.1272,0.1093
1779055073.361,275,110,Left,0.1434,0.1021
1779055073.3928,310,105,Left,0.1615,0.0976
1779055073.4142,348,134,Left,0.1816,0.1243
1779055073.4404,333,122,Left,0.1738,0.1139
1779055073.4739,319,134,Left,0.1665,0.1246
1779055073.5049,297,118,Left,0.1549,0.1099
1779055073.6338,275,164,Left,0.1432,0.1519
1779055073.6621,247,185,Left,0.1288,0.1718
1779055073.7021,247,208,Left,0.1289,0.1927
1779055073.7349,248,230,Left,0.1296,0.2136
1779055073.7714,256,282,Left,0.1334,0.2617
1779055073.7994,263,271,Left,0.1375,0.2509
1779055073.8317,285,275,Left,0.1485,0.2552
1779055073.8632,272,271,Left,0.142,0.2517
1779055073.8935,269,273,Left,0.1401,0.2534
1779055073.9233,264,275,Left,0.138,0.2555
1779055073.961,240,276,Left,0.1255,0.2556
1779055073.9855,207,273,Left,0.108,0.2534
1779055074.0161,205,279,Left,0.1072,0.2583
1779055074.0453,196,277,Left,0.1022,0.2572
1779055074.078,214,270,Left,0.1115,0.2508
1779055074.1862,253,268,Left,0.1321,0.2482
1779055074.2182,264,278,Left,0.1377,0.2581
1779055074.2499,270,291,Left,0.141,0.2697
1779055074.2816,273,307,Left,0.1425,0.2849
1779055074.3121,250,327,Left,0.1304,0.303
1779055074.3454,222,342,Left,0.1158,0.3173
1779055074.3696,215,339,Left,0.1122,0.3143
1779055074.4032,203,334,Left,0.1062,0.3098
1779055074.4314,191,321,Left,0.0997,0.2975
1779055074.4644,177,316,Left,0.0922,0.293
1779055074.4945,162,316,Left,0.0846,0.2932
1779055074.5256,172,317,Left,0.0899,0.294
1779055074.5569,182,317,Left,0.0952,0.2942
1779055074.5858,199,331,Left,0.104,0.3072
1779055074.6183,192,344,Left,0.1003,0.3187
1779055074.7355,177,353,Left,0.0924,0.327
1779055074.7663,161,377,Left,0.0843,0.3492
1779055074.7953,139,349,Left,0.0727,0.324
1779055074.8191,111,359,Left,0.0581,0.3333
1779055074.8539,102,379,Left,0.0535,0.3515
1779055074.8836,130,342,Left,0.0681,0.3175
1779055075.0224,143,305,Left,0.075,0.2826
1779055075.0403,185,327,Left,0.0964,0.3035
1779055075.0888,261,309,Left,0.136,0.287
1779055075.1332,332,286,Left,0.1731,0.2649
1779055075.1695,344,333,Left,0.1797,0.3086
1779055075.1986,384,370,Left,0.2001,0.3431
1779055075.2337,402,355,Left,0.2095,0.329
1779055075.2666,390,334,Left,0.2032,0.3098
1779055075.2945,351,304,Left,0.183,0.2818
1779055075.4006,359,257,Left,0.1874,0.2382
1779055075.4362,331,233,Left,0.1725,0.2164
1779055075.4665,311,255,Left,0.1624,0.237
1779055075.4952,295,279,Left,0.1541,0.2589
1779055075.5231,347,310,Left,0.181,0.2873
1779055075.5619,384,342,Left,0.2005,0.3169
1779055075.5893,394,346,Left,0.2052,0.3209
1779055075.6135,402,350,Left,0.2098,0.3247
1779055075.6475,392,346,Left,0.2043,0.3209
1779055075.6792,345,330,Left,0.1797,0.3064
1779055075.712,331,314,Left,0.1728,0.291
1779055075.7414,285,306,Left,0.1488,0.2841
1779055075.7742,285,300,Left,0.1489,0.2783
1779055075.8042,227,323,Left,0.1187,0.2999
1779055075.8383,176,370,Left,0.092,0.3434
1779055075.9874,88,444,Left,0.0463,0.4113
1779055076.0328,70,475,Left,0.0365,0.4406
1779055076.0777,0,509,Left,0.0,0.4717
1779055076.1083,0,520,Left,0.0,0.4822
1779055076.1387,0,536,Left,0.0,0.4969
1779055076.1634,0,518,Left,0.0,0.4798
1779055076.1934,0,523,Left,0.0,0.4849
1779055076.2218,0,560,Left,0.0,0.5187
1779055076.2566,0,599,Left,0.0,0.5555
1779055076.286,0,619,Left,0.0,0.5734
1779055076.3185,0,607,Left,0.0,0.5626
1779055076.3489,0,653,Left,0.0,0.6052
1779055076.3804,0,612,Left,0.0,0.5671
1779055076.411,0,566,Left,0.0,0.5247
1779055076.4436,0,524,Left,0.0,0.4853
1779055076.5541,0,570,Left,0.0,0.5287
1779055076.5875,69,516,Left,0.0364,0.4786
1779055076.6175,112,517,Left,0.0587,0.4796
1779055076.6488,135,518,Left,0.0703,0.4803
1779055076.6846,144,518,Left,0.0751,0.4804
1779055076.7144,144,484,Left,0.0751,0.4486
1779055076.7401,74,477,Left,0.0388,0.4419
1779055076.773,40,464,Left,0.0213,0.4299
1779055076.8031,22,460,Left,0.0115,0.4265
1779055076.8361,24,469,Left,0.0128,0.4347
1779055076.8814,34,472,Left,0.0179,0.4374
1779055076.9152,34,494,Left,0.0179,0.4581
1779055076.9437,24,532,Left,0.013,0.4926
1779055076.9693,21,566,Left,0.0112,0.5243
1779055077.0014,9,575,Left,0.0051,0.533
1779055077.1178,0,579,Left,0.0,0.5363
1779055077.1522,0,584,Left,0.0,0.541
1779055077.1937,0,576,Left,0.0,0.5337
1779055077.2242,0,561,Left,0.0,0.5201
1779055077.2546,0,559,Left,0.0,0.5183
1779055077.2834,0,552,Left,0.0,0.5112
1779055077.3131,0,518,Left,0.0,0.4801
1779055077.3437,0,534,Left,0.0,0.4945
1779055077.3764,0,540,Left,0.0,0.5006
1779055077.4066,0,524,Left,0.0,0.4857
1779055077.4376,0,499,Left,0.0,0.4629
1779055077.4685,0,505,Left,0.0,0.468
1779055077.5,0,497,Left,0.0,0.4604
1779055077.5335,0,475,Left,0.0,0.4399
1779055077.5639,0,436,Left,0.0,0.4042
1779055077.6715,0,437,Left,0.0,0.405
1779055077.7045,12,460,Left,0.0067,0.4265
1779055077.7365,13,413,Left,0.0073,0.3824
1779055077.7662,13,405,Left,0.0073,0.3758
1779055077.7945,45,467,Left,0.0238,0.4328
1779055077.8293,45,496,Left,0.0238,0.4599
1779055077.8562,32,502,Left,0.0171,0.4653
1779055077.886,31,556,Left,0.0165,0.5151
1779055077.9172,46,554,Left,0.0245,0.5133
1779055077.9485,51,564,Left,0.0268,0.5231
1779055077.9796,82,545,Left,0.0432,0.5049
1779055078.0112,112,561,Left,0.0588,0.5202
1779055078.0402,139,574,Left,0.0727,0.5323
1779055078.0716,153,584,Left,0.0801,0.5408
1779055078.1021,152,571,Left,0.0793,0.5292
1779055078.2161,161,573,Left,0.084,0.5307
1779055078.2524,178,545,Left,0.0931,0.5047
1779055078.2934,166,510,Left,0.0866,0.473
1779055078.3288,171,498,Left,0.0892,0.4614
1779055078.3607,166,508,Left,0.0865,0.4712
1779055078.3849,144,544,Left,0.0752,0.5046
1779055078.4161,122,568,Left,0.064,0.5263
1779055078.4451,158,575,Left,0.0824,0.5331
1779055078.4769,191,595,Left,0.0999,0.5516
1779055078.5099,240,555,Left,0.1252,0.5142
1779055078.5394,312,491,Left,0.1629,0.4553
1779055078.5691,354,441,Left,0.1845,0.4089
1779055078.602,383,407,Left,0.1997,0.3774
1779055078.6335,393,375,Left,0.2051,0.3475
1779055078.6635,368,391,Left,0.1917,0.3626
1779055078.7791,356,424,Left,0.1857,0.393
1779055078.8124,305,413,Left,0.1591,0.3833
1779055078.8417,246,402,Left,0.1283,0.373
1779055078.8732,187,410,Left,0.0976,0.3798
1779055078.9019,163,383,Left,0.0851,0.3548
1779055078.9327,104,352,Left,0.0546,0.3266
1779055078.9593,121,351,Left,0.0631,0.3257
1779055078.9906,126,392,Left,0.0656,0.3637
1779055079.0114,132,429,Left,0.069,0.3977
1779055079.0376,143,441,Left,0.0746,0.4091
1779055079.0685,198,441,Left,0.1034,0.4087
1779055079.1,204,442,Left,0.1064,0.4093
1779055079.1381,254,427,Left,0.1325,0.3957
1779055079.1714,316,373,Left,0.165,0.3454
1779055079.2019,353,361,Left,0.184,0.3344
1779055079.3122,369,311,Left,0.1925,0.2889
1779055079.3556,423,312,Left,0.2206,0.2893
1779055079.3886,440,258,Left,0.2296,0.2397
1779055079.421,387,260,Left,0.2016,0.2414
1779055079.4539,378,205,Left,0.1974,0.1904
1779055079.4894,365,195,Left,0.1902,0.1812
1779055079.5397,347,174,Left,0.1808,0.1617
1779055079.572,319,136,Left,0.1666,0.1266
1779055079.6063,381,129,Left,0.1988,0.1196
1779055079.6445,397,118,Left,0.2069,0.1098
1779055079.6752,423,158,Left,0.2207,0.1468
1779055079.7019,436,156,Left,0.2274,0.1447
1779055079.7384,474,186,Left,0.2471,0.1731
1779055079.7658,483,161,Left,0.252,0.1495
1779055079.7972,489,172,Left,0.2548,0.1595
1779055079.9273,447,138,Left,0.2332,0.1285
1779055079.9573,444,111,Left,0.2315,0.1032
1779055079.9874,434,140,Left,0.2265,0.1301
1779055080.0246,420,169,Left,0.2191,0.1571
1779055080.0665,435,180,Left,0.2268,0.1675
1779055080.1163,493,249,Left,0.2571,0.231
1779055080.1395,513,302,Left,0.2675,0.2801
1779055080.1693,494,269,Left,0.2574,0.2494
1779055080.2042,474,247,Left,0.2472,0.2295
1779055080.2325,407,241,Left,0.2123,0.2238
1779055080.2638,315,227,Left,0.1645,0.2105
1779055080.2937,212,196,Left,0.1104,0.1822
1779055080.3261,144,255,Left,0.0755,0.2364
1779055080.3544,73,322,Left,0.0383,0.299
1779055080.3847,44,386,Left,0.0233,0.3576
1779055080.514,14,409,Left,0.0075,0.3788
1779055080.5485,14,459,Left,0.0074,0.4255
1779055080.578,7,464,Left,0.0039,0.4297
1779055080.6093,13,394,Left,0.007,0.3651
1779055080.6401,104,353,Left,0.0542,0.3273
1779055080.6692,128,286,Left,0.0672,0.2653
1779055080.7013,149,240,Left,0.0781,0.2224
1779055080.7293,160,200,Left,0.0838,0.1856
1779055080.7608,157,223,Left,0.0818,0.2067
1779055080.7902,60,204,Left,0.0314,0.1894
1779055080.8207,47,236,Left,0.025,0.219
1779055080.852,32,253,Left,0.017,0.2349
1779055080.8837,21,275,Left,0.0113,0.2547
1779055080.9164,58,301,Left,0.0305,0.279
1779055080.9453,142,341,Left,0.0743,0.3159
1779055081.0626,221,357,Left,0.1152,0.3314
1779055081.0935,297,352,Left,0.1549,0.3266
1779055081.1215,384,359,Left,0.2003,0.3333
1779055081.157,439,361,Left,0.2291,0.3343
1779055081.1836,421,335,Left,0.2196,0.3102
1779055081.213,406,331,Left,0.2118,0.3069
1779055081.2417,418,388,Left,0.2178,0.36
1779055081.2764,400,420,Left,0.2085,0.3896
1779055081.3055,385,413,Left,0.2008,0.3824
1779055081.3363,385,437,Left,0.2007,0.4052
1779055081.378,386,483,Left,0.2014,0.4476
1779055081.4124,370,509,Left,0.1931,0.4718
1779055081.4437,396,484,Left,0.2064,0.4484
1779055081.4766,385,528,Left,0.201,0.4897
1779055081.5125,386,544,Left,0.2013,0.5046
1779055081.6374,386,515,Left,0.2014,0.4774
1779055081.6656,386,469,Left,0.2015,0.4349
1779055081.7,363,460,Left,0.1894,0.4262
1779055081.7278,338,409,Left,0.1764,0.3793
1779055081.7592,310,431,Left,0.1616,0.3993
1779055081.7894,269,451,Left,0.1406,0.4177
1779055081.8182,240,404,Left,0.1253,0.3748
1779055081.8499,208,379,Left,0.1086,0.351
1779055081.8803,209,364,Left,0.1091,0.3379
1779055081.9101,200,308,Left,0.1045,0.2854
1779055081.9451,206,251,Left,0.1075,0.2332
1779055081.9743,184,319,Left,0.0959,0.2958
1779055082.0057,174,359,Left,0.0911,0.3324
1779055082.0358,178,417,Left,0.0929,0.3865
1779055082.0643,193,471,Left,0.101,0.4361
1779055082.1961,175,542,Left,0.0913,0.5022
1779055082.2278,226,545,Left,0.118,0.5047
1779055082.2588,232,563,Left,0.1212,0.5218
1779055082.289,194,544,Left,0.1011,0.5039
1779055082.3176,193,536,Left,0.101,0.4967
1779055082.3475,189,505,Left,0.0989,0.4683
1779055082.3813,125,446,Left,0.0655,0.413
1779055082.4106,128,389,Left,0.067,0.3603
1779055082.4415,130,355,Left,0.0681,0.3293
1779055082.4754,98,341,Left,0.0514,0.3159
1779055082.504,95,293,Left,0.0499,0.2717
1779055082.5347,100,330,Left,0.0523,0.3059
1779055082.5666,75,366,Left,0.0391,0.3395
1779055082.5988,63,364,Left,0.033,0.3372
1779055082.6278,52,322,Left,0.0272,0.2988
1779055082.7436,34,347,Left,0.0179,0.3218
1779055082.7722,34,347,Left,0.0179,0.3218
1779055082.8065,34,347,Left,0.0179,0.3218
1779055082.8383,34,347,Left,0.0179,0.3218
1779055082.8675,34,347,Left,0.0179,0.3218
1779055082.8955,195,257,Left,0.1017,0.2388
1779055082.9231,440,170,Left,0.2292,0.1579
1779055082.9531,733,131,Left,0.3822,0.1216
1779055082.9845,998,90,Center,0.52,0.0835
1779055083.0154,1271,58,Right,0.6621,0.0539
1779055083.0485,1346,107,Right,0.7014,0.0992
1779055083.0779,1334,170,Right,0.6951,0.158
1779055083.1387,1286,197,Right,0.6702,0.1826
1779055083.1709,1260,200,Right,0.6563,0.1859
1779055083.2,1210,205,Right,0.6304,0.1903
1779055083.3336,1190,156,Right,0.6201,0.1451
1779055083.3635,1123,93,Center,0.5854,0.0863
1779055083.3927,1123,93,Center,0.5854,0.0863
1779055083.4241,1123,93,Center,0.5854,0.0863
1779055083.452,1123,93,Center,0.5854,0.0863
1779055083.4816,1123,93,Center,0.5854,0.0863
1779055083.5382,982,48,Center,0.5116,0.0448
1779055083.5764,982,48,Center,0.5116,0.0448
1779055083.6031,982,48,Center,0.5116,0.0448
1779055083.6359,982,48,Center,0.5116,0.0448
1779055083.6665,982,48,Center,0.5116,0.0448
1779055083.7016,852,44,Center,0.444,0.0415
1779055083.7315,748,32,Left,0.39,0.0301
1779055083.7621,588,81,Left,0.3063,0.0752
1779055083.7965,442,207,Left,0.2305,0.1925
1779055083.9232,338,335,Left,0.1762,0.3105
1779055083.9571,227,408,Left,0.1185,0.3782
1779055083.9851,108,454,Left,0.0563,0.4208
1779055084.0224,34,491,Left,0.018,0.4549
1779055084.0597,0,493,Left,0.0,0.4572
1779055084.0867,0,471,Left,0.0,0.4364
1779055084.1195,0,493,Left,0.0,0.4566
1779055084.1424,0,519,Left,0.0,0.4809
1779055084.1653,0,554,Left,0.0,0.5136
1779055084.1965,14,527,Left,0.0076,0.4885
1779055084.2292,14,504,Left,0.0076,0.4675
1779055084.2591,14,494,Left,0.0076,0.4583
1779055084.2877,14,495,Left,0.0076,0.4583
1779055084.3173,14,481,Left,0.0076,0.446
1779055084.3494,0,467,Left,0.0,0.4326
1779055084.4635,0,501,Left,0.0,0.4646
1779055084.4953,77,416,Left,0.0403,0.3859
1779055084.5272,145,311,Left,0.0758,0.2888
1779055084.5553,200,310,Left,0.1047,0.2871
1779055084.5886,260,272,Left,0.1359,0.2524
1779055084.6185,324,244,Left,0.169,0.2265
1779055084.6467,288,372,Left,0.1502,0.3451
1779055084.6766,250,422,Left,0.1303,0.3909
1779055084.7089,228,381,Left,0.1189,0.3536
1779055084.7388,216,450,Left,0.1126,0.4175
1779055084.7723,186,425,Left,0.0974,0.3944
1779055084.8003,187,373,Left,0.0977,0.3457
1779055084.8334,201,368,Left,0.1049,0.3409
1779055084.8635,243,354,Left,0.1268,0.3284
1779055084.8943,310,293,Left,0.1615,0.2713
1779055085.0125,376,302,Left,0.1958,0.28
1779055085.0423,429,323,Left,0.2238,0.2999
1779055085.0746,508,373,Left,0.2646,0.3454
1779055085.1034,551,366,Left,0.2873,0.3391
1779055085.1402,532,353,Left,0.2771,0.3275
1779055085.1781,557,381,Left,0.2905,0.3535
1779055085.2121,576,339,Left,0.3004,0.3143
1779055085.2414,534,298,Left,0.2785,0.276
1779055085.2696,511,311,Left,0.2663,0.2886
1779055085.3,491,361,Left,0.2562,0.3346
1779055085.3327,429,346,Left,0.2237,0.321
1779055085.366,389,380,Left,0.2027,0.3526
1779055085.4,359,435,Left,0.187,0.4031
1779055085.4265,323,473,Left,0.1685,0.4384
1779055085.4578,304,464,Left,0.1587,0.43
1779055085.5847,322,462,Left,0.1679,0.4279
1779055085.6192,258,451,Left,0.1346,0.4181
1779055085.6469,215,448,Left,0.1123,0.4149
1779055085.6845,162,428,Left,0.0845,0.3972
1779055085.7255,113,420,Left,0.059,0.3895
1779055085.752,39,419,Left,0.0207,0.3882
1779055085.7826,42,399,Left,0.022,0.3698
1779055085.8132,52,359,Left,0.0273,0.333
1779055085.8433,46,383,Left,0.0241,0.3553
1779055085.8746,38,398,Left,0.0201,0.3693
1779055085.9042,31,404,Left,0.0162,0.3746
1779055085.9359,18,425,Left,0.0095,0.3936
1779055085.9682,2,440,Left,0.0012,0.4077
1779055085.9974,3,387,Left,0.0018,0.3585
1779055086.0279,3,381,Left,0.0018,0.3528
1779055086.1444,3,384,Left,0.0018,0.3563
1779055086.1795,3,366,Left,0.0018,0.3398
1779055086.2082,2,361,Left,0.0011,0.3347
1779055086.2377,0,396,Left,0.0,0.3673
1779055086.2706,0,380,Left,0.0,0.3523
1779055086.2997,14,331,Left,0.0076,0.307
1779055086.3266,91,302,Left,0.0479,0.2805
1779055086.3568,169,245,Left,0.0881,0.2274
1779055086.3878,243,203,Left,0.1271,0.1883
1779055086.4184,311,225,Left,0.1621,0.2089
1779055086.4524,378,214,Left,0.1971,0.1982
1779055086.4998,406,216,Left,0.2119,0.2003
1779055086.5302,428,283,Left,0.2234,0.2623
1779055086.563,453,315,Left,0.236,0.2921
1779055086.5954,487,307,Left,0.254,0.2848
1779055086.719,513,363,Left,0.2677,0.3365
1779055086.7542,507,363,Left,0.2645,0.3366
1779055086.7839,505,280,Left,0.2632,0.26
1779055086.8152,505,280,Left,0.2632,0.26
1779055086.8515,505,280,Left,0.2632,0.26
1779055086.8777,505,280,Left,0.2632,0.26
1779055086.9038,505,280,Left,0.2632,0.26
1779055086.9349,505,280,Left,0.2632,0.26
1779055086.9652,505,280,Left,0.2632,0.26
1779055086.9938,505,280,Left,0.2632,0.26
1779055087.0232,511,207,Left,0.2664,0.1918
1779055087.0545,534,122,Left,0.2782,0.1135
1779055087.0763,566,34,Left,0.2953,0.0324
1779055087.1038,597,0,Left,0.311,0.0
1779055087.1361,620,0,Left,0.323,0.0
1779055087.2494,620,0,Left,0.3232,0.0
1779055087.3211,496,22,Left,0.2584,0.0211
1779055087.3844,355,133,Left,0.185,0.1237
1779055087.414,225,238,Left,0.1174,0.2208
1779055088.1954,105,242,Left,0.055,0.2248
1779055088.2253,0,242,Left,0.0,0.2248
1779055088.259,0,272,Left,0.0,0.2519
1779055088.2906,75,211,Left,0.0392,0.1956
1779055088.4162,134,185,Left,0.07,0.1714
1779055088.4437,184,268,Left,0.0963,0.2486
1779055088.4715,222,367,Left,0.1157,0.3407
1779055088.5071,264,397,Left,0.1378,0.3681
1779055088.5374,223,429,Left,0.1165,0.3979
1779055088.5643,199,424,Left,0.1037,0.3933
1779055088.595,189,383,Left,0.0986,0.3552
1779055088.6261,184,354,Left,0.0962,0.3287
1779055088.6563,142,351,Left,0.0742,0.3254
1779055088.6881,129,350,Left,0.0676,0.3247
1779055088.709,95,381,Left,0.0496,0.3529
1779055088.7358,99,417,Left,0.0519,0.3862
1779055088.7661,110,403,Left,0.0575,0.3736
1779055088.7998,162,432,Left,0.0848,0.4001
1779055088.8302,174,469,Left,0.091,0.4347
1779055088.9436,212,474,Left,0.1106,0.4389
1779055088.9803,167,491,Left,0.0871,0.4551
1779055089.0232,123,499,Left,0.0645,0.4629
1779055089.0507,71,481,Left,0.0371,0.4454
1779055089.0852,37,462,Left,0.0196,0.4286
1779055089.1241,0,448,Left,0.0,0.4157
1779055089.153,0,444,Left,0.0,0.4114
1779055089.1764,0,480,Left,0.0,0.4448
1779055089.204,0,501,Left,0.0,0.4641
1779055089.2325,0,491,Left,0.0,0.4552
1779055089.2663,0,512,Left,0.0,0.4744
1779055089.2926,0,554,Left,0.0,0.5132
1779055089.3243,0,544,Left,0.0,0.5043
1779055089.354,0,526,Left,0.0,0.4877
1779055089.386,0,470,Left,0.0,0.4356
1779055089.5064,0,488,Left,0.0,0.4524
1779055089.533,0,449,Left,0.0,0.4163
1779055089.5598,0,450,Left,0.0,0.4174
1779055089.5967,0,452,Left,0.0,0.4193
1779055089.6241,0,501,Left,0.0,0.4646
1779055089.6614,0,402,Left,0.0,0.3723
1779055089.6936,0,393,Left,0.0,0.3641
1779055089.7555,0,404,Left,0.0,0.3741
1779055089.797,0,389,Left,0.0,0.3608
1779055089.8243,0,379,Left,0.0,0.3512
1779055090.0553,65,384,Left,0.0343,0.3561
1779055090.078,65,350,Left,0.0343,0.3241
1779055090.3111,65,298,Left,0.0343,0.2764
1779055090.3425,65,343,Left,0.0343,0.3178
1779055090.3712,65,367,Left,0.0343,0.34
1779055090.3989,0,470,Left,0.0,0.4353
1779055090.4312,0,498,Left,0.0,0.4614
1779055090.4622,0,536,Left,0.0,0.4969
1779055090.4951,0,507,Left,0.0,0.4695
1779055090.5242,0,440,Left,0.0,0.4079
1779055090.5539,0,398,Left,0.0,0.3691
1779055090.578,0,437,Left,0.0,0.4049
1779055090.6021,0,395,Left,0.0,0.3662
1779055090.7661,0,381,Left,0.0,0.353
1779055090.7959,0,350,Left,0.0,0.3247
1779055090.8389,20,339,Left,0.0105,0.3141
1779055090.8915,20,307,Left,0.0105,0.285
1779055090.9291,20,275,Left,0.0105,0.255
1779055090.9729,20,238,Left,0.0105,0.2208
1779055091.0178,20,307,Left,0.0105,0.2845
1779055091.0514,16,322,Left,0.0087,0.2985
1779055091.0859,97,308,Left,0.0507,0.286
1779055091.1304,97,359,Left,0.0507,0.3327
1779055091.1743,147,345,Left,0.0768,0.3196
1779055091.2065,196,372,Left,0.1022,0.3447
1779055091.2282,261,328,Left,0.1364,0.304
1779055091.2531,243,348,Left,0.1268,0.3224
1779055091.2827,305,322,Left,0.1591,0.2986
1779055091.4292,294,318,Left,0.1536,0.2945
1779055091.4626,295,247,Left,0.1537,0.2293
1779055091.4894,288,282,Left,0.1504,0.2616
1779055091.5383,261,267,Left,0.1364,0.2476
1779055091.5746,233,287,Left,0.1215,0.2663
1779055091.6031,249,321,Left,0.1299,0.2979
1779055091.7998,200,427,Left,0.1044,0.3955
1779055091.8304,124,429,Left,0.0648,0.3979
1779055091.8615,89,421,Left,0.0465,0.3905
1779055091.8958,90,439,Left,0.047,0.4073
1779055092.0213,68,457,Left,0.0356,0.4234
1779055092.05,134,393,Left,0.0701,0.3644
1779055092.0857,213,345,Left,0.1113,0.3201
1779055092.1176,272,314,Left,0.1419,0.2913
1779055092.1498,273,341,Left,0.1425,0.3165
1779055092.1784,290,384,Left,0.1514,0.3556
1779055092.2098,267,394,Left,0.1391,0.3657
1779055092.2423,244,419,Left,0.1274,0.3881
1779055092.2761,230,479,Left,0.12,0.4441
1779055092.3039,256,477,Left,0.1334,0.442
1779055092.3353,252,459,Left,0.1315,0.4257
1779055092.3651,285,442,Left,0.1489,0.4098
1779055092.4997,269,422,Left,0.1402,0.3915
1779055092.5194,249,393,Left,0.1299,0.3642
1779055092.5526,232,345,Left,0.1211,0.3195
1779055092.6945,221,307,Left,0.1155,0.2844
1779055092.7281,223,335,Left,0.1162,0.3105
1779055092.7782,234,373,Left,0.1219,0.3456
1779055092.8272,301,394,Left,0.1571,0.3654
1779055092.8672,342,435,Left,0.1782,0.4032
1779055092.9093,360,469,Left,0.1878,0.4349
1779055092.9529,334,501,Left,0.1744,0.4642
1779055092.9732,347,507,Left,0.1812,0.4696
1779055093.0214,330,512,Left,0.172,0.4741
1779055093.0401,293,495,Left,0.1529,0.4592
1779055093.0779,270,526,Left,0.1407,0.4872
1779055093.0973,226,508,Left,0.1181,0.4709
1779055093.1278,200,500,Left,0.1046,0.4633
1779055093.1601,142,496,Left,0.074,0.46
1779055093.1904,133,533,Left,0.0697,0.4941
1779055093.3206,102,407,Left,0.0534,0.3769
1779055093.3458,94,414,Left,0.0491,0.3841
1779055093.3814,56,361,Left,0.0293,0.3349
1779055093.4108,40,320,Left,0.0209,0.2972
1779055093.4437,0,256,Left,0.0,0.2375
1779055093.4763,0,325,Left,0.0,0.3018
1779055093.5501,0,284,Left,0.0,0.2634
1779055093.5833,0,332,Left,0.0,0.3078
1779055093.607,0,366,Left,0.0,0.3391
1779055093.6393,0,403,Left,0.0,0.3735
1779055093.6593,0,425,Left,0.0,0.3944
1779055093.6858,0,439,Left,0.0,0.4069
1779055093.7172,0,412,Left,0.0,0.3822
1779055093.7524,0,379,Left,0.0,0.3518
1779055093.7803,0,343,Left,0.0,0.3179
1779055093.9111,0,305,Left,0.0,0.2829
1779055093.9443,0,232,Left,0.0,0.2155
1779055093.9756,0,187,Left,0.0,0.1734
1779055094.003,0,152,Left,0.0,0.1414
1779055094.0332,0,152,Left,0.0,0.1411
1779055094.064,0,177,Left,0.0,0.164
1779055094.0938,0,200,Left,0.0,0.1857
1779055094.1245,0,294,Left,0.0,0.2725
1779055094.1532,0,333,Left,0.0,0.3087
1779055094.1742,0,348,Left,0.0,0.3225
1779055094.2019,0,338,Left,0.0,0.3137
1779055094.2305,31,393,Left,0.0164,0.3648
1779055094.2623,31,381,Left,0.0164,0.3533
1779055094.2944,65,398,Left,0.0344,0.3691
1779055094.3271,102,384,Left,0.0532,0.3558
1779055094.4352,102,372,Left,0.0532,0.3449
1779055094.4861,84,371,Left,0.0438,0.3444
1779055094.5392,84,344,Left,0.0438,0.3188
1779055094.5833,49,390,Left,0.0258,0.3617
1779055094.6115,13,442,Left,0.007,0.4095
1779055094.6393,13,504,Left,0.007,0.4669
1779055094.6713,3,533,Left,0.0017,0.4942
1779055094.7124,3,542,Left,0.0017,0.5024
1779055094.7472,3,552,Left,0.0017,0.512
1779055094.787,4,575,Left,0.0025,0.5325
1779055094.8084,48,535,Left,0.0255,0.4955
1779055094.8524,45,501,Left,0.0238,0.4641
1779055094.8765,72,507,Left,0.0375,0.4704
1779055094.9183,72,454,Left,0.0375,0.4205
1779055094.9612,113,402,Left,0.0591,0.3725
1779055095.1084,93,388,Left,0.0485,0.3593
1779055095.1551,148,387,Left,0.0776,0.3592
1779055095.2015,180,360,Left,0.0938,0.334
1779055095.2416,220,357,Left,0.1148,0.3314
1779055095.2845,206,373,Left,0.1078,0.3456
1779055095.3304,231,402,Left,0.1204,0.3728
1779055095.3491,175,350,Left,0.0913,0.3248
1779055095.3936,117,295,Left,0.0614,0.2739
1779055095.4386,77,294,Left,0.0404,0.2726
1779055097.0084,47,296,Left,0.025,0.275
1779055097.0391,0,265,Left,0.0,0.2458
1779055097.064,0,344,Left,0.0,0.3193
1779055097.0929,0,438,Left,0.0,0.4058
1779055097.1216,0,436,Left,0.0,0.4044
1779055097.1433,0,399,Left,0.0,0.37
1779055097.1688,0,402,Left,0.0,0.3728
1779055097.2024,0,383,Left,0.0,0.3552
1779055097.2323,87,351,Left,0.0458,0.3254
1779055097.2637,177,360,Left,0.0924,0.3338
1779055097.2985,310,318,Left,0.1617,0.2953
1779055097.4387,442,335,Left,0.2303,0.3107
1779055097.4666,488,280,Left,0.2544,0.2596
1779055097.4924,441,272,Left,0.2302,0.2521
1779055097.5306,413,272,Left,0.2152,0.2525
1779055097.5622,376,330,Left,0.1959,0.306
1779055097.5895,326,352,Left,0.1698,0.3262
1779055097.619,338,418,Left,0.1765,0.3878
1779055097.6513,344,476,Left,0.1794,0.441
1779055097.6823,323,494,Left,0.1683,0.4577
1779055097.7124,293,530,Left,0.1527,0.4915
1779055097.7434,280,515,Left,0.1459,0.4772
1779055097.774,297,484,Left,0.1548,0.4484
1779055097.8097,297,434,Left,0.1551,0.4023
1779055097.8556,259,387,Left,0.135,0.3583
1779055097.9123,193,344,Left,0.1006,0.3187
1779055098.1181,127,354,Left,0.0665,0.328
1779055098.1607,59,407,Left,0.0308,0.3776
1779055098.1886,32,394,Left,0.0169,0.3649
1779055098.2204,99,339,Left,0.0519,0.3141
1779055098.2499,113,343,Left,0.059,0.318
1779055098.279,110,327,Left,0.0574,0.3028
1779055098.3905,102,297,Left,0.0534,0.2753
1779055098.4191,81,321,Left,0.0425,0.2979
1779055098.4456,13,422,Left,0.0071,0.3913
1779055098.4763,0,467,Left,0.0,0.4333
1779055098.5112,0,440,Left,0.0,0.4078
1779055098.5373,0,424,Left,0.0,0.3932
1779055098.5693,0,451,Left,0.0,0.4177
1779055098.6032,0,491,Left,0.0,0.4553
1779055098.6307,0,447,Left,0.0,0.4141
1779055098.7662,0,504,Left,0.0,0.4673
1779055098.802,0,431,Left,0.0,0.3997
1779055098.84,0,389,Left,0.0,0.3603
1779055098.8741,0,263,Left,0.0,0.2442
1779055098.9048,0,357,Left,0.0,0.3306
1779055098.9457,0,323,Left,0.0,0.2995
1779055098.9781,0,440,Left,0.0,0.4076
1779055099.0041,0,535,Left,0.0,0.4957
1779055099.037,0,672,Left,0.0,0.6228
1779055099.0665,0,614,Left,0.0,0.5694
1779055099.0976,0,611,Left,0.0,0.5666
1779055099.5469,0,632,Left,0.0,0.5857
1779055099.6217,0,550,Left,0.0,0.5101
1779055099.6545,0,529,Left,0.0,0.49
1779055099.6865,0,501,Left,0.0,0.4643
1779055099.7158,0,555,Left,0.0,0.5143
1779055099.7464,0,444,Left,0.0,0.4118
1779055099.7777,0,497,Left,0.0,0.4604
1779055099.95,0,490,Left,0.0,0.4546
1779055100.0469,0,479,Left,0.0,0.4444
1779055100.1348,0,455,Left,0.0,0.4217
1779055100.1966,0,459,Left,0.0,0.4259
1779055100.2582,0,404,Left,0.0,0.3741
1779055100.4723,0,375,Left,0.0,0.3473
1779055100.5653,0,442,Left,0.0,0.4097
1779055100.611,0,391,Left,0.0,0.3623
1779055100.6655,0,447,Left,0.0,0.4145
1779055100.9697,0,479,Left,0.0,0.4442
1779055101.0322,0,393,Left,0.0,0.3639
1779055101.0926,0,318,Left,0.0,0.2949
1779055101.15,0,383,Left,0.0,0.3555
1779055101.2099,0,410,Left,0.0,0.3798
1779055101.303,0,369,Left,0.0,0.3419
1779055101.3973,0,420,Left,0.0,0.3891
1779055101.514,0,467,Left,0.0,0.4329
1779055101.5469,0,407,Left,0.0,0.3771
1779055101.5782,0,344,Left,0.0,0.3193
1779055101.6066,0,395,Left,0.0,0.3665
1779055101.6362,0,408,Left,0.0,0.3784
1779055102.1378,0,383,Left,0.0,0.3555
1779055102.1989,0,406,Left,0.0,0.3759
1779055102.3765,0,445,Left,0.0,0.4125
1779055102.4377,0,379,Left,0.0,0.3509
1779055102.5334,0,388,Left,0.0,0.3598
1779055102.7832,0,335,Left,0.0,0.3103
1779055102.8435,0,330,Left,0.0,0.3056
1779055102.9349,0,255,Left,0.0,0.2367
1779055103.0272,0,272,Left,0.0,0.252
1779055103.0927,0,189,Left,0.0,0.1753
1779055103.4591,0,235,Left,0.0,0.2183
1779055103.4906,0,257,Left,0.0,0.2387
1779055103.5547,0,343,Left,0.0,0.3184
1779055103.5755,0,324,Left,0.0,0.3004
1779055103.6111,0,443,Left,0.0,0.4108
1779055103.6435,0,446,Left,0.0,0.4132
1779055103.7637,0,472,Left,0.0,0.4379
1779055103.7951,12,417,Left,0.0067,0.3862
1779055103.8241,12,498,Left,0.0067,0.462
1779055103.8532,12,544,Left,0.0067,0.5046
1779055103.8847,12,618,Left,0.0067,0.5729
1779055103.9161,21,493,Left,0.0114,0.4567
1779055103.9435,22,501,Left,0.0118,0.464
1779055103.9778,22,501,Left,0.0118,0.464
1779055104.0083,87,380,Left,0.0454,0.3527
1779055104.0365,226,312,Left,0.1182,0.2894
1779055104.067,321,158,Left,0.1673,0.1472
1779055104.2015,394,158,Left,0.2052,0.1472
1779055104.2224,452,162,Left,0.2355,0.1501
1779055104.2555,452,278,Left,0.2357,0.2576
1779055104.2832,376,264,Left,0.196,0.2448
1779055104.4126,358,292,Left,0.187,0.2706
1779055104.4451,430,378,Left,0.224,0.3501
1779055104.4823,499,312,Left,0.2602,0.2896
1779055104.5076,561,196,Left,0.2925,0.1821
1779055104.5403,634,117,Left,0.3307,0.1084
1779055104.5691,672,89,Left,0.35,0.0826
1779055104.5954,638,31,Left,0.3324,0.0289
1779055104.6279,622,106,Left,0.324,0.0988
1779055104.6567,580,174,Left,0.3023,0.1618
1779055104.6906,539,171,Left,0.2809,0.1588
1779055104.7193,544,171,Left,0.2834,0.1588
1779055104.7493,513,143,Left,0.2672,0.133
1779055104.7972,548,68,Left,0.2855,0.0631
1779055104.8312,553,39,Left,0.2884,0.0365
1779055104.8597,575,39,Left,0.2999,0.0365
1779055104.9765,546,54,Left,0.2847,0.0502
1779055105.0063,565,54,Left,0.2946,0.0502
1779055105.0396,517,54,Left,0.2696,0.0502
1779055105.0771,521,14,Left,0.2718,0.0138
1779055105.1049,517,65,Left,0.2698,0.061
1779055105.136,521,93,Left,0.2717,0.0868
1779055105.1665,441,119,Left,0.23,0.1109
1779055105.1944,363,133,Left,0.1892,0.1237
1779055105.2239,326,133,Left,0.1698,0.1237
1779055105.2472,302,125,Left,0.1577,0.1162
1779055105.28,292,143,Left,0.1522,0.1326
1779055105.3094,361,143,Left,0.1884,0.1326
1779055105.3426,396,174,Left,0.2067,0.1614
1779055105.3724,339,229,Left,0.1766,0.2122
1779055105.4071,248,195,Left,0.1293,0.1811
1779055105.5331,165,135,Left,0.0861,0.1251
1779055105.5677,90,128,Left,0.0469,0.1189
1779055105.5929,41,137,Left,0.0214,0.1278
1779055105.6284,41,174,Left,0.0214,0.1612
1779055105.6556,41,259,Left,0.0214,0.24
1779055105.69,41,364,Left,0.0214,0.3371
1779055105.7264,19,460,Left,0.0103,0.4263
1779055105.7608,0,512,Left,0.0,0.4744
1779055105.7939,0,435,Left,0.0,0.4029
1779055105.8232,0,372,Left,0.0,0.345
1779055105.8548,0,298,Left,0.0,0.2759
1779055105.8923,0,182,Left,0.0,0.1689
1779055105.9182,18,83,Left,0.0097,0.0774
1779055105.9498,18,182,Left,0.0097,0.1685
1779055105.9816,18,234,Left,0.0097,0.2168
1779055106.1083,18,322,Left,0.0097,0.2986
1779055106.1368,18,409,Left,0.0097,0.3796
1779055106.1677,0,461,Left,0.0,0.4276
1779055106.1997,38,447,Left,0.0201,0.4139
1779055106.233,108,419,Left,0.0567,0.3883
1779055106.2643,177,353,Left,0.0926,0.327
1779055106.2916,215,337,Left,0.1121,0.3128
1779055106.3238,262,333,Left,0.1366,0.3087
1779055106.352,259,312,Left,0.1354,0.2889
1779055106.3852,253,312,Left,0.1322,0.2897
1779055106.4151,211,317,Left,0.11,0.294
1779055106.4486,234,321,Left,0.1221,0.2979
1779055106.4765,250,351,Left,0.1303,0.3258
1779055106.5084,235,331,Left,0.1226,0.3067
1779055106.5436,204,332,Left,0.1067,0.3083
1779055106.6555,216,338,Left,0.1129,0.3132
1779055106.6876,174,376,Left,0.0911,0.3489
1779055106.7175,115,396,Left,0.0601,0.3669
1779055106.754,93,433,Left,0.0489,0.4017
1779055106.7848,60,481,Left,0.0314,0.4454
1779055106.8151,21,519,Left,0.0115,0.4812
1779055106.8415,3,491,Left,0.0016,0.455
1779055106.8712,0,467,Left,0.0,0.4327
1779055106.9113,71,434,Left,0.0374,0.4023
1779055106.9576,118,363,Left,0.0616,0.3366
1779055106.986,176,268,Left,0.0921,0.2489
1779055107.0175,253,200,Left,0.1322,0.186
1779055107.0438,330,144,Left,0.1721,0.1342
1779055107.0753,330,108,Left,0.1722,0.1006
1779055107.1084,344,98,Left,0.1794,0.091
1779055107.2193,310,144,Left,0.1618,0.1339
1779055107.2523,310,178,Left,0.1619,0.1656
1779055107.2815,292,227,Left,0.1525,0.2104
1779055107.3135,267,239,Left,0.1394,0.2222
1779055107.3459,281,255,Left,0.1467,0.2362
1779055107.3779,294,261,Left,0.1536,0.2419
1779055107.4049,264,279,Left,0.1377,0.2589
1779055107.4327,259,278,Left,0.1352,0.2578
1779055107.4654,239,280,Left,0.125,0.2598
1779055107.4952,229,265,Left,0.1198,0.2458
1779055107.5264,278,250,Left,0.1449,0.232
1779055107.5593,291,187,Left,0.152,0.1735
1779055107.5903,318,126,Left,0.1659,0.1169
1779055107.6206,352,109,Left,0.1837,0.1018
1779055107.6518,355,143,Left,0.1851,0.1327
1779055107.769,334,133,Left,0.1743,0.1237
1779055107.8023,349,138,Left,0.1821,0.1286
1779055107.8317,366,170,Left,0.1907,0.1579
1779055107.8656,390,192,Left,0.2034,0.1784
1779055107.9064,394,189,Left,0.2053,0.1752
1779055107.9394,380,217,Left,0.1981,0.2017
1779055107.9792,396,269,Left,0.2065,0.2494
1779055108.0112,542,247,Left,0.2825,0.2294
1779055108.043,714,251,Left,0.372,0.2327
1779055108.0722,925,276,Center,0.4819,0.2562
1779055108.0901,1137,287,Center,0.5926,0.266
1779055108.116,1313,311,Right,0.6839,0.2882
1779055108.1468,1321,339,Right,0.6883,0.3143
1779055108.1771,1307,343,Right,0.6812,0.3183
1779055108.209,1280,355,Right,0.667,0.3292
1779055108.3211,1277,371,Right,0.6653,0.3438
1779055108.3514,1245,365,Right,0.6488,0.3388
1779055108.3822,1223,376,Right,0.6371,0.349
1779055108.4176,1185,369,Right,0.6174,0.3424
1779055108.4469,1151,363,Center,0.5997,0.3369
1779055108.4779,1108,355,Center,0.5772,0.3293
1779055108.5092,1087,320,Center,0.5662,0.2964
1779055108.5345,1055,334,Center,0.5497,0.3097
1779055108.5651,1045,341,Center,0.5445,0.3165
1779055108.5971,1031,328,Center,0.5374,0.3039
1779055108.6302,998,310,Center,0.5202,0.2875
1779055108.6635,980,326,Center,0.5105,0.3022
1779055108.6927,961,312,Center,0.5009,0.2896
1779055108.7255,963,339,Center,0.5018,0.3139
1779055108.7553,955,322,Center,0.4975,0.2984
1779055108.9068,954,327,Center,0.497,0.3035
1779055108.9336,932,339,Center,0.4858,0.3147
1779055108.9651,923,320,Center,0.481,0.2966
1779055108.9912,889,304,Center,0.4635,0.2822
1779055109.019,862,288,Center,0.4492,0.2669
1779055109.0609,849,242,Center,0.4427,0.2243
1779055109.0922,834,229,Center,0.4348,0.2121
1779055109.1177,830,220,Center,0.4328,0.2042
1779055109.1488,828,200,Center,0.4317,0.1853
1779055109.185,829,226,Center,0.4318,0.2095
1779055109.2149,791,252,Center,0.4123,0.2341
1779055109.2452,775,224,Center,0.4039,0.2079
1779055109.2741,761,271,Left,0.3966,0.2512
1779055109.3091,729,314,Left,0.38,0.2912
1779055109.3333,689,289,Left,0.3594,0.2678
1779055109.495,688,290,Left,0.3584,0.2692
1779055109.5262,661,330,Left,0.3445,0.3061
1779055109.5526,630,302,Left,0.3285,0.2798
1779055109.5892,603,279,Left,0.3143,0.2587
1779055109.6242,577,271,Left,0.3009,0.2517
1779055109.6477,572,272,Left,0.2983,0.2525
1779055109.6798,576,231,Left,0.3003,0.2143
1779055109.7067,573,214,Left,0.2986,0.1988
1779055109.7304,579,196,Left,0.3017,0.1819
1779055109.7553,575,207,Left,0.2997,0.192
1779055109.7868,561,193,Left,0.2923,0.1791
1779055109.8143,550,190,Left,0.2866,0.176
1779055109.8451,547,201,Left,0.2854,0.1864
1779055109.8743,540,226,Left,0.2814,0.2097
1779055109.9063,547,261,Left,0.2851,0.2424
1779055110.0374,555,311,Left,0.2896,0.288
1779055110.0665,561,330,Left,0.2924,0.306
1779055110.0974,560,356,Left,0.2919,0.3298
1779055110.1282,587,332,Left,0.3059,0.3077
1779055110.1652,587,313,Left,0.3061,0.2901
1779055110.1893,575,310,Left,0.2999,0.2877
1779055110.2243,625,317,Left,0.326,0.2943
1779055110.2591,683,275,Left,0.3561,0.2553
1779055110.2886,719,309,Left,0.3747,0.2868
1779055110.3207,815,286,Center,0.4248,0.265
1779055110.3543,935,214,Center,0.4874,0.1985
1779055110.4467,874,182,Center,0.4555,0.1686
1779055110.4812,702,196,Left,0.3659,0.1817
1779055110.6109,575,165,Left,0.2995,0.1535
1779055110.6616,506,165,Left,0.2637,0.1535
1779055110.6973,434,153,Left,0.2263,0.1421
1779055110.7423,497,129,Left,0.2592,0.1198
1779055110.7717,670,86,Left,0.3493,0.0801
1779055110.8165,670,86,Left,0.3493,0.0801
1779055110.8476,819,36,Center,0.4268,0.0336
1779055110.8847,870,0,Center,0.4535,0.0
1779055110.9145,895,0,Center,0.4662,0.0
1779055110.9424,910,0,Center,0.4744,0.0
1779055110.9746,939,0,Center,0.4893,0.0
1779055111.0049,932,0,Center,0.4859,0.0
1779055111.0333,947,0,Center,0.4937,0.0
1779055111.0643,956,0,Center,0.4981,0.0
1779055111.0943,956,0,Center,0.4981,0.0
1779055111.2065,956,0,Center,0.4981,0.0
1779055111.2428,943,0,Center,0.4916,0.0
1779055111.2745,916,0,Center,0.4776,0.0
1779055111.3038,916,0,Center,0.4776,0.0
1779055111.3322,889,0,Center,0.4635,0.0
1779055111.3665,866,0,Center,0.4511,0.0
1779055111.3932,866,0,Center,0.4511,0.0
1779055111.4292,843,0,Center,0.4392,0.0
1779055111.464,868,0,Center,0.4521,0.0
1779055111.5152,868,42,Center,0.4522,0.0394
1779055111.5474,872,69,Center,0.4542,0.064
1779055111.5791,872,142,Center,0.4545,0.1324
1779055111.6114,888,180,Center,0.4629,0.1672
1779055111.6403,871,225,Center,0.454,0.2086
1779055111.6692,865,255,Center,0.4505,0.2363
1779055111.8022,873,292,Center,0.4551,0.2706
1779055111.8365,845,281,Center,0.4406,0.2605
1779055111.8825,832,294,Center,0.4335,0.273
1779055111.9162,814,315,Center,0.4244,0.292
1779055111.9585,820,310,Center,0.4275,0.2872
1779055111.9884,825,306,Center,0.43,0.284
1779055112.0182,836,320,Center,0.4357,0.2966
1779055112.0484,825,317,Center,0.4302,0.2941
1779055112.0772,829,314,Center,0.4321,0.291
1779055112.1084,819,302,Center,0.4266,0.2804
1779055112.1388,809,300,Center,0.4218,0.2779
1779055112.1757,806,272,Center,0.4199,0.2526
1779055112.2167,811,288,Center,0.4224,0.2672
1779055112.2546,818,261,Center,0.4261,0.2418
1779055112.2983,855,241,Center,0.4454,0.2233
1779055112.6446,870,230,Center,0.4536,0.213
1779055180.683,900,180,Center,0.4688,0.1673
1779055180.9954,1037,184,Center,0.5406,0.1706
1779055181.0334,1125,165,Center,0.5861,0.1528
1779055181.099,1201,129,Right,0.6259,0.1195
1779055181.1927,1239,115,Right,0.6455,0.1065
1779055181.2311,1278,139,Right,0.6657,0.129
1779055181.2715,1191,257,Right,0.6207,0.2384
1779055181.3002,1133,316,Center,0.5903,0.2934
1779055181.3349,1044,367,Center,0.544,0.3405
1779055181.3718,1029,401,Center,0.5362,0.3722
1779055181.4154,976,413,Center,0.5087,0.3831
1779055181.5713,947,258,Center,0.4934,0.2393
1779055181.612,915,183,Center,0.4768,0.1701
1779055181.6452,909,132,Center,0.4736,0.123
1779055181.6852,909,132,Center,0.4736,0.123
1779055181.7232,909,132,Center,0.4736,0.123
1779055181.7611,895,66,Center,0.4662,0.0614
1779055181.7881,888,30,Center,0.4629,0.028
1779055181.8182,848,8,Center,0.4421,0.0079
1779055181.8548,836,8,Center,0.4357,0.0079
1779055181.883,823,17,Center,0.4289,0.0163
1779055181.9136,789,39,Center,0.4112,0.0363
1779055181.9664,800,47,Center,0.4167,0.0435
1779055181.9999,840,77,Center,0.4378,0.0721
1779055182.0294,852,77,Center,0.4441,0.0721
1779055182.0693,869,98,Center,0.4531,0.0912
1779055182.2227,920,122,Center,0.4796,0.1134
1779055182.2591,937,129,Center,0.4883,0.1197
1779055182.3165,871,95,Center,0.4539,0.0888
1779055182.3707,785,176,Center,0.409,0.1632
1779055182.3993,680,237,Left,0.3542,0.2198
1779055182.4279,553,257,Left,0.2884,0.2385
1779055182.4611,455,281,Left,0.2371,0.2606
1779055182.4957,443,370,Left,0.2312,0.3431
1779055182.5348,534,353,Left,0.2784,0.3277
1779055182.5648,629,266,Left,0.3278,0.2466
1779055182.6001,707,200,Left,0.3683,0.1857
1779055182.6291,707,200,Left,0.3683,0.1857
1779055182.6553,805,162,Center,0.4197,0.1501
1779055182.6866,914,66,Center,0.4761,0.062
1779055182.9486,928,9,Center,0.4835,0.0088
1779055182.9877,941,6,Center,0.4902,0.0057
1779055183.0193,1020,6,Center,0.5317,0.0057
1779055183.0569,1060,6,Center,0.5524,0.0057
1779055183.0817,1068,6,Center,0.5563,0.0057
1779055183.1454,1112,0,Center,0.5796,0.0
1779055183.179,1157,6,Right,0.603,0.0064
1779055183.2127,1148,16,Center,0.5983,0.0153
1779055183.2454,1134,16,Center,0.5908,0.0153
1779055183.2674,1133,16,Center,0.5905,0.0153
1779055183.3165,1092,16,Center,0.5692,0.0153
1779055183.3486,1020,9,Center,0.5317,0.0089
1779055183.3825,963,0,Center,0.5021,0.0
1779055183.4111,963,0,Center,0.5021,0.0
1779055183.5891,963,0,Center,0.5021,0.0
1779055183.6211,788,36,Center,0.4108,0.0333
1779055183.6513,611,65,Left,0.3184,0.0609
1779055183.6866,434,122,Left,0.2264,0.113
1779055183.7153,314,207,Left,0.1639,0.1917
1779055183.7442,176,270,Left,0.0921,0.2502
1779055183.7729,140,314,Left,0.0733,0.2908
1779055183.8087,93,355,Left,0.0486,0.3296
1779055183.8315,79,352,Left,0.0417,0.3268
1779055183.8626,38,305,Left,0.0201,0.2833
1779055183.8964,9,283,Left,0.005,0.2629
1779055183.9291,17,237,Left,0.0092,0.2196
1779055183.9523,45,231,Left,0.0237,0.2146
1779055183.9897,114,178,Left,0.0596,0.1654
1779055184.0306,221,140,Left,0.1153,0.1301
1779055184.1637,359,99,Left,0.1872,0.0921
1779055184.2011,361,197,Left,0.1884,0.1828
1779055184.2443,351,172,Left,0.183,0.1601
1779055184.286,338,223,Left,0.1763,0.2066
1779055184.3154,303,223,Left,0.1579,0.2066
1779055184.3487,258,223,Left,0.1349,0.2066
1779055184.3822,408,91,Left,0.2125,0.0852
1779055184.4097,610,50,Left,0.3177,0.0465
1779055184.4399,812,0,Center,0.4234,0.0
1779055184.5833,984,0,Center,0.5128,0.0
1779055184.6131,1136,20,Center,0.592,0.0192
1779055184.6456,1171,64,Right,0.6099,0.0597
1779055184.6799,1171,119,Right,0.6103,0.1106
1779055184.7181,1129,167,Center,0.5881,0.1551
1779055184.7498,1144,202,Center,0.5961,0.1874
1779055184.907,1158,243,Right,0.6034,0.2256
1779055184.9456,1209,252,Right,0.63,0.2334
1779055184.9831,1262,227,Right,0.6573,0.2107
1779055185.0355,1238,179,Right,0.6452,0.1661
1779055185.0626,1067,144,Center,0.556,0.1339
1779055185.0974,841,116,Center,0.4382,0.1078
1779055185.144,586,99,Left,0.3056,0.0924
1779055185.174,333,170,Left,0.1738,0.1574
1779055185.2188,170,261,Left,0.0887,0.2417
1779055185.2512,94,350,Left,0.0492,0.3248
1779055185.2876,65,436,Left,0.0343,0.4044
1779055185.3178,65,534,Left,0.0343,0.4948
1779055185.354,78,535,Left,0.0409,0.4956
1779055185.3832,67,550,Left,0.0351,0.5096
1779055185.4222,96,521,Left,0.0501,0.4825
1779055185.5718,163,508,Left,0.085,0.4708
1779055185.6127,224,475,Left,0.1168,0.44
1779055185.6421,249,414,Left,0.1299,0.384
1779055185.6758,305,378,Left,0.159,0.3503
1779055185.705,319,383,Left,0.1663,0.3553
1779055185.7334,306,339,Left,0.1596,0.3144
1779055185.7624,324,291,Left,0.169,0.2701
1779055185.7955,331,334,Left,0.1726,0.3096
1779055185.8256,337,346,Left,0.176,0.3211
1779055185.8555,369,363,Left,0.1925,0.3366
1779055185.886,397,383,Left,0.2072,0.355
1779055185.9182,408,398,Left,0.2128,0.3688
1779055185.9475,425,382,Left,0.2215,0.3538
1779055185.9857,423,368,Left,0.2205,0.3408
1779055186.0166,411,377,Left,0.2142,0.3499
1779055186.2012,395,374,Left,0.2059,0.3464
1779055186.2576,387,357,Left,0.2021,0.331
1779055186.2931,402,357,Left,0.2095,0.3307
1779055186.3158,396,356,Left,0.2067,0.3304
1779055186.344,402,324,Left,0.2095,0.3005
1779055186.3865,441,305,Left,0.23,0.2824
1779055186.4173,500,322,Left,0.2606,0.2989
1779055186.4523,475,331,Left,0.2476,0.3072
1779055186.4763,419,366,Left,0.2187,0.3389
1779055186.5052,340,411,Left,0.1772,0.3806
1779055186.5399,229,432,Left,0.1194,0.4007
1779055186.5669,88,463,Left,0.0459,0.4295
1779055186.5988,17,502,Left,0.0093,0.4655
1779055186.6292,0,528,Left,0.0,0.4895
1779055186.6615,0,520,Left,0.0,0.4821
1779055186.8365,0,536,Left,0.0,0.4967
1779055186.8682,0,531,Left,0.0,0.4921
1779055186.8989,0,540,Left,0.0,0.5002
1779055186.9334,0,510,Left,0.0,0.4724
1779055186.9631,0,511,Left,0.0,0.4732
1779055186.9925,0,506,Left,0.0,0.4693
1779055187.0174,0,504,Left,0.0,0.4672
1779055187.0564,0,488,Left,0.0,0.4519
1779055187.0853,0,499,Left,0.0,0.4625
1779055187.1513,0,515,Left,0.0,0.4771
1779055187.1849,32,515,Left,0.0168,0.4773
1779055187.2114,87,470,Left,0.0453,0.4355
1779055187.2353,188,409,Left,0.0982,0.3794
1779055187.267,269,353,Left,0.1405,0.3272
1779055187.2981,362,291,Left,0.1886,0.2703
1779055187.4589,425,251,Left,0.2214,0.2324
1779055187.4967,452,246,Left,0.2355,0.2278
1779055187.5413,433,251,Left,0.2257,0.2327
1779055187.5846,441,248,Left,0.2301,0.2303
1779055187.6122,353,285,Left,0.1844,0.2647
1779055187.6426,261,326,Left,0.136,0.302
1779055187.6722,179,375,Left,0.0933,0.3476
1779055187.7054,96,416,Left,0.0502,0.3861
1779055187.7303,6,464,Left,0.0035,0.4304
1779055187.794,2,478,Left,0.0012,0.443
1779055187.8193,0,489,Left,0.0,0.4534
1779055187.8486,2,506,Left,0.0012,0.4686
1779055187.8748,2,524,Left,0.0012,0.4854
1779055187.903,2,537,Left,0.0012,0.498
1779055187.9343,2,547,Left,0.0012,0.5065
1779055188.1084,8,541,Left,0.0046,0.5017
1779055188.1402,6,537,Left,0.0034,0.4978
1779055188.178,6,518,Left,0.0034,0.4802
1779055188.2087,6,537,Left,0.0034,0.4976
1779055188.2479,25,509,Left,0.0134,0.4716
1779055188.2848,64,516,Left,0.0338,0.4779
1779055188.3174,129,519,Left,0.0673,0.4812
1779055188.3523,201,527,Left,0.1049,0.4887
1779055188.3812,320,482,Left,0.167,0.447
1779055188.4067,403,475,Left,0.2103,0.44
1779055188.4272,459,449,Left,0.2392,0.4166
1779055188.4622,511,426,Left,0.2667,0.3952
1779055188.4969,549,411,Left,0.286,0.3811
1779055188.5208,525,410,Left,0.2735,0.3803
1779055188.5503,520,419,Left,0.271,0.3883
1779055188.7207,506,425,Left,0.2635,0.3936
1779055188.7561,474,423,Left,0.247,0.3924
1779055188.7895,446,404,Left,0.2327,0.3742
1779055188.8264,436,378,Left,0.2275,0.3502
1779055188.8589,417,398,Left,0.2176,0.3694
1779055188.8898,411,415,Left,0.2141,0.3846
1779055188.9265,398,436,Left,0.2076,0.4039
1779055188.9547,392,474,Left,0.2045,0.4396
1779055188.9892,326,520,Left,0.1702,0.4819
1779055189.0178,248,494,Left,0.1293,0.4575
1779055189.0633,168,524,Left,0.0876,0.4853
1779055189.0957,95,513,Left,0.0497,0.4755
1779055189.128,19,506,Left,0.0101,0.4689
1779055189.159,0,511,Left,0.0,0.4732
1779055189.1861,0,541,Left,0.0,0.5014
1779055189.3653,0,526,Left,0.0,0.4875
1779055189.3979,0,549,Left,0.0,0.5087
1779055189.4299,0,559,Left,0.0,0.518
1779055189.4653,0,558,Left,0.0001,0.5167
1779055189.5065,3,557,Left,0.0016,0.5163
1779055189.5328,3,543,Left,0.0016,0.503
1779055189.567,3,523,Left,0.0016,0.4845
1779055189.6043,132,524,Left,0.0688,0.4855
1779055189.6739,131,422,Left,0.0687,0.3914
1779055190.6763,217,369,Left,0.113,0.3426
1779055190.7135,217,364,Left,0.113,0.3377
1779055190.7437,217,371,Left,0.113,0.344
1779055190.7798,87,362,Left,0.0458,0.3361
1779055190.8262,87,449,Left,0.0458,0.4163
1779055190.8665,0,486,Left,0.0,0.4509
1779055190.8914,0,485,Left,0.0,0.4494
1779055190.9175,0,487,Left,0.0,0.4513
1779055190.9519,0,499,Left,0.0,0.4628
1779055190.9826,0,521,Left,0.0,0.4826
1779055191.0161,0,519,Left,0.0,0.4809
1779055191.0439,87,509,Left,0.0457,0.4717
1779055191.0704,188,493,Left,0.0984,0.4572
1779055191.1021,280,466,Left,0.1462,0.4317
1779055191.2808,369,441,Left,0.1925,0.4085
1779055191.3137,506,436,Left,0.2639,0.4043
1779055191.3506,549,439,Left,0.286,0.4068
1779055191.3857,576,439,Left,0.3003,0.4065
1779055191.4172,601,441,Left,0.3131,0.4084
1779055191.4481,622,439,Left,0.3243,0.4069
1779055191.474,609,438,Left,0.3173,0.4064
1779055191.5042,574,438,Left,0.2993,0.4064
1779055191.5254,539,434,Left,0.2809,0.4019
1779055191.5525,510,433,Left,0.2658,0.4016
1779055191.582,516,435,Left,0.2691,0.4033
1779055191.613,515,437,Left,0.2687,0.4049
1779055191.6493,534,437,Left,0.2785,0.4055
1779055191.6812,555,443,Left,0.2892,0.4103
1779055191.7074,583,445,Left,0.3039,0.4127
1779055191.8673,584,444,Left,0.3044,0.4116
1779055191.905,575,444,Left,0.2997,0.4118
1779055191.9444,571,442,Left,0.2978,0.4094
1779055191.9753,568,440,Left,0.2962,0.4074
1779055192.0091,563,437,Left,0.2935,0.4052
1779055192.0402,551,425,Left,0.2871,0.3943
1779055192.0675,541,405,Left,0.2822,0.3751
1779055192.099,533,391,Left,0.2777,0.3629
1779055192.1432,537,377,Left,0.2798,0.3498
1779055192.1755,535,363,Left,0.2789,0.337
1779055192.2091,532,351,Left,0.2771,0.3258
1779055192.2422,528,339,Left,0.2751,0.3139
1779055192.2706,518,318,Left,0.2699,0.2952
1779055192.3009,487,302,Left,0.2541,0.2798
1779055192.3317,464,286,Left,0.242,0.2655
1779055192.5173,420,278,Left,0.2192,0.2577
1779055192.581,392,290,Left,0.2043,0.2691
1779055192.6188,404,310,Left,0.2108,0.2876
1779055192.6718,402,328,Left,0.2098,0.3044
1779055192.7064,382,345,Left,0.199,0.3195
1779055192.7365,391,361,Left,0.2038,0.3348
1779055192.7688,388,362,Left,0.2021,0.3352
1779055192.7985,361,350,Left,0.1884,0.3245
1779055192.8282,344,337,Left,0.1794,0.3127
1779055192.8681,338,324,Left,0.1764,0.3008
1779055192.8892,339,312,Left,0.1767,0.2895
1779055192.9193,349,301,Left,0.1818,0.2788
1779055192.9532,357,288,Left,0.1863,0.2671
1779055192.9849,411,283,Left,0.2145,0.2629
1779055193.0227,485,283,Left,0.2526,0.2624
1779055193.3473,543,285,Left,0.2831,0.2646
1779055193.3704,616,304,Left,0.3212,0.2819
1779055195.3574,553,322,Left,0.2885,0.299
1779055195.3929,501,335,Left,0.2614,0.3104
1779055195.4323,480,340,Left,0.2505,0.3157
1779055195.4653,434,340,Left,0.2265,0.3155
1779055195.4911,367,322,Left,0.1915,0.2988
1779055195.5191,401,313,Left,0.2091,0.2903
1779055195.5492,439,296,Left,0.2287,0.2742
1779055195.5849,402,283,Left,0.2097,0.2625
1779055195.6143,396,277,Left,0.2065,0.2567
1779055195.6523,412,280,Left,0.2146,0.2594
1779055195.7037,467,280,Left,0.2432,0.2599
1779055195.7357,459,300,Left,0.2391,0.2783
1779055195.7712,452,319,Left,0.2356,0.2956
1779055195.9255,439,355,Left,0.2287,0.3291
1779055195.978,448,346,Left,0.2335,0.3206
1779055196.023,423,338,Left,0.2206,0.3137
1779055196.0635,446,329,Left,0.2324,0.3048
1779055196.0885,443,318,Left,0.231,0.2951
1779055196.1213,446,281,Left,0.2326,0.2607
1779055196.1534,404,287,Left,0.2109,0.2659
1779055196.1848,408,292,Left,0.213,0.2711
1779055196.2159,379,290,Left,0.1979,0.2694
1779055196.2464,419,288,Left,0.2186,0.2676
1779055196.2764,454,297,Left,0.2369,0.2755
1779055196.3032,479,305,Left,0.25,0.2825
1779055196.3366,477,312,Left,0.2485,0.2891
1779055196.3692,464,316,Left,0.2421,0.2934
1779055196.4049,430,321,Left,0.2244,0.2975
1779055196.5632,396,320,Left,0.2064,0.297
1779055196.589,303,322,Left,0.158,0.2982
1779055196.6249,214,327,Left,0.1116,0.3032
1779055196.6514,135,334,Left,0.0708,0.3097
1779055196.6874,64,348,Left,0.0338,0.3226
1779055196.7155,0,366,Left,0.0,0.339
1779055196.746,0,380,Left,0.0,0.3527
1779055196.7787,0,391,Left,0.0,0.3626
1779055196.802,0,401,Left,0.0,0.3716
1779055196.8388,0,404,Left,0.0,0.3747
1779055196.8673,0,408,Left,0.0,0.3782
1779055196.8992,0,410,Left,0.0,0.3801
1779055196.9293,0,412,Left,0.0,0.382
1779055196.9649,0,411,Left,0.0,0.3814
1779055196.9979,0,410,Left,0.0,0.38
1779055197.1333,0,405,Left,0.0,0.3759
1779055197.171,0,419,Left,0.0,0.3889
1779055197.2161,0,429,Left,0.0,0.3972
1779055197.2468,0,437,Left,0.0,0.4051
1779055197.2831,0,445,Left,0.0,0.4126
1779055197.3167,54,446,Left,0.0286,0.4135
1779055197.3489,137,421,Left,0.0717,0.3906
1779055197.3878,221,397,Left,0.1153,0.3684
1779055197.4191,307,372,Left,0.1601,0.3445
1779055197.4522,411,345,Left,0.2144,0.32
1779055197.4928,442,323,Left,0.2304,0.2993
1779055197.5169,443,309,Left,0.231,0.2869
1779055197.548,459,309,Left,0.2396,0.2869
1779055197.5779,489,308,Left,0.2552,0.286
1779055197.5988,498,312,Left,0.2595,0.2892
1779055197.7584,581,258,Left,0.3026,0.239
1779055197.7895,758,244,Left,0.3948,0.2261
1779055197.828,949,210,Center,0.4946,0.1946
1779055197.8693,1102,176,Center,0.5742,0.1635
1779055197.9011,1246,172,Right,0.6492,0.1594
1779055197.9434,1343,214,Right,0.6997,0.1984
1779055197.9691,1363,203,Right,0.71,0.1881
1779055198.0024,1341,201,Right,0.6987,0.1867
1779055198.0333,1356,204,Right,0.7065,0.1891
1779055198.0668,1361,177,Right,0.7089,0.1639
1779055198.0951,1354,170,Right,0.7057,0.1575
1779055198.1261,1331,187,Right,0.6937,0.1736
1779055198.1544,1322,208,Right,0.689,0.1926
1779055198.1831,1317,232,Right,0.6864,0.2157
1779055198.2173,1314,257,Right,0.6849,0.2387
1779055198.3758,1320,278,Right,0.688,0.258
1779055198.4122,1318,304,Right,0.6869,0.2817
1779055198.4529,1310,327,Right,0.6827,0.3028
1779055198.4923,1285,342,Right,0.6697,0.317
1779055198.5207,1296,350,Right,0.6754,0.3242
1779055198.5542,1298,348,Right,0.6766,0.3227
1779055198.5848,1299,359,Right,0.6771,0.3332
1779055198.6198,1315,356,Right,0.6849,0.3301
1779055198.6509,1310,340,Right,0.6823,0.3156
1779055198.6834,1291,358,Right,0.6727,0.3319
1779055198.7164,1281,356,Right,0.6673,0.3298
1779055198.7473,1279,349,Right,0.6662,0.3241
1779055198.7812,1261,343,Right,0.6569,0.3178
1779055198.8088,1259,341,Right,0.6557,0.3159
1779055198.8392,1262,332,Right,0.6576,0.3082
1779055198.9688,1263,338,Right,0.6578,0.3131
1779055199.0103,1244,308,Right,0.6481,0.2861
1779055199.0546,1227,322,Right,0.6392,0.2989
1779055199.0921,1212,340,Right,0.6315,0.3155
1779055199.1321,1195,334,Right,0.6229,0.3096
1779055199.1741,1182,336,Right,0.6157,0.3119
1779055199.2009,1187,351,Right,0.6186,0.3251
1779055199.2288,1195,341,Right,0.6226,0.3161
1779055199.2585,1206,341,Right,0.6282,0.3158
1779055199.2933,1201,334,Right,0.626,0.3101
1779055199.3375,1187,324,Right,0.6183,0.3
1779055199.3763,1173,302,Right,0.6111,0.2796
1779055199.4202,1150,276,Center,0.5994,0.2563
1779055199.4493,1134,250,Center,0.5908,0.2315
1779055199.4815,1121,262,Center,0.5843,0.2432
1779055199.6173,1106,251,Center,0.5763,0.2329
1779055199.6489,1078,258,Center,0.5617,0.2397
1779055199.683,1069,272,Center,0.5569,0.2521
1779055199.7291,1049,301,Center,0.5468,0.2788
1779055199.7733,1024,293,Center,0.5334,0.2721
1779055199.8063,1017,302,Center,0.53,0.2805
1779055199.8397,1019,320,Center,0.5311,0.297
1779055199.8799,1002,310,Center,0.5222,0.2878
1779055199.9107,994,284,Center,0.5181,0.2633
1779055199.953,994,267,Center,0.5181,0.2479
1779055199.9834,996,280,Center,0.5191,0.2595
1779055200.023,1017,269,Center,0.5302,0.2495
1779055200.0452,1058,266,Center,0.551,0.2464
1779055200.0798,1082,295,Center,0.564,0.2741
1779055200.1135,1110,291,Center,0.5785,0.2702
1779055200.2606,1133,301,Center,0.5905,0.279
1779055200.3039,1085,298,Center,0.5652,0.2766
1779055200.3322,985,254,Center,0.513,0.2353
1779055200.3631,900,177,Center,0.469,0.164
1779055200.3964,840,130,Center,0.4376,0.1205
1779055200.4214,760,56,Left,0.3958,0.0522
1779055200.4529,753,0,Left,0.3926,0.0
1779055200.483,813,0,Center,0.4237,0.0
1779055200.5134,869,0,Center,0.4528,0.0
1779055200.5452,869,0,Center,0.4528,0.0
1779055200.5762,898,0,Center,0.4682,0.0
1779055200.6108,926,0,Center,0.4823,0.0
1779055200.643,934,0,Center,0.4866,0.0
1779055200.6707,919,0,Center,0.4791,0.0
1779055200.7001,919,0,Center,0.4791,0.0
1779055200.8159,911,0,Center,0.4745,0.0
1779055200.8453,900,0,Center,0.4692,0.0
1779055200.8771,901,0,Center,0.4697,0.0
1779055200.9088,903,0,Center,0.4707,0.0
1779055200.9374,892,0,Center,0.4648,0.0
1779055200.9712,869,0,Center,0.4528,0.0
1779055200.9988,841,0,Center,0.4384,0.0
1779055201.032,777,0,Center,0.4047,0.0
1779055201.0587,719,12,Left,0.3745,0.0117
1779055201.0901,676,17,Left,0.3524,0.0162
1779055201.1187,652,45,Left,0.3399,0.0418
1779055201.1498,615,107,Left,0.3206,0.0999
1779055201.1791,607,163,Left,0.3162,0.1518
1779055201.2108,564,210,Left,0.2941,0.1954
1779055201.2424,640,272,Left,0.3337,0.2522
1779055201.3475,766,288,Left,0.3994,0.2667
1779055201.379,868,269,Center,0.4522,0.2497
1779055201.4091,981,280,Center,0.5115,0.2597
1779055201.4393,1101,276,Center,0.5739,0.2565
1779055201.4691,1101,261,Center,0.5736,0.2423
1779055201.5005,1021,269,Center,0.5318,0.2494
1779055201.527,994,288,Center,0.5179,0.2672
1779055201.5565,972,272,Center,0.5065,0.2519
1779055201.586,962,287,Center,0.5014,0.2659
1779055201.6176,944,314,Center,0.4918,0.2909
1779055201.6498,940,330,Center,0.4897,0.3059
1779055201.6821,927,331,Center,0.4832,0.307
1779055201.7136,906,319,Center,0.4721,0.2963
1779055201.7474,901,305,Center,0.4696,0.2827
1779055201.7799,915,301,Center,0.4769,0.2792
1779055201.9635,925,308,Center,0.4819,0.2853
1779055202.2523,948,315,Center,0.4939,0.2924
1779055202.2861,982,349,Center,0.5118,0.3233
1779055202.3175,1024,329,Center,0.5335,0.3054
1779055202.3591,1046,307,Center,0.545,0.2846
1779055202.3875,1067,306,Center,0.5559,0.2843
1779055202.419,1077,278,Center,0.5611,0.2575
1779055202.4624,1086,243,Center,0.5656,0.2253
1779055202.4847,1077,243,Center,0.5611,0.2258
1779055202.5296,1078,218,Center,0.5618,0.2021
1779055202.5528,1091,171,Center,0.5683,0.1586
1779055202.5819,1089,162,Center,0.5674,0.1508
1779055202.6198,1111,165,Center,0.579,0.1531
1779055202.6497,1124,164,Center,0.5858,0.1526
1779055202.6778,1125,165,Center,0.5863,0.1531
1779055202.8214,1146,170,Center,0.597,0.1575
1779055202.8543,1147,186,Center,0.5978,0.1725
1779055202.886,1116,186,Center,0.5817,0.1726
1779055202.9176,1108,206,Center,0.5775,0.1916
1779055202.9539,1097,237,Center,0.5718,0.22
1779055202.9802,1063,266,Center,0.5541,0.2463
1779055203.0136,1064,247,Center,0.5545,0.2289
1779055203.0387,1065,262,Center,0.5552,0.2432
1779055203.074,1050,272,Center,0.547,0.2524
1779055203.1019,1048,280,Center,0.5459,0.2598
1779055203.1299,1031,280,Center,0.5371,0.2596
1779055203.1632,1017,308,Center,0.5297,0.2852
1779055203.193,1006,322,Center,0.5243,0.2984
1779055203.223,991,283,Center,0.5162,0.2622
1779055203.2523,973,287,Center,0.5072,0.2658
1779055203.3877,964,227,Center,0.5023,0.2108
1779055203.4189,997,167,Center,0.5195,0.155
1779055203.4543,1037,97,Center,0.5401,0.0905
1779055203.4846,1104,69,Center,0.575,0.0641
1779055203.5231,1179,0,Right,0.6145,0.0
1779055203.5557,1252,31,Right,0.6523,0.029
1779055203.5884,1273,52,Right,0.6634,0.049
1779055203.6173,1273,62,Right,0.6635,0.0579
1779055203.6466,1272,99,Right,0.6627,0.0922
1779055203.682,1263,123,Right,0.6582,0.114
1779055203.7109,1263,109,Right,0.6581,0.1017
1779055203.7411,1256,98,Right,0.6543,0.0912
1779055203.7697,1202,132,Right,0.6263,0.1227
1779055203.805,1072,126,Center,0.5588,0.1171
1779055203.8333,947,165,Center,0.4933,0.1529
1779055203.9677,803,188,Center,0.4183,0.1745
1779055203.9942,622,262,Left,0.3242,0.2432
1779055204.0217,481,304,Left,0.251,0.2815
1779055204.0585,374,367,Left,0.1952,0.3407
1779055204.0877,278,402,Left,0.145,0.3724
1779055204.1117,216,444,Left,0.1129,0.4115
1779055204.1432,208,443,Left,0.1087,0.4109
1779055204.1761,205,453,Left,0.1069,0.4199
1779055204.2066,197,451,Left,0.103,0.4184
1779055204.2433,211,402,Left,0.1099,0.3726
1779055204.2743,201,357,Left,0.105,0.3315
1779055204.3042,197,315,Left,0.1029,0.2917
1779055204.3379,221,285,Left,0.1155,0.2642
1779055204.3712,278,283,Left,0.1449,0.2627
1779055204.402,318,324,Left,0.1658,0.3004
1779055204.5397,350,369,Left,0.1825,0.3421
1779055204.5689,407,420,Left,0.2122,0.389
1779055204.6047,429,440,Left,0.2236,0.4075
1779055204.6345,453,403,Left,0.2364,0.3739
1779055204.6636,388,384,Left,0.2025,0.3562
1779055204.6923,314,403,Left,0.1639,0.3734
1779055204.7422,204,421,Left,0.1067,0.3898
1779055204.7705,115,406,Left,0.06,0.3764
1779055204.8028,22,431,Left,0.0115,0.3992
1779055204.8375,0,452,Left,0.0003,0.4185
1779055204.8653,0,434,Left,0.0003,0.4026
1779055204.8991,0,447,Left,0.0003,0.4145
1779055204.9355,0,499,Left,0.0,0.4628
1779055204.9666,0,524,Left,0.0,0.4857
1779055204.9987,0,570,Left,0.0,0.5284
1779055205.125,1,596,Left,0.0008,0.5521
1779055205.1572,1,597,Left,0.0008,0.5536
1779055205.183,15,600,Left,0.008,0.5561
1779055205.2152,15,611,Left,0.008,0.5661
1779055205.25,21,560,Left,0.0111,0.519
1779055205.2766,36,542,Left,0.019,0.5024
1779055205.3097,43,530,Left,0.0225,0.4913
1779055205.3387,30,504,Left,0.016,0.4676
1779055205.3782,38,485,Left,0.0202,0.4497
1779055205.4022,73,492,Left,0.0384,0.4562
1779055205.4331,104,517,Left,0.0543,0.4793
1779055205.4667,146,504,Left,0.0762,0.4667
1779055205.4941,213,498,Left,0.1112,0.4616
1779055205.5259,263,495,Left,0.1375,0.459
1779055205.5566,265,498,Left,0.1384,0.4614
1779055205.6716,257,455,Left,0.1339,0.4218
1779055205.7021,260,421,Left,0.1359,0.3905
1779055205.7323,224,395,Left,0.117,0.3661
1779055205.7621,182,371,Left,0.0948,0.344
1779055205.7965,193,348,Left,0.1009,0.3226
1779055205.8306,209,351,Left,0.1091,0.3252
1779055205.8527,195,385,Left,0.1017,0.3573
1779055205.8824,163,423,Left,0.0851,0.3924
1779055205.9188,171,465,Left,0.0895,0.4313
1779055205.9438,137,509,Left,0.0718,0.4718
1779055205.9731,101,526,Left,0.053,0.4879
1779055206.0082,90,511,Left,0.047,0.474
1779055206.0347,98,520,Left,0.0513,0.4815
1779055206.0681,87,494,Left,0.0453,0.4575
1779055206.0968,78,499,Left,0.041,0.4621
1779055206.2108,126,507,Left,0.0661,0.4701
1779055206.2455,137,515,Left,0.0716,0.4769
1779055206.2752,174,510,Left,0.0911,0.4724
1779055206.303,215,531,Left,0.1124,0.4919
1779055206.3398,240,514,Left,0.1251,0.476
1779055206.3625,225,484,Left,0.1176,0.4487
1779055206.4011,255,497,Left,0.1332,0.4604
1779055206.4259,260,479,Left,0.1358,0.4438
1779055206.4551,295,451,Left,0.1539,0.418
1779055206.4834,349,425,Left,0.1819,0.3941
1779055206.5182,376,437,Left,0.1963,0.4051
1779055206.5476,382,434,Left,0.1991,0.4019
1779055206.5711,363,446,Left,0.1892,0.4133
1779055206.5931,291,508,Left,0.1517,0.4705
1779055206.6241,211,588,Left,0.1102,0.5452
1779055206.7573,132,651,Left,0.0688,0.6029
1779055206.9521,59,683,Left,0.0308,0.633
1779055206.9811,52,715,Left,0.0275,0.6627
1779055207.0176,107,643,Left,0.0562,0.5963
1779055207.045,158,579,Left,0.0823,0.5363
1779055207.0765,276,508,Left,0.144,0.4712
1779055207.1353,354,485,Left,0.1849,0.4498
1779055207.1672,427,442,Left,0.2226,0.4095
1779055207.1998,455,470,Left,0.2373,0.4352
1779055207.2359,468,443,Left,0.2441,0.411
1779055207.2635,425,462,Left,0.2215,0.4278
1779055207.2951,411,419,Left,0.2144,0.3888
1779055207.3267,426,400,Left,0.2221,0.3708
1779055207.3589,408,388,Left,0.2127,0.3601
1779055207.392,372,434,Left,0.194,0.4021
1779055207.5139,354,404,Left,0.1848,0.3747
1779055207.5429,334,415,Left,0.1744,0.3844
1779055207.581,342,417,Left,0.1783,0.387
1779055207.6081,323,401,Left,0.1683,0.3716
1779055207.6391,382,362,Left,0.1994,0.3353
1779055207.6674,431,384,Left,0.2248,0.356
1779055207.6971,487,373,Left,0.2538,0.3457
1779055207.7312,453,375,Left,0.236,0.3478
1779055207.7621,468,396,Left,0.2441,0.3667
1779055207.792,434,438,Left,0.2262,0.4062
1779055207.8215,399,452,Left,0.2082,0.4188
1779055207.8545,378,455,Left,0.1972,0.4218
1779055207.8846,356,459,Left,0.1855,0.4259
1779055207.9086,370,442,Left,0.1927,0.4095
1779055207.9349,375,394,Left,0.1958,0.3648
1779055208.0583,377,359,Left,0.1966,0.3328
1779055208.0962,398,387,Left,0.2078,0.3588
1779055208.1322,434,398,Left,0.2264,0.369
1779055208.177,470,412,Left,0.245,0.3816
1779055208.209,524,427,Left,0.2732,0.3958
1779055208.2398,570,477,Left,0.297,0.442
1779055208.2659,580,498,Left,0.3024,0.4618
1779055208.3143,582,526,Left,0.3033,0.4874
1779055208.3712,554,509,Left,0.2887,0.472
1779055208.4073,523,501,Left,0.2727,0.4646
1779055208.4346,498,494,Left,0.2598,0.4575
1779055208.4653,481,481,Left,0.2509,0.446
1779055208.4953,468,469,Left,0.2439,0.4351
1779055208.5255,458,511,Left,0.2388,0.474
1779055208.5553,470,498,Left,0.2452,0.4617
1779055208.7073,459,444,Left,0.2395,0.4117
1779055208.7319,461,390,Left,0.2402,0.3619
1779055208.7698,458,341,Left,0.2387,0.3163
1779055208.7964,470,343,Left,0.245,0.3183
1779055208.8269,450,394,Left,0.2348,0.3654
1779055208.8501,454,450,Left,0.2369,0.4168
1779055208.8849,461,462,Left,0.2404,0.428
1779055208.9114,482,465,Left,0.2511,0.4312
1779055208.9434,489,414,Left,0.2551,0.384
1779055208.9741,478,412,Left,0.2492,0.3823
1779055208.9939,431,411,Left,0.2247,0.3808
1779055209.0205,339,456,Left,0.1768,0.4229
1779055209.0514,238,506,Left,0.124,0.4689
1779055209.0845,128,557,Left,0.0668,0.5162
1779055209.1158,54,556,Left,0.0284,0.5148
1779055209.2334,14,550,Left,0.0074,0.5094
1779055209.2654,3,580,Left,0.002,0.5371
1779055209.2946,0,609,Left,0.0,0.5645
1779055209.3297,0,645,Left,0.0,0.5976
1779055209.3614,0,677,Left,0.0,0.6275
1779055209.3861,0,705,Left,0.0,0.6532
1779055209.4151,0,674,Left,0.0,0.6246
1779055209.5663,11,640,Left,0.0062,0.593
1779055209.5862,22,584,Left,0.0118,0.5413
1779055209.6207,104,501,Left,0.0545,0.4643
1779055209.6666,172,473,Left,0.0898,0.4388
1779055209.6951,229,458,Left,0.1196,0.4244
1779055209.7276,268,445,Left,0.1397,0.4122
1779055209.7601,312,446,Left,0.1626,0.4138
1779055209.7909,278,490,Left,0.1449,0.4543
1779055209.9443,260,484,Left,0.1357,0.449
1779055210.0125,321,457,Left,0.1677,0.4233
1779055210.0452,431,446,Left,0.2246,0.4134
1779055210.074,464,446,Left,0.2419,0.4135
1779055210.0968,463,469,Left,0.2412,0.4347
1779055210.1166,451,488,Left,0.235,0.4526
1779055210.1467,382,539,Left,0.1994,0.4992
1779055210.1768,281,559,Left,0.1465,0.5181
1779055210.1974,243,557,Left,0.127,0.5164
1779055210.2233,254,546,Left,0.1326,0.5057
1779055210.2544,255,528,Left,0.1331,0.4896
1779055210.2868,209,516,Left,0.1091,0.4781
1779055210.3172,151,521,Left,0.0787,0.4826
1779055210.3487,100,540,Left,0.0525,0.5003
1779055210.3813,77,555,Left,0.0402,0.5146
1779055210.498,111,576,Left,0.058,0.5341
1779055210.5298,155,573,Left,0.0812,0.5314
1779055210.5568,186,570,Left,0.0971,0.5285
1779055210.5865,206,564,Left,0.1074,0.523
1779055210.6135,206,533,Left,0.1077,0.4941
1779055210.6415,180,478,Left,0.0943,0.4433
1779055210.6631,195,445,Left,0.1018,0.4124
1779055210.7052,244,430,Left,0.1271,0.3982
1779055210.7616,323,383,Left,0.1685,0.3553
1779055210.7923,345,397,Left,0.1799,0.3677
1779055210.8246,351,438,Left,0.183,0.4058
1779055210.8488,342,481,Left,0.1786,0.4454
1779055210.8857,314,447,Left,0.1637,0.4146
1779055210.9112,293,455,Left,0.1529,0.422
1779055210.9486,298,415,Left,0.1555,0.3843
1779055211.0716,316,377,Left,0.1648,0.35
1779055211.1053,322,324,Left,0.168,0.3008
1779055211.1389,323,318,Left,0.1684,0.2949
1779055211.169,309,347,Left,0.1614,0.3221
1779055211.1987,304,367,Left,0.1584,0.3399
1779055211.2251,297,383,Left,0.1549,0.3555
1779055211.2513,251,415,Left,0.131,0.3846
1779055211.2833,246,454,Left,0.1285,0.4213
1779055211.3153,220,450,Left,0.1149,0.4168
1779055211.3487,203,453,Left,0.1061,0.4194
1779055211.3781,179,454,Left,0.0936,0.4211
1779055211.4108,217,436,Left,0.1134,0.4041
1779055211.4413,215,413,Left,0.1122,0.383
1779055211.4722,214,424,Left,0.1119,0.393
1779055211.6213,216,422,Left,0.1127,0.391
1779055211.7555,214,440,Left,0.1119,0.4083
1779055211.7782,204,497,Left,0.1067,0.4606
1779055211.805,211,566,Left,0.1102,0.5249
1779055211.8416,190,526,Left,0.099,0.4879
1779055211.8673,182,562,Left,0.095,0.5206
1779055211.8982,174,519,Left,0.0911,0.4814
1779055211.9265,174,497,Left,0.0908,0.4602
1779055211.957,166,452,Left,0.0869,0.4188
1779055211.9847,255,460,Left,0.133,0.4263
1779055212.016,293,419,Left,0.1527,0.3886
1779055212.0519,312,444,Left,0.1628,0.4113
1779055212.0797,336,429,Left,0.1752,0.3979
1779055212.1108,394,415,Left,0.2056,0.385
1779055212.16,391,417,Left,0.2039,0.3867
1779055212.1889,409,397,Left,0.2134,0.368
1779055212.3131,449,387,Left,0.2339,0.3589
1779055212.3466,469,360,Left,0.2447,0.3342
1779055212.3811,429,338,Left,0.2237,0.3132
1779055212.4088,399,298,Left,0.2079,0.2759
1779055212.4451,369,296,Left,0.1924,0.2746
1779055212.4741,340,215,Left,0.1775,0.1992
1779055212.5024,394,185,Left,0.2054,0.172
1779055212.5348,445,153,Left,0.2321,0.1419
1779055212.5633,398,120,Left,0.2076,0.112
1779055212.5955,355,103,Left,0.1852,0.0955
1779055212.6254,427,188,Left,0.2225,0.1741
1779055212.6567,363,238,Left,0.1894,0.2212
1779055212.6865,315,309,Left,0.1641,0.2867
1779055212.7207,380,360,Left,0.1983,0.334
1779055212.7498,472,353,Left,0.246,0.3278
1779055212.8772,459,320,Left,0.2396,0.2971
1779055212.9006,471,279,Left,0.2454,0.2587
1779055212.9265,437,236,Left,0.2278,0.2187
1779055212.9565,393,270,Left,0.2049,0.2501
1779055212.9828,375,283,Left,0.1955,0.2629
1779055213.0166,328,263,Left,0.171,0.244
1779055213.043,282,293,Left,0.1471,0.2714
1779055213.074,325,286,Left,0.1696,0.2653
1779055213.1065,322,255,Left,0.168,0.2362
1779055213.1373,263,242,Left,0.1373,0.2242
1779055213.1694,211,301,Left,0.1103,0.2792
1779055213.1998,169,309,Left,0.0883,0.2862
1779055213.2339,96,341,Left,0.05,0.3166
1779055213.2627,52,365,Left,0.0274,0.3384
1779055213.2937,22,402,Left,0.0116,0.3731
1779055213.4181,31,386,Left,0.0165,0.3576
1779055213.4547,31,393,Left,0.0165,0.3647
1779055213.4813,33,440,Left,0.0174,0.4079
1779055213.5387,43,487,Left,0.0229,0.4515
1779055213.5689,87,499,Left,0.0458,0.4626
1779055213.5998,123,512,Left,0.0642,0.4744
1779055213.6312,176,511,Left,0.0919,0.4732
1779055213.6638,216,419,Left,0.1125,0.3888
1779055213.6974,264,372,Left,0.1377,0.3452
1779055213.7261,274,362,Left,0.1428,0.3359
1779055213.7678,261,291,Left,0.1363,0.2702
1779055213.7922,276,250,Left,0.1442,0.2316
1779055213.8232,297,281,Left,0.1547,0.2602
1779055213.8554,296,286,Left,0.1544,0.2648
1779055213.8921,329,218,Left,0.1715,0.2025
1779055214.0281,356,225,Left,0.1857,0.2088
1779055214.0665,339,262,Left,0.177,0.2428
1779055214.1006,354,244,Left,0.1845,0.2262
1779055214.1497,367,206,Left,0.1916,0.1911
1779055214.1755,353,308,Left,0.1843,0.2852
1779055214.2121,320,394,Left,0.1671,0.3655
1779055214.2422,310,401,Left,0.1618,0.3713
1779055214.2771,286,449,Left,0.1492,0.4158
1779055214.3023,238,500,Left,0.124,0.4637
1779055214.3452,211,493,Left,0.1103,0.457
1779055214.38,229,474,Left,0.1195,0.4398
1779055214.4132,238,512,Left,0.1243,0.4742
1779055214.457,263,496,Left,0.1374,0.4596
1779055214.4868,319,468,Left,0.1666,0.4341
1779055214.5063,344,425,Left,0.1796,0.3941
1779055214.647,341,401,Left,0.178,0.3719
1779055214.6801,338,376,Left,0.1761,0.349
1779055214.7087,335,412,Left,0.1745,0.3815
1779055214.7742,323,455,Left,0.1686,0.4219
1779055214.7932,354,505,Left,0.1847,0.4678
1779055214.8124,396,573,Left,0.2065,0.5313
1779055214.8467,428,552,Left,0.2233,0.5112
1779055214.8746,424,542,Left,0.2209,0.502
1779055214.9075,422,529,Left,0.2201,0.4904
1779055214.9389,404,529,Left,0.2108,0.4905
1779055214.9815,360,505,Left,0.1878,0.468
1779055215.011,341,537,Left,0.1778,0.4973
1779055215.0349,356,519,Left,0.1858,0.4811
1779055215.0663,375,486,Left,0.1953,0.4505
1779055215.0953,320,460,Left,0.1668,0.4262
1779055215.2194,319,442,Left,0.1662,0.4096
1779055215.248,331,424,Left,0.1727,0.3931
1779055215.283,311,449,Left,0.1622,0.4163
1779055215.3132,285,517,Left,0.1487,0.479
1779055215.3466,343,557,Left,0.1791,0.5159
1779055215.374,370,591,Left,0.1929,0.5475
1779055215.4086,349,617,Left,0.1822,0.572
1779055215.4346,350,632,Left,0.1824,0.5858
1779055215.4584,364,627,Left,0.1899,0.5813
1779055215.4816,296,565,Left,0.1544,0.5239
1779055215.5114,226,507,Left,0.1182,0.4696
1779055215.542,175,446,Left,0.0912,0.4131
1779055215.569,137,425,Left,0.0717,0.3938
1779055215.5886,100,388,Left,0.0522,0.3595
1779055215.6179,221,401,Left,0.1155,0.3721
1779055215.7504,334,404,Left,0.1745,0.3742
1779055215.785,454,363,Left,0.2368,0.3361
1779055215.8134,496,305,Left,0.2587,0.2829
1779055215.8421,533,236,Left,0.2777,0.2188
1779055215.8781,454,208,Left,0.2368,0.1929
1779055215.9023,397,180,Left,0.207,0.1668
1779055215.9323,347,218,Left,0.1811,0.2025
1779055215.9633,325,227,Left,0.1697,0.2102
1779055216.0055,268,255,Left,0.1396,0.2363
1779055216.0322,205,264,Left,0.1071,0.2449
1779055216.0635,137,278,Left,0.0715,0.2578
1779055216.0974,94,248,Left,0.0493,0.23
1779055216.1261,115,229,Left,0.0604,0.2121
1779055216.1587,185,193,Left,0.0969,0.1792
1779055216.1898,277,134,Left,0.1446,0.1245
1779055216.3104,367,77,Left,0.1914,0.0721
1779055216.338,388,55,Left,0.2022,0.0511
1779055216.3732,421,18,Left,0.2193,0.0173
1779055216.4005,415,3,Left,0.2163,0.003
1779055216.433,381,50,Left,0.1986,0.0466
1779055216.4613,338,109,Left,0.1764,0.1017
1779055216.4821,392,146,Left,0.2042,0.1359
1779055216.5071,372,174,Left,0.1942,0.1619
1779055216.5378,348,187,Left,0.1816,0.1739
1779055216.5827,343,211,Left,0.1788,0.1957
1779055216.6139,374,162,Left,0.1952,0.1505
1779055216.6475,384,169,Left,0.2004,0.1571
1779055216.6778,359,206,Left,0.187,0.1916
1779055216.7085,368,228,Left,0.1918,0.2114
1779055216.7423,368,229,Left,0.1921,0.2127
1779055216.8705,363,269,Left,0.1895,0.2494
1779055216.9005,283,302,Left,0.1475,0.2798
1779055216.9455,288,328,Left,0.15,0.3039
1779055216.9739,286,386,Left,0.1492,0.3583
1779055217.01,286,387,Left,0.1491,0.3589
1779055217.0376,231,460,Left,0.1205,0.4259
1779055217.0642,269,518,Left,0.1403,0.4805
1779055217.1264,330,473,Left,0.1722,0.438
1779055217.1553,308,426,Left,0.1606,0.3947
1779055217.19,319,424,Left,0.1664,0.393
1779055217.3533,323,416,Left,0.1683,0.386
1779055217.383,290,368,Left,0.1514,0.3414
1779055217.4026,223,429,Left,0.1163,0.3978
1779055217.4362,229,491,Left,0.1196,0.4555
1779055217.5569,204,543,Left,0.1065,0.5036
1779055217.5911,229,538,Left,0.1198,0.4982
1779055217.6197,241,504,Left,0.1256,0.467
1779055217.6618,239,486,Left,0.1249,0.4503
1779055217.6863,248,461,Left,0.1294,0.4274
1779055217.7125,261,413,Left,0.1363,0.3828
1779055217.7454,282,369,Left,0.1473,0.342
1779055217.774,322,385,Left,0.1679,0.3568
1779055217.8069,339,354,Left,0.177,0.3279
1779055217.8487,337,380,Left,0.1758,0.3522
1779055217.8687,352,376,Left,0.1836,0.3486
1779055217.9158,372,412,Left,0.1941,0.3818
1779055217.9452,348,433,Left,0.1816,0.401
1779055217.9846,335,424,Left,0.1747,0.3933
1779055218.0074,352,399,Left,0.1836,0.3696
1779055218.1363,359,385,Left,0.187,0.3565
1779055218.1921,346,324,Left,0.1804,0.3001
1779055218.2372,370,292,Left,0.1929,0.2709
1779055218.2641,389,336,Left,0.2031,0.3111
1779055218.2973,406,335,Left,0.2119,0.3109
1779055218.3197,396,291,Left,0.2064,0.27
1779055218.3471,352,367,Left,0.1835,0.3403
1779055218.3704,287,366,Left,0.1499,0.3395
1779055218.4003,251,315,Left,0.1308,0.2918
1779055218.4294,234,272,Left,0.1222,0.2526
1779055218.4632,239,332,Left,0.1245,0.308
1779055218.4897,305,301,Left,0.1591,0.2795
1779055218.529,328,349,Left,0.1713,0.3234
1779055218.5588,401,391,Left,0.2092,0.363
1779055218.5899,413,443,Left,0.2152,0.4106
1779055218.7231,413,455,Left,0.2152,0.4217
1779055218.7585,406,456,Left,0.2118,0.4225
1779055218.9624,435,450,Left,0.2271,0.4174
1779055218.9909,382,485,Left,0.1992,0.4499
1779055219.0229,426,526,Left,0.2223,0.4878
1779055219.08,445,508,Left,0.2322,0.471
1779055219.1005,436,426,Left,0.2275,0.3945
1779055219.1297,450,415,Left,0.2346,0.3848
1779055219.1642,466,318,Left,0.2427,0.2945
1779055219.1945,449,267,Left,0.234,0.2474
1779055219.2287,495,251,Left,0.2579,0.2332
1779055219.2529,455,309,Left,0.2371,0.2862
1779055219.2848,405,311,Left,0.2114,0.2885
1779055219.3163,344,378,Left,0.1794,0.3502
1779055219.4644,245,381,Left,0.1277,0.3535
1779055219.5265,194,440,Left,0.1016,0.408
1779055219.5601,208,449,Left,0.1086,0.4159
1779055219.5922,198,414,Left,0.1033,0.3835
1779055219.6141,197,451,Left,0.1026,0.4185
1779055219.6422,186,495,Left,0.097,0.4586
1779055219.6738,117,514,Left,0.0611,0.4767
1779055219.7089,79,537,Left,0.0416,0.4981
1779055219.7357,81,575,Left,0.0425,0.5328
1779055220.0419,101,547,Left,0.0527,0.5068
1779055220.0687,123,503,Left,0.0645,0.4664
1779055220.1026,122,473,Left,0.0636,0.4383
1779055220.1655,114,512,Left,0.0598,0.4742
1779055220.191,83,567,Left,0.0433,0.5251
1779055220.2216,50,580,Left,0.0263,0.5375
1779055220.247,27,651,Left,0.0145,0.603
1779055220.2689,16,664,Left,0.0086,0.6149
1779055220.2976,0,683,Left,0.0,0.6329
1779055220.3279,0,636,Left,0.0,0.5897
1779055220.3612,0,619,Left,0.0,0.5739
1779055220.3922,0,579,Left,0.0,0.5366
1779055220.4231,0,602,Left,0.0,0.5576
1779055220.5672,11,548,Left,0.0061,0.5082
1779055220.5887,11,537,Left,0.0061,0.4973
1779055220.6169,11,529,Left,0.0061,0.4905
1779055220.6473,22,479,Left,0.0119,0.4436
1779055220.6818,22,445,Left,0.0119,0.4128
1779055220.7086,11,524,Left,0.0058,0.4855
1779055220.7411,11,520,Left,0.0058,0.4819
1779055220.7697,11,575,Left,0.0058,0.5324
1779055220.8039,0,635,Left,0.0,0.5888
1779055220.8309,0,658,Left,0.0,0.6102
1779055220.8623,0,618,Left,0.0,0.5727
1779055221.0153,0,715,Left,0.0,0.6626
1779055221.0466,0,721,Left,0.0,0.6681
1779055221.0763,0,711,Left,0.0,0.6591
1779055221.11,0,730,Left,0.0,0.6765
1779055221.2508,120,656,Left,0.0627,0.6083
1779055221.2813,195,532,Left,0.1018,0.4933
1779055221.3173,273,476,Left,0.1424,0.4409
1779055221.3488,359,483,Left,0.187,0.4481
1779055221.3781,437,388,Left,0.2278,0.3599
1779055221.4082,401,417,Left,0.2089,0.3865
1779055221.4412,413,419,Left,0.2155,0.3884
1779055221.4687,403,406,Left,0.2099,0.3767
1779055221.4988,345,406,Left,0.1798,0.376
1779055221.5359,296,450,Left,0.1545,0.4175
1779055221.5697,233,444,Left,0.1218,0.412
1779055221.6047,150,479,Left,0.0786,0.4437
1779055221.6387,113,510,Left,0.0589,0.4725
1779055221.6731,125,487,Left,0.0652,0.4514
1779055221.7011,156,499,Left,0.0814,0.4629
1779055221.8264,197,463,Left,0.1029,0.4293
1779055221.8614,238,441,Left,0.124,0.4086
1779055221.8973,270,407,Left,0.1409,0.3773
1779055221.9437,330,341,Left,0.1723,0.316
1779055221.9819,363,285,Left,0.1892,0.2641
1779055222.0113,386,288,Left,0.2012,0.2676
1779055222.0432,413,269,Left,0.2152,0.2495
1779055222.0759,427,233,Left,0.2224,0.2166
1779055222.1065,380,234,Left,0.1979,0.2169
1779055222.1384,346,217,Left,0.1806,0.2016
1779055222.1712,310,196,Left,0.1619,0.1818
1779055222.2,299,234,Left,0.1558,0.2175
1779055222.2312,283,282,Left,0.1479,0.2614
1779055222.2612,289,325,Left,0.1507,0.3009
1779055222.291,311,292,Left,0.1624,0.271
1779055222.4152,341,261,Left,0.178,0.2425
1779055222.4488,370,165,Left,0.1932,0.1533
1779055222.4787,394,78,Left,0.2053,0.073
1779055222.5166,394,78,Left,0.2053,0.073
1779055222.5501,394,78,Left,0.2053,0.073
1779055222.5739,394,78,Left,0.2053,0.073
1779055222.6175,394,78,Left,0.2053,0.073
1779055222.6458,394,78,Left,0.2053,0.073
1779055222.6901,394,78,Left,0.2053,0.073
1779055222.721,394,78,Left,0.2053,0.073
1779055222.757,394,78,Left,0.2053,0.073
1779055222.7847,394,78,Left,0.2053,0.073
1779055222.818,394,78,Left,0.2053,0.073
1779055222.8487,394,78,Left,0.2053,0.073
1779055222.8795,394,78,Left,0.2053,0.073
1779055222.9976,394,78,Left,0.2053,0.073
1779055223.0255,394,78,Left,0.2053,0.073
1779055223.0545,394,78,Left,0.2053,0.073
1779055223.0889,394,78,Left,0.2053,0.073
1779055223.1232,394,78,Left,0.2053,0.073
1779055223.149,394,78,Left,0.2053,0.073
1779055223.1812,426,53,Left,0.222,0.0498
1779055223.2124,429,53,Left,0.2238,0.0498
1779055223.2433,452,53,Left,0.2356,0.0498
1779055223.2761,455,53,Left,0.2372,0.0498
1779055223.303,455,53,Left,0.2372,0.0498
1779055223.3332,433,201,Left,0.2258,0.1862
1779055223.3655,374,304,Left,0.1948,0.2815
1779055223.3964,313,304,Left,0.1635,0.2815
1779055223.428,229,377,Left,0.1196,0.3494
1779055223.547,136,459,Left,0.0713,0.4255
1779055223.5763,74,342,Left,0.039,0.3168
1779055223.6281,43,277,Left,0.0228,0.2571
1779055223.6578,17,306,Left,0.0093,0.2838
1779055223.7023,28,233,Left,0.0148,0.2159
1779055223.742,43,150,Left,0.0225,0.1398
1779055223.7866,60,163,Left,0.0315,0.151
1779055223.8216,60,163,Left,0.0315,0.151
1779055223.8598,119,126,Left,0.0623,0.1172
1779055223.8797,197,97,Left,0.103,0.0905
1779055223.9144,245,97,Left,0.1279,0.0905
1779055223.943,292,97,Left,0.1521,0.0905
1779055223.9654,352,55,Left,0.1838,0.0515
1779055224.0055,393,0,Left,0.2048,0.0
1779055224.0398,416,98,Left,0.2168,0.0912
1779055224.1652,449,162,Left,0.2339,0.1507
1779055224.2165,421,239,Left,0.2193,0.2216
1779055224.2667,362,270,Left,0.1889,0.2505
1779055224.2919,290,364,Left,0.1514,0.3375
1779055224.3194,199,333,Left,0.1041,0.3087
1779055224.3635,112,356,Left,0.0585,0.3302
1779055224.394,78,340,Left,0.0411,0.315
1779055224.4242,59,387,Left,0.0309,0.3583
1779055224.4552,42,385,Left,0.0221,0.3571
1779055224.4764,73,429,Left,0.0383,0.3977
1779055224.5133,102,461,Left,0.0533,0.4269
1779055224.5356,164,497,Left,0.0856,0.4605
1779055224.5665,205,487,Left,0.1071,0.4515
1779055224.61,231,468,Left,0.1208,0.434
1779055224.6296,226,444,Left,0.1177,0.4117
1779055224.7456,216,411,Left,0.1129,0.3813
1779055224.7819,185,423,Left,0.0966,0.3917
1779055224.8113,159,468,Left,0.083,0.4336
1779055224.8432,131,498,Left,0.0686,0.4612
1779055224.8747,117,531,Left,0.0611,0.4923
1779055224.9048,94,541,Left,0.0494,0.5013
1779055224.9297,80,547,Left,0.0419,0.5072
1779055224.9661,79,550,Left,0.0412,0.5098
1779055224.994,78,556,Left,0.0408,0.5154
1779055225.0262,64,558,Left,0.0334,0.517
1779055225.0577,50,543,Left,0.0264,0.5031
1779055225.0988,72,520,Left,0.0376,0.4818
1779055225.1287,81,501,Left,0.0426,0.4644
1779055225.1714,111,511,Left,0.0583,0.4734
1779055225.2063,145,505,Left,0.0756,0.4682
1779055225.339,198,531,Left,0.1033,0.4919
1779055225.3689,205,503,Left,0.107,0.4663
1779055225.4001,217,494,Left,0.1133,0.4581
1779055225.4306,195,435,Left,0.1018,0.4036
1779055225.4568,162,420,Left,0.0845,0.3891
1779055225.4928,141,396,Left,0.0736,0.3667
1779055225.5498,135,387,Left,0.0706,0.359
1779055225.574,128,379,Left,0.0669,0.3511
1779055225.6145,147,394,Left,0.077,0.3652
1779055225.6475,172,360,Left,0.0896,0.3343
1779055225.6704,166,361,Left,0.0865,0.3347
1779055225.7002,161,395,Left,0.0839,0.3666
1779055225.729,159,425,Left,0.083,0.3939
1779055225.7611,165,426,Left,0.0861,0.3947
1779055225.805,188,456,Left,0.098,0.4223
1779055225.9389,203,459,Left,0.106,0.4254
1779055225.9704,224,471,Left,0.1168,0.4367
1779055225.9987,255,361,Left,0.1333,0.335
1779055226.0326,262,288,Left,0.1368,0.2674
1779055226.0623,249,246,Left,0.1301,0.228
1779055226.0865,229,228,Left,0.1194,0.2114
1779055226.1189,174,210,Left,0.0907,0.1947
1779055226.1474,125,306,Left,0.0654,0.284
1779055226.179,110,392,Left,0.0576,0.363
1779055226.2123,120,431,Left,0.0625,0.3995
1779055226.2421,121,444,Left,0.0635,0.4118
1779055226.279,122,470,Left,0.0639,0.4356
1779055226.3374,112,468,Left,0.0588,0.4336
1779055226.369,104,502,Left,0.0545,0.4657
1779055226.404,91,496,Left,0.0476,0.4598
1779055226.5158,111,505,Left,0.0578,0.4681
1779055226.5486,161,481,Left,0.0843,0.4462
1779055226.5791,211,465,Left,0.1101,0.4314
1779055226.6088,232,421,Left,0.1211,0.3906
1779055226.6396,239,403,Left,0.125,0.3732
1779055226.6689,244,367,Left,0.1274,0.3405
1779055226.6968,238,345,Left,0.124,0.3197
1779055226.7266,248,296,Left,0.1294,0.2746
1779055226.7564,267,218,Left,0.1393,0.2023
1779055226.7885,323,157,Left,0.1684,0.1463
1779055226.8215,360,154,Left,0.188,0.1426
1779055226.8432,393,90,Left,0.2051,0.084
1779055226.8665,358,130,Left,0.1865,0.1204
1779055226.8975,382,133,Left,0.1992,0.1237
1779055226.9307,367,190,Left,0.1913,0.1768
1779055227.0586,336,179,Left,0.1754,0.1658
1779055227.0898,336,179,Left,0.1754,0.1658
1779055227.1209,336,179,Left,0.1754,0.1658
1779055227.1502,385,179,Left,0.2006,0.1658
1779055227.183,552,110,Left,0.2876,0.1022
1779055227.2129,642,105,Left,0.3345,0.0977
1779055227.244,745,39,Left,0.3883,0.0365
1779055227.2732,888,0,Center,0.4627,0.0
1779055227.3041,961,0,Center,0.5005,0.0
1779055227.3332,944,0,Center,0.4918,0.0
1779055227.3656,944,0,Center,0.4918,0.0
1779055227.394,944,0,Center,0.4918,0.0
1779055227.4265,944,0,Center,0.4918,0.0
1779055227.4587,944,0,Center,0.4918,0.0
1779055227.4882,932,0,Center,0.4856,0.0
1779055227.6053,919,0,Center,0.479,0.0
1779055227.6373,899,0,Center,0.4684,0.0
1779055227.6704,886,0,Center,0.4615,0.0
1779055227.6986,895,0,Center,0.4662,0.0
1779055227.7314,895,0,Center,0.4662,0.0
1779055227.7583,896,0,Center,0.4671,0.0
1779055227.7813,922,0,Center,0.4806,0.0
1779055227.8052,919,0,Center,0.4788,0.0
1779055227.8337,925,0,Center,0.482,0.0
1779055227.8673,928,0,Center,0.4838,0.0
1779055227.899,928,0,Center,0.4838,0.0
1779055227.9288,928,0,Center,0.4838,0.0
1779055227.9604,928,0,Center,0.4838,0.0
1779055227.9943,943,0,Center,0.4913,0.0
1779055228.0216,926,0,Center,0.4827,0.0
1779055228.1521,940,0,Center,0.4897,0.0
1779055228.1899,922,0,Center,0.4805,0.0
1779055228.2318,927,0,Center,0.483,0.0
1779055228.2749,911,0,Center,0.475,0.0
1779055228.3062,909,0,Center,0.4737,0.0
1779055228.33,923,0,Center,0.481,0.0
1779055228.3611,958,0,Center,0.499,0.0
1779055228.3921,960,0,Center,0.5002,0.0
1779055228.4216,1000,0,Center,0.5213,0.0
1779055228.4533,1013,0,Center,0.5278,0.0
1779055228.4897,1015,0,Center,0.5289,0.0
1779055228.5214,1017,0,Center,0.5301,0.0
1779055228.5488,1017,0,Center,0.5301,0.0
1779055228.5778,1017,0,Center,0.5301,0.0
1779055228.6098,1019,0,Center,0.531,0.0
1779055228.7397,1006,0,Center,0.5242,0.0
1779055228.7721,1006,0,Center,0.5242,0.0
1779055228.821,1006,0,Center,0.5242,0.0
1779055228.8531,1006,0,Center,0.5242,0.0
1779055228.8832,1006,0,Center,0.5242,0.0
1779055228.9163,1006,0,Center,0.5242,0.0
1779055228.9489,1006,0,Center,0.5242,0.0
1779055228.9789,1006,0,Center,0.5242,0.0
1779055229.0099,1006,0,Center,0.5242,0.0
1779055229.0411,1006,0,Center,0.5242,0.0
1779055229.0753,1006,0,Center,0.5242,0.0
1779055229.1046,1006,0,Center,0.5242,0.0
1779055229.1358,1006,0,Center,0.5242,0.0
1779055229.1663,1006,0,Center,0.5242,0.0
1779055229.1974,1006,0,Center,0.5242,0.0
1779055229.3175,1006,0,Center,0.5242,0.0
1779055229.3589,1006,0,Center,0.5242,0.0
1779055229.3885,1006,0,Center,0.5242,0.0
1779055229.4189,1006,0,Center,0.5242,0.0
1779055229.4601,1006,0,Center,0.5242,0.0
1779055229.4931,996,0,Center,0.5188,0.0
1779055229.5239,996,0,Center,0.5188,0.0
1779055229.5555,996,0,Center,0.5188,0.0
1779055229.5858,996,0,Center,0.5188,0.0
1779055229.6174,996,0,Center,0.5188,0.0
1779055229.6502,996,0,Center,0.5188,0.0
1779055229.681,996,0,Center,0.5188,0.0
1779055229.7134,996,0,Center,0.5188,0.0
1779055229.7464,996,0,Center,0.5188,0.0
1779055229.7797,996,0,Center,0.5188,0.0
1779055229.8948,996,0,Center,0.5188,0.0
1779055229.9246,960,0,Center,0.5001,0.0
1779055229.9523,911,0,Center,0.475,0.0
1779055229.9908,911,0,Center,0.475,0.0
1779055230.0187,863,0,Center,0.4499,0.0
1779055230.0475,839,0,Center,0.4374,0.0
1779055230.0768,814,0,Center,0.4243,0.0
1779055230.1066,801,0,Center,0.4172,0.0
1779055230.136,784,0,Center,0.4088,0.0
1779055230.1689,783,0,Center,0.4082,0.0
1779055230.2005,766,0,Left,0.3994,0.0
1779055230.2329,747,0,Left,0.3894,0.0
1779055230.2653,747,0,Left,0.3892,0.0
1779055230.2944,740,0,Left,0.3859,0.0
1779055230.3353,749,0,Left,0.3902,0.0
1779055230.4875,749,0,Left,0.3902,0.0
1779055230.5172,673,56,Left,0.3507,0.0523
1779055230.5487,603,125,Left,0.3145,0.1163
1779055230.5847,509,138,Left,0.2652,0.1278
1779055230.6255,439,153,Left,0.2288,0.1422
1779055230.653,356,155,Left,0.1855,0.1439
1779055230.6836,349,130,Left,0.1821,0.1209
1779055230.7265,346,68,Left,0.1805,0.063
1779055230.7634,360,55,Left,0.188,0.0515
1779055230.7897,342,82,Left,0.1783,0.0762
1779055230.8278,336,114,Left,0.1752,0.1057
1779055230.8585,333,107,Left,0.1739,0.0995
1779055230.8839,335,122,Left,0.1745,0.1133
1779055230.9133,319,157,Left,0.1664,0.1456
1779055230.9508,333,147,Left,0.1735,0.1361
1779055231.093,330,145,Left,0.1723,0.1352
1779055231.1216,383,160,Left,0.1997,0.1487
1779055231.15,384,175,Left,0.2001,0.1624
1779055231.1824,389,163,Left,0.2027,0.1515
1779055231.2127,388,131,Left,0.2022,0.122
1779055231.2453,396,99,Left,0.2064,0.0918
1779055231.2737,349,65,Left,0.182,0.0605
1779055231.304,279,80,Left,0.1454,0.0745
1779055231.3356,211,131,Left,0.1104,0.1219
1779055231.3664,147,206,Left,0.0766,0.191
1779055231.3974,75,303,Left,0.0394,0.2811
1779055231.4262,0,370,Left,0.0,0.3426
1779055231.4588,0,404,Left,0.0,0.3746
1779055231.4888,0,408,Left,0.0,0.3779
1779055231.5189,0,410,Left,0.0,0.3805
1779055231.6524,0,388,Left,0.0,0.3594
1779055231.6812,40,363,Left,0.0211,0.3369
1779055231.7115,78,344,Left,0.0406,0.3188
1779055231.7387,78,354,Left,0.0406,0.328
1779055231.7755,89,393,Left,0.0465,0.364
1779055231.804,111,420,Left,0.0578,0.3893
1779055231.8319,70,440,Left,0.0368,0.4075
1779055231.8624,64,415,Left,0.0334,0.3849
1779055231.8912,90,405,Left,0.047,0.375
1779055231.9387,101,370,Left,0.0528,0.3428
1779055231.9704,79,364,Left,0.0415,0.3372
1779055232.0151,82,383,Left,0.043,0.3551
1779055232.0474,58,448,Left,0.0305,0.4148
1779055232.0782,32,387,Left,0.0169,0.3589
1779055232.1072,46,357,Left,0.0243,0.331
1779055232.2365,67,343,Left,0.0352,0.318
1779055232.2659,64,256,Left,0.0337,0.2374
1779055232.3024,57,177,Left,0.03,0.164
1779055232.3411,57,209,Left,0.03,0.1942
1779055232.3717,21,232,Left,0.0109,0.2152
1779055232.3998,0,243,Left,0.0,0.2255
1779055232.4348,0,304,Left,0.0,0.2817
1779055232.4623,0,322,Left,0.0,0.2985
1779055232.4953,0,367,Left,0.0,0.3406
1779055232.529,0,391,Left,0.0,0.3624
1779055232.561,0,391,Left,0.0,0.3621
1779055232.589,0,425,Left,0.0,0.3941
1779055232.6221,0,459,Left,0.0,0.4254
1779055232.6712,0,448,Left,0.0,0.4151
1779055232.6909,0,444,Left,0.0,0.4112
1779055232.8234,0,441,Left,0.0,0.4087
1779055232.8546,0,416,Left,0.0,0.3855
1779055232.8875,0,414,Left,0.0,0.3839
1779055232.9112,0,412,Left,0.0,0.382
1779055232.95,0,367,Left,0.0,0.34
1779055232.9777,0,313,Left,0.0,0.2902
1779055233.0086,0,268,Left,0.0,0.2484
1779055233.0396,0,224,Left,0.0,0.2078
1779055233.0748,0,189,Left,0.0,0.1759
1779055233.1023,0,200,Left,0.0,0.1857
1779055233.1348,5,240,Left,0.0031,0.2231
1779055233.1676,29,329,Left,0.0153,0.3048
1779055233.1975,84,410,Left,0.044,0.3803
1779055233.2266,112,433,Left,0.0585,0.4012
1779055233.2438,151,448,Left,0.0788,0.4157
1779055233.3565,173,442,Left,0.0906,0.4097
1779055233.3898,226,432,Left,0.1182,0.4003
1779055233.4176,237,406,Left,0.1234,0.3763
1779055233.4473,258,421,Left,0.1347,0.39
1779055233.4832,286,424,Left,0.149,0.3931
1779055233.511,288,459,Left,0.1503,0.4251
1779055233.5411,253,459,Left,0.1319,0.4256
1779055233.5749,193,483,Left,0.1009,0.4481
1779055233.6021,144,515,Left,0.0753,0.477
1779055233.6322,82,539,Left,0.0429,0.4994
1779055233.6625,68,508,Left,0.0359,0.4712
1779055233.6934,47,487,Left,0.0247,0.4515
1779055233.7243,78,444,Left,0.0409,0.4115
1779055233.7548,106,403,Left,0.0553,0.3736
1779055233.7873,130,377,Left,0.0678,0.3493
1779055233.8987,173,378,Left,0.0902,0.3506
1779055233.9331,221,374,Left,0.1152,0.3464
1779055233.9635,254,378,Left,0.1327,0.3505
1779055234.028,245,383,Left,0.128,0.3546
1779055234.0497,217,375,Left,0.1133,0.3481
1779055234.0829,174,395,Left,0.0911,0.3663
1779055234.1123,153,409,Left,0.08,0.3791
1779055234.1732,83,374,Left,0.0433,0.3469
1779055234.2074,79,380,Left,0.0412,0.3524
1779055234.2409,92,366,Left,0.0484,0.3392
1779055234.2749,99,379,Left,0.0518,0.3517
1779055234.3029,86,390,Left,0.0448,0.3612
1779055234.4633,105,438,Left,0.0552,0.4057
1779055234.4911,171,435,Left,0.0894,0.4029
1779055234.5188,195,503,Left,0.102,0.4667
1779055234.5854,236,467,Left,0.1232,0.4329
1779055234.6142,259,466,Left,0.1351,0.4322
1779055234.6439,299,443,Left,0.1559,0.4109
1779055234.6743,309,476,Left,0.161,0.4416
1779055234.7005,299,434,Left,0.156,0.4027
1779055234.7402,280,444,Left,0.1461,0.412
1779055234.8042,224,343,Left,0.117,0.3184
1779055234.8333,164,334,Left,0.0858,0.3094
1779055234.8663,91,228,Left,0.0478,0.2119
1779055234.9031,119,193,Left,0.0623,0.1791
1779055235.0164,89,140,Left,0.0466,0.1302
1779055235.0476,112,240,Left,0.0584,0.2229
1779055235.0772,112,233,Left,0.0584,0.216
1779055235.1099,107,334,Left,0.0561,0.3097
1779055235.1454,89,361,Left,0.0464,0.3345
1779055235.1716,89,378,Left,0.0466,0.3504
1779055235.1998,81,334,Left,0.0427,0.31
1779055235.2296,81,311,Left,0.0427,0.2881
1779055235.2499,80,244,Left,0.0417,0.2262
1779055235.2757,42,223,Left,0.0221,0.2068
1779055235.3089,66,258,Left,0.0346,0.2397
1779055235.3421,105,241,Left,0.0551,0.224
1779055235.3689,158,217,Left,0.0823,0.2015
1779055235.4,202,172,Left,0.1053,0.1602
1779055235.4457,272,144,Left,0.142,0.1338
1779055235.6795,266,62,Left,0.1389,0.058
1779055235.7073,324,74,Left,0.1689,0.0686
1779055235.7376,369,131,Left,0.1923,0.1219
1779055235.773,362,131,Left,0.1886,0.1219
1779055235.8024,331,108,Left,0.1728,0.1005
1779055235.8272,413,120,Left,0.2153,0.1116
1779055235.8575,406,69,Left,0.2117,0.0644
1779055235.8881,368,12,Left,0.1918,0.0111
1779055235.9162,380,16,Left,0.198,0.0149
1779055235.9355,417,16,Left,0.2175,0.0149
1779055235.9665,374,16,Left,0.195,0.0151
1779055235.9966,337,58,Left,0.1757,0.0546
1779055236.0172,349,58,Left,0.182,0.0546
1779055236.0456,379,54,Left,0.1979,0.0508
1779055236.0781,364,60,Left,0.19,0.0558
1779055236.2032,351,48,Left,0.183,0.0444
1779055236.2327,320,10,Left,0.1668,0.0093
1779055236.2671,290,21,Left,0.1515,0.0197
1779055236.2989,248,74,Left,0.1295,0.069
1779055236.3297,228,69,Left,0.119,0.064
1779055236.3565,219,71,Left,0.1143,0.0658
1779055236.3887,245,66,Left,0.1277,0.0614
1779055236.4187,238,92,Left,0.1243,0.0861
1779055236.4499,205,96,Left,0.1071,0.0893
1779055236.479,163,157,Left,0.0851,0.1456
1779055236.5099,114,224,Left,0.0597,0.2078
1779055236.5396,52,298,Left,0.0272,0.2762
1779055236.5721,27,344,Left,0.0145,0.3194
1779055236.6084,33,337,Left,0.0175,0.3122
1779055236.6331,84,334,Left,0.0438,0.3095
1779055236.7664,101,291,Left,0.0529,0.2699
1779055236.7952,101,261,Left,0.0527,0.2422
1779055236.8257,90,235,Left,0.0472,0.2184
1779055236.857,69,273,Left,0.0364,0.2533
1779055236.8888,19,317,Left,0.0101,0.2942
1779055236.9132,0,380,Left,0.0,0.3525
1779055236.9432,0,432,Left,0.0,0.4008
1779055236.9731,0,461,Left,0.0,0.4269
1779055237.0074,0,434,Left,0.0,0.4027
1779055237.0399,7,439,Left,0.0041,0.4069
1779055237.0675,44,455,Left,0.0232,0.4216
1779055237.1011,49,413,Left,0.0256,0.3831
1779055237.1348,57,388,Left,0.0299,0.3597
1779055237.1673,82,412,Left,0.043,0.3815
1779055237.2013,74,409,Left,0.0389,0.3795
1779055237.3189,38,423,Left,0.0199,0.3926
1779055237.3499,37,478,Left,0.0194,0.4432
1779055237.3847,35,497,Left,0.0184,0.461
1779055237.4169,21,483,Left,0.0112,0.4477
1779055237.4451,35,454,Left,0.0187,0.4206
1779055237.4733,50,420,Left,0.0261,0.3891
1779055237.5011,46,387,Left,0.0241,0.3589
1779055237.531,39,351,Left,0.0208,0.3254
1779055237.5612,43,368,Left,0.0229,0.3414
1779055237.5913,50,354,Left,0.0262,0.3284
1779055237.6218,52,333,Left,0.0274,0.3087
1779055237.6522,90,318,Left,0.047,0.2951
1779055237.683,119,344,Left,0.0621,0.3189
1779055237.7132,160,327,Left,0.0836,0.3035
1779055237.7315,187,338,Left,0.0974,0.3139
1779055237.8625,234,343,Left,0.1221,0.3185
1779055237.8942,249,347,Left,0.13,0.3216
1779055237.9215,290,337,Left,0.1515,0.3129
1779055237.952,263,329,Left,0.1374,0.305
1779055237.9854,260,317,Left,0.1359,0.2937
1779055238.0132,245,285,Left,0.1276,0.2644
1779055238.0439,245,320,Left,0.1281,0.2965
1779055238.0742,236,323,Left,0.1231,0.2991
1779055238.0974,259,305,Left,0.1352,0.2826
1779055238.1212,280,337,Left,0.1462,0.3121
1779055238.273,297,372,Left,0.155,0.3447
1779055238.2911,300,318,Left,0.1566,0.295
1779055238.341,316,323,Left,0.1647,0.2998
1779055238.3713,345,352,Left,0.1802,0.3268
1779055238.4139,347,332,Left,0.1812,0.3082
1779055238.5348,348,328,Left,0.1813,0.3042
1779055238.5635,346,336,Left,0.1804,0.3113
1779055238.5957,328,301,Left,0.1711,0.2792
1779055238.629,310,323,Left,0.1616,0.2999
1779055238.6588,306,342,Left,0.1595,0.3171
1779055238.6874,304,352,Left,0.1584,0.326
1779055238.7715,313,380,Left,0.1632,0.3522
1779055238.7936,322,428,Left,0.1678,0.3967
1779055238.8266,307,413,Left,0.1603,0.3826
1779055238.8438,297,401,Left,0.155,0.3715
1779055238.8722,264,403,Left,0.1379,0.3736
1779055238.9044,232,399,Left,0.1213,0.3703
1779055238.9384,198,392,Left,0.1036,0.3632
1779055238.9679,181,391,Left,0.0947,0.3626
1779055238.997,197,396,Left,0.103,0.3667
1779055239.1095,239,399,Left,0.1245,0.3698
1779055239.1452,264,401,Left,0.1376,0.3717
1779055239.1788,284,411,Left,0.1483,0.3813
1779055239.2063,317,413,Left,0.1654,0.383
1779055239.236,314,405,Left,0.1637,0.3753
1779055239.2664,308,392,Left,0.1606,0.363
1779055239.2951,314,380,Left,0.164,0.3525
1779055239.3243,326,359,Left,0.1701,0.3325
1779055239.3544,328,338,Left,0.171,0.3137
1779055239.3732,326,323,Left,0.1699,0.2997
1779055239.4032,324,319,Left,0.1691,0.2957
1779055239.4319,327,315,Left,0.1705,0.292
1779055239.4643,308,317,Left,0.1609,0.2938
1779055239.4974,308,318,Left,0.1608,0.2949
1779055239.5245,294,315,Left,0.1534,0.2924
1779055239.6411,267,307,Left,0.1395,0.285
1779055239.6715,213,335,Left,0.1112,0.3105
1779055239.7013,184,378,Left,0.0962,0.3508
1779055239.7332,136,368,Left,0.0712,0.341
1779055239.7625,108,363,Left,0.0567,0.3364
1779055239.793,103,424,Left,0.0537,0.3932
1779055239.8233,126,439,Left,0.0661,0.4066
1779055239.8551,151,440,Left,0.0787,0.4077
1779055239.8859,203,492,Left,0.1061,0.4557
1779055239.9188,253,537,Left,0.1321,0.4977
1779055239.9502,294,518,Left,0.1535,0.4797
1779055239.9819,328,506,Left,0.1708,0.469
1779055240.0141,368,490,Left,0.1917,0.4543
1779055240.049,386,476,Left,0.2014,0.4414
1779055240.0778,387,462,Left,0.2018,0.4279
1779055240.203,380,439,Left,0.1981,0.4073
1779055240.2332,403,395,Left,0.2102,0.3659
1779055240.266,386,346,Left,0.2014,0.3206
1779055240.293,385,343,Left,0.2009,0.3183
1779055240.3278,389,336,Left,0.2029,0.3112
1779055240.3545,388,356,Left,0.2025,0.3298
1779055240.3878,349,365,Left,0.1822,0.3388
1779055240.4091,316,433,Left,0.1648,0.4013
1779055240.4339,260,421,Left,0.1358,0.3901
1779055240.4613,235,413,Left,0.1227,0.3826
1779055240.4921,252,363,Left,0.1315,0.3368
1779055240.521,252,412,Left,0.1316,0.382
1779055240.5486,295,343,Left,0.1537,0.318
1779055240.5808,305,373,Left,0.1592,0.3454
1779055240.6113,301,351,Left,0.157,0.3255
1779055240.7455,257,351,Left,0.1343,0.3256
1779055240.774,270,309,Left,0.141,0.2869
1779055240.8043,242,347,Left,0.1264,0.3218
1779055240.8356,278,333,Left,0.1451,0.3087
1779055240.8705,305,389,Left,0.1592,0.361
1779055240.8988,351,382,Left,0.183,0.3545
1779055240.9307,372,383,Left,0.1939,0.3549
1779055240.9738,372,368,Left,0.1941,0.3412
1779055241.0067,344,357,Left,0.1792,0.331
1779055241.0368,325,336,Left,0.1696,0.3112
1779055241.0663,299,377,Left,0.1561,0.3498
1779055241.1054,273,384,Left,0.1424,0.356
1779055241.1357,274,387,Left,0.1427,0.3591
1779055241.1673,268,357,Left,0.1399,0.3314
1779055241.1974,256,375,Left,0.1334,0.3481
1779055241.3364,246,374,Left,0.1283,0.3471
1779055241.53,238,359,Left,0.1243,0.3333
1779055241.5509,243,352,Left,0.1271,0.3264
1779055241.5888,266,367,Left,0.1388,0.3404
1779055241.6191,255,336,Left,0.1331,0.3113
1779055241.6427,242,316,Left,0.1261,0.2934
1779055241.6728,228,318,Left,0.1192,0.2945
1779055241.6953,217,361,Left,0.1134,0.3349
1779055241.719,198,400,Left,0.1034,0.3704
1779055241.7489,227,426,Left,0.1184,0.3954
1779055241.7672,260,457,Left,0.1356,0.424
1779055241.7987,292,484,Left,0.1522,0.449
1779055241.8281,286,457,Left,0.1493,0.424
1779055241.8545,287,433,Left,0.1497,0.4015
1779055241.8858,279,417,Left,0.1454,0.3867
1779055242.0068,269,408,Left,0.1402,0.3781
1779055242.0366,224,406,Left,0.1168,0.3762
1779055242.0674,216,417,Left,0.113,0.3862
1779055242.1002,195,420,Left,0.1017,0.3896
1779055242.132,170,417,Left,0.0889,0.3866
1779055242.1596,143,406,Left,0.0746,0.3766
1779055242.1865,151,387,Left,0.0789,0.3584
1779055242.2166,165,362,Left,0.0861,0.3355
1779055242.2476,182,335,Left,0.0952,0.3105
1779055242.2772,211,305,Left,0.1099,0.2832
1779055242.3083,225,341,Left,0.1175,0.3163
1779055242.3392,233,384,Left,0.1219,0.356
1779055242.3734,230,422,Left,0.12,0.3914
1779055242.3998,221,465,Left,0.1155,0.4309
1779055242.433,211,510,Left,0.11,0.4725
1779055242.561,211,488,Left,0.1103,0.4524
1779055242.5921,239,459,Left,0.125,0.425
1779055242.6214,237,434,Left,0.1235,0.4026
1779055242.6451,254,418,Left,0.1326,0.3874
1779055242.6744,258,407,Left,0.1349,0.3775
1779055242.7042,239,400,Left,0.1249,0.3706
1779055242.7348,242,395,Left,0.1264,0.3664
1779055242.77,272,403,Left,0.1417,0.3735
1779055242.7998,272,406,Left,0.1419,0.3761
1779055242.8328,294,403,Left,0.1535,0.374
1779055242.863,322,403,Left,0.1678,0.3734
1779055242.9116,275,412,Left,0.1437,0.3817
1779055242.9419,254,394,Left,0.1328,0.3657
1779055242.9744,222,410,Left,0.1157,0.3798
1779055243.0073,178,398,Left,0.0931,0.3687
1779055243.1348,134,370,Left,0.0699,0.3428
1779055243.1685,135,380,Left,0.0706,0.3524
1779055243.1985,126,400,Left,0.0656,0.3709
1779055243.2347,144,370,Left,0.0751,0.343
1779055243.2614,149,364,Left,0.0779,0.3371
1779055243.3011,198,374,Left,0.1034,0.3463
1779055243.3198,240,342,Left,0.1252,0.3171
1779055243.343,235,328,Left,0.1226,0.3042
1779055243.3666,227,337,Left,0.1185,0.3122
1779055243.4022,241,372,Left,0.1258,0.3447
1779055243.4422,215,416,Left,0.1123,0.3852
1779055243.4639,182,405,Left,0.0952,0.3755
1779055243.4984,176,383,Left,0.0922,0.3553
1779055243.5151,199,332,Left,0.1037,0.3079
1779055243.5414,220,265,Left,0.1146,0.2458
1779055243.6711,224,180,Left,0.1172,0.1672
1779055243.6988,213,215,Left,0.1114,0.2
1779055243.7319,223,248,Left,0.1164,0.2298
1779055243.7643,197,302,Left,0.1029,0.28
1779055243.7972,154,356,Left,0.0807,0.3304
1779055243.8229,187,409,Left,0.0978,0.3791
1779055243.8512,205,393,Left,0.107,0.3642
1779055243.8898,239,353,Left,0.1249,0.3271
1779055243.9142,273,306,Left,0.1422,0.2841
1779055243.9454,310,328,Left,0.1617,0.3038
1779055243.9785,307,355,Left,0.1602,0.3289
1779055244.0063,328,383,Left,0.1712,0.3546
1779055244.0398,312,428,Left,0.163,0.3965
1779055244.0697,303,482,Left,0.1582,0.447
1779055244.1002,265,469,Left,0.1382,0.435
1779055244.2098,232,441,Left,0.1209,0.4087
1779055244.2443,225,418,Left,0.1176,0.3874
1779055244.2772,236,402,Left,0.1233,0.373
1779055244.3053,248,388,Left,0.1296,0.3602
1779055244.3443,288,368,Left,0.1505,0.3416
1779055244.3768,321,365,Left,0.1674,0.3381
1779055244.41,328,407,Left,0.171,0.3771
1779055244.4433,337,449,Left,0.1756,0.416
1779055244.4732,322,492,Left,0.1677,0.4556
1779055244.5071,308,539,Left,0.1606,0.4998
1779055244.5349,294,581,Left,0.1536,0.5386
1779055244.565,285,569,Left,0.1487,0.527
1779055244.5954,256,547,Left,0.1337,0.5072
1779055244.6231,257,525,Left,0.1339,0.4867
1779055244.6762,259,505,Left,0.135,0.4681
1779055244.799,260,478,Left,0.1358,0.443
1779055244.8295,253,453,Left,0.1319,0.4195
